punteggio,prestazione,atleta,anno,categoria,società,posizione,luogo,data,link_atleta,link_società
631,46.79,PIAZZA Pierdomenico,1959,SM45,ANA ATL.FELTRE,3 su- 1,Treviso,2007-05-06,https://www.fidal.it/atleta/PIAZZA-Pierdomenico/eKiRkpiga2o%3D,https://www.fidal.it/societa/ANA-ATL-FELTRE/BL012
631,46.73,DE MARTINI Alessandro,1997,JM,ANA ATL.FELTRE,11 su- 1,Vicenza,2016-05-07,https://www.fidal.it/atleta/DE-MARTINI-Alessandro/eKmRlJSkaGg%3D,https://www.fidal.it/societa/ANA-ATL-FELTRE/BL012
627,46.46,DE MARTINI Alessandro,1997,JM,ANA ATL.FELTRE,15 su- 1,Agordo,2016-05-21,https://www.fidal.it/atleta/DE-MARTINI-Alessandro/eKmRlJSkaGg%3D,https://www.fidal.it/societa/ANA-ATL-FELTRE/BL012
623,46.2,PIAZZA Pierdomenico,1959,SM45,ANA ATL.FELTRE,5 su- 1,Milano,2007-06-30,https://www.fidal.it/atleta/PIAZZA-Pierdomenico/eKiRkpiga2o%3D,https://www.fidal.it/societa/ANA-ATL-FELTRE/BL012
621,46.05,TREVISAN David,1994,JM,ANA ATL.FELTRE,3 su- 1,Rovereto,2012-06-29,https://www.fidal.it/atleta/TREVISAN-David/eKmRlJSlaGk%3D,https://www.fidal.it/societa/ANA-ATL-FELTRE/BL012
608,45.14,PIAZZA Pierdomenico,1959,SM45,ANA ATL.FELTRE,7 qu- 2,Riccione,2007-09-10,https://www.fidal.it/atleta/PIAZZA-Pierdomenico/eKiRkpiga2o%3D,https://www.fidal.it/societa/ANA-ATL-FELTRE/BL012
600,44.59,PIAZZA Pierdomenico,1959,SM45,ANA ATL.FELTRE,2 su- 1,San Giovanni Lupatoto,2007-05-26,https://www.fidal.it/atleta/PIAZZA-Pierdomenico/eKiRkpiga2o%3D,https://www.fidal.it/societa/ANA-ATL-FELTRE/BL012
595,44.22,PIAZZA Pierdomenico,1959,SM45,ANA ATL.FELTRE,6 su- 1,Mogliano Veneto,2007-07-10,https://www.fidal.it/atleta/PIAZZA-Pierdomenico/eKiRkpiga2o%3D,https://www.fidal.it/societa/ANA-ATL-FELTRE/BL012
595,44.23,DE MARTINI Alessandro,1997,JM,ANA ATL.FELTRE,3 su- 1,Caorle,2016-05-28,https://www.fidal.it/atleta/DE-MARTINI-Alessandro/eKmRlJSkaGg%3D,https://www.fidal.it/societa/ANA-ATL-FELTRE/BL012
580,43.13,DE MARTINI Alessandro,1997,JM,ANA ATL.FELTRE,5 su- 1,Bovolone,2016-06-04,https://www.fidal.it/atleta/DE-MARTINI-Alessandro/eKmRlJSkaGg%3D,https://www.fidal.it/societa/ANA-ATL-FELTRE/BL012
562,41.82,TREVISAN David,1994,AM,ANA ATL.FELTRE,19 su- 1,Marcon,2011-05-14,https://www.fidal.it/atleta/TREVISAN-David/eKmRlJSlaGk%3D,https://www.fidal.it/societa/ANA-ATL-FELTRE/BL012
554,41.29,DE MARTINI Alessandro,1997,AM,ANA ATL.FELTRE,6 su- 1,Trento,2014-09-17,https://www.fidal.it/atleta/DE-MARTINI-Alessandro/eKmRlJSkaGg%3D,https://www.fidal.it/societa/ANA-ATL-FELTRE/BL012
542,40.41,SCOPEL Nicola,2008,AM,ANA ATL.FELTRE,10 se- 1,Montebelluna,2024-07-18,https://www.fidal.it/atleta/SCOPEL-Nicola/eKmRlJeocGY%3D,https://www.fidal.it/societa/ANA-ATL-FELTRE/BL012
535,39.9,TOIGO Robin,1992,PM,ANA ATL.FELTRE,9 su- 1,Conegliano,2014-06-20,https://www.fidal.it/atleta/TOIGO-Robin/eKmRlJKoaGM%3D,https://www.fidal.it/societa/ANA-ATL-FELTRE/BL012
529,39.49,TOIGO Robin,1992,PM,ANA ATL.FELTRE,14 su- 1,Bassano Del Grappa,2014-06-28,https://www.fidal.it/atleta/TOIGO-Robin/eKmRlJKoaGM%3D,https://www.fidal.it/societa/ANA-ATL-FELTRE/BL012
528,39.44,DE MARTINI Alessandro,1997,AM,ANA ATL.FELTRE,10 su- 1,Conegliano,2014-06-20,https://www.fidal.it/atleta/DE-MARTINI-Alessandro/eKmRlJSkaGg%3D,https://www.fidal.it/societa/ANA-ATL-FELTRE/BL012
527,39.34,SCOPEL Nicola,2008,AM,ANA ATL.FELTRE,13 su- 1,Bassano Del Grappa,2024-09-07,https://www.fidal.it/atleta/SCOPEL-Nicola/eKmRlJeocGY%3D,https://www.fidal.it/societa/ANA-ATL-FELTRE/BL012
504,37.72,SCOPEL Nicola,2008,AM,ANA ATL.FELTRE,11 se- 1,Caorle,2024-05-25,https://www.fidal.it/atleta/SCOPEL-Nicola/eKmRlJeocGY%3D,https://www.fidal.it/societa/ANA-ATL-FELTRE/BL012
488,36.6,DALLA CORTE Matteo,2001,PM,ANA ATL.FELTRE,3 su- 1,Lana,2022-09-04,https://www.fidal.it/atleta/DALLA-CORTE-Matteo/eKmRlJWmaWo%3D,https://www.fidal.it/societa/ANA-ATL-FELTRE/BL012
483,36.19,TOIGO Robin,1992,SM,ANA ATL.FELTRE,26 su- 1,Rovigo,2015-06-06,https://www.fidal.it/atleta/TOIGO-Robin/eKmRlJKoaGM%3D,https://www.fidal.it/societa/ANA-ATL-FELTRE/BL012
481,36.07,DE MARTINI Alessandro,1997,AM,ANA ATL.FELTRE,17 su- 1,Bassano Del Grappa,2014-06-28,https://www.fidal.it/atleta/DE-MARTINI-Alessandro/eKmRlJSkaGg%3D,https://www.fidal.it/societa/ANA-ATL-FELTRE/BL012
478,35.86,DE MARTINI Alessandro,1997,AM,ANA ATL.FELTRE,9 se- 1,Vicenza,2014-05-10,https://www.fidal.it/atleta/DE-MARTINI-Alessandro/eKmRlJSkaGg%3D,https://www.fidal.it/societa/ANA-ATL-FELTRE/BL012
478,35.88,DALLA CORTE Matteo,2001,PM,ANA ATL.FELTRE,7 su- 1,Bovolone,2023-04-30,https://www.fidal.it/atleta/DALLA-CORTE-Matteo/eKmRlJWmaWo%3D,https://www.fidal.it/societa/ANA-ATL-FELTRE/BL012
477,35.78,DE MARTINI Alessandro,1997,JM,ANA ATL.FELTRE,16 su- 1,Padova,2016-04-25,https://www.fidal.it/atleta/DE-MARTINI-Alessandro/eKmRlJSkaGg%3D,https://www.fidal.it/societa/ANA-ATL-FELTRE/BL012
475,35.63,BERTOLDIN Davide,2001,JM,ANA ATL.FELTRE,23 su- 1,San Biagio Di Callalta,2019-05-11,https://www.fidal.it/atleta/BERTOLDIN-Davide/eKmRlJSfb2U%3D,https://www.fidal.it/societa/ANA-ATL-FELTRE/BL012
472,35.44,DALLA CORTE Matteo,2001,SM,ANA ATL.FELTRE,12 se- 1,Caorle,2024-05-25,https://www.fidal.it/atleta/DALLA-CORTE-Matteo/eKmRlJWmaWo%3D,https://www.fidal.it/societa/ANA-ATL-FELTRE/BL012
438,33.03,CORSO Lorenzo,1999,JM,ANA ATL.FELTRE,24 su- 1,Bussolengo,2018-05-26,https://www.fidal.it/atleta/CORSO-Lorenzo/eKmRlJWkbWc%3D,https://www.fidal.it/societa/ANA-ATL-FELTRE/BL012
422,31.9,DALLA CORTE Matteo,2001,PM,ANA ATL.FELTRE,2 su- 1,Alpago,2021-10-16,https://www.fidal.it/atleta/DALLA-CORTE-Matteo/eKmRlJWmaWo%3D,https://www.fidal.it/societa/ANA-ATL-FELTRE/BL012
420,31.74,BERTOLDIN Davide,2001,AM,ANA ATL.FELTRE,23 su- 1,Bussolengo,2017-05-06,https://www.fidal.it/atleta/BERTOLDIN-Davide/eKmRlJSfb2U%3D,https://www.fidal.it/societa/ANA-ATL-FELTRE/BL012
420,31.74,DOGLIONI Giorgio,1996,SM,ANA ATL.FELTRE,7 su- 1,Trento,2019-10-12,https://www.fidal.it/atleta/DOGLIONI-Giorgio/eKmRlJSgaGU%3D,https://www.fidal.it/societa/ANA-ATL-FELTRE/BL012
416,31.44,DE MARTINI Alessandro,1997,AM,ANA ATL.FELTRE,17 su- 1,Vedelago,2013-06-29,https://www.fidal.it/atleta/DE-MARTINI-Alessandro/eKmRlJSkaGg%3D,https://www.fidal.it/societa/ANA-ATL-FELTRE/BL012
413,31.25,CORSO Lorenzo,1999,SM,ANA ATL.FELTRE,22 su- 1,Padova,2022-05-14,https://www.fidal.it/atleta/CORSO-Lorenzo/eKmRlJWkbWc%3D,https://www.fidal.it/societa/ANA-ATL-FELTRE/BL012
411,31.1,DA COL Fabio,1993,JM,ANA ATL.FELTRE,28 su- 1,Marcon,2011-05-14,https://www.fidal.it/atleta/DA-COL-Fabio/eKmRlJSoaWc%3D,https://www.fidal.it/societa/ANA-ATL-FELTRE/BL012
403,30.54,DALLA CORTE Matteo,2001,SM,ANA ATL.FELTRE,7 su- 1,Bovolone,2024-05-05,https://www.fidal.it/atleta/DALLA-CORTE-Matteo/eKmRlJWmaWo%3D,https://www.fidal.it/societa/ANA-ATL-FELTRE/BL012
366,27.87,DALLA CORTE Matteo,2001,PM,ANA ATL.FELTRE,7 su- 1,Lana,2022-04-24,https://www.fidal.it/atleta/DALLA-CORTE-Matteo/eKmRlJWmaWo%3D,https://www.fidal.it/societa/ANA-ATL-FELTRE/BL012
362,27.56,DALLA CORTE Matteo,2001,PM,ANA ATL.FELTRE,29 su- 1,Padova,2022-05-01,https://www.fidal.it/atleta/DALLA-CORTE-Matteo/eKmRlJWmaWo%3D,https://www.fidal.it/societa/ANA-ATL-FELTRE/BL012
358,27.32,DOGLIONI Giorgio,1996,AM,ANA ATL.FELTRE,26 su- 1,Marcon,2013-05-11,https://www.fidal.it/atleta/DOGLIONI-Giorgio/eKmRlJSgaGU%3D,https://www.fidal.it/societa/ANA-ATL-FELTRE/BL012
330,25.3,BARP Andrea,1971,SM40,ANA ATL.FELTRE,25 su- 1,Marcon,2015-05-09,https://www.fidal.it/atleta/BARP-Andrea/eKiRlJmfa2g%3D,https://www.fidal.it/societa/ANA-ATL-FELTRE/BL012
