punteggio,prestazione,atleta,anno,categoria,società,posizione,luogo,data,link_atleta,link_società
721,48.85,QUINTARELLI Marco,1973,SM45,ANA ATL.FELTRE,7 su- 1,Vicenza,2019-06-02,https://www.fidal.it/atleta/QUINTARELLI-Marco/eKiRkpKlamo%3D,https://www.fidal.it/societa/ANA-ATL-FELTRE/BL012
643,43.74,QUINTARELLI Marco,1973,SM45,ANA ATL.FELTRE,1 se- 2,San Biagio Di Callalta,2019-07-20,https://www.fidal.it/atleta/QUINTARELLI-Marco/eKiRkpKlamo%3D,https://www.fidal.it/societa/ANA-ATL-FELTRE/BL012
573,39.14,MARRONE Sebastiano,1996,AM,ANA ATL.FELTRE,11 su- 1,Marcon,2013-05-12,https://www.fidal.it/atleta/MARRONE-Sebastiano/eK2RkpWiamY%3D,https://www.fidal.it/societa/ANA-ATL-FELTRE/BL012
519,35.66,MARRONE Sebastiano,1996,AM,ANA ATL.FELTRE,11 su- 1,Vicenza,2012-05-20,https://www.fidal.it/atleta/MARRONE-Sebastiano/eK2RkpWiamY%3D,https://www.fidal.it/societa/ANA-ATL-FELTRE/BL012
310,21.95,DOGLIONI Giorgio,1996,SM,ANA ATL.FELTRE,8 su- 1,Trento,2019-10-12,https://www.fidal.it/atleta/DOGLIONI-Giorgio/eKmRlJSgaGU%3D,https://www.fidal.it/societa/ANA-ATL-FELTRE/BL012
192,14.18,DE MARTINI Alessandro,1997,JM,ANA ATL.FELTRE,7 su- 1,Agordo,2016-05-22,https://www.fidal.it/atleta/DE-MARTINI-Alessandro/eKmRlJSkaGg%3D,https://www.fidal.it/societa/ANA-ATL-FELTRE/BL012
