punteggio,prestazione,tempo,cronometraggio,atleta,anno,categoria,società,posizione,luogo,data,link_atleta,link_società
,44.11,44.11,e,TIREL Enrico,1993,CM,ANA ATL.FELTRE,2 se- 2,Verona,2007-06-02,https://www.fidal.it/atleta/TIREL-Enrico/eKmRlJOjaGg%3D,https://www.fidal.it/societa/ANA-ATL-FELTRE/BL012
,45.75,45.75,e,PELLIN Alan,1992,CM,ANA ATL.FELTRE,4 se- 2,Verona,2007-06-02,https://www.fidal.it/atleta/PELLIN-Alan/eKmRlJOoaGg%3D,https://www.fidal.it/societa/ANA-ATL-FELTRE/BL012
,46.85,46.6,m,TIREL Enrico,1993,CM,ANA ATL.FELTRE,1 se- 1,Longarone,2007-05-12,https://www.fidal.it/atleta/TIREL-Enrico/eKmRlJOjaGg%3D,https://www.fidal.it/societa/ANA-ATL-FELTRE/BL012
,52.25,52.0,m,FACCHIN Alessia,1993,CF,ANA ATL.FELTRE,1 se- 1,Longarone,2007-05-12,https://www.fidal.it/atleta/FACCHIN-Alessia/eKmRlJKna2g%3D,https://www.fidal.it/societa/ANA-ATL-FELTRE/BL012
,53.61,53.61,e,REDETTI Lisa,1993,CF,ANA ATL.FELTRE,4 se- 2,Verona,2007-06-02,https://www.fidal.it/atleta/REDETTI-Lisa/eKmRlJKlamk%3D,https://www.fidal.it/societa/ANA-ATL-FELTRE/BL012
,54.85,54.6,m,REDETTI Lisa,1993,CF,ANA ATL.FELTRE,3 se- 1,Longarone,2007-05-12,https://www.fidal.it/atleta/REDETTI-Lisa/eKmRlJKlamk%3D,https://www.fidal.it/societa/ANA-ATL-FELTRE/BL012
,54.82,54.82,e,ZATTA Alessia,1993,CF,ANA ATL.FELTRE,4 se- 4,Verona,2007-06-02,https://www.fidal.it/atleta/ZATTA-Alessia/eKmRlJOhbWk%3D,https://www.fidal.it/societa/ANA-ATL-FELTRE/BL012
,40.05,40.05,e,TIREL Enrico,1993,CM,ANA ATL.FELTRE,1 ba- 1,Roma,2008-10-10,https://www.fidal.it/atleta/TIREL-Enrico/eKmRlJOjaGg%3D,https://www.fidal.it/societa/ANA-ATL-FELTRE/BL012
,40.23,40.23,e,TIREL Enrico,1993,CM,ANA ATL.FELTRE,5 fi- 1,Roma,2008-10-11,https://www.fidal.it/atleta/TIREL-Enrico/eKmRlJOjaGg%3D,https://www.fidal.it/societa/ANA-ATL-FELTRE/BL012
,41.15,41.15,e,TIREL Enrico,1993,CM,ANA ATL.FELTRE,2 se- 1,Verona,2008-06-01,https://www.fidal.it/atleta/TIREL-Enrico/eKmRlJOjaGg%3D,https://www.fidal.it/societa/ANA-ATL-FELTRE/BL012
,41.75,41.5,m,TIREL Enrico,1993,CM,ANA ATL.FELTRE,1 se- 1,Belluno,2008-05-04,https://www.fidal.it/atleta/TIREL-Enrico/eKmRlJOjaGg%3D,https://www.fidal.it/societa/ANA-ATL-FELTRE/BL012
,41.95,41.7,m,TIREL Enrico,1993,CM,ANA ATL.FELTRE,1 se- 1,Longarone,2008-05-24,https://www.fidal.it/atleta/TIREL-Enrico/eKmRlJOjaGg%3D,https://www.fidal.it/societa/ANA-ATL-FELTRE/BL012
,50.6,50.60,e,FACCHIN Alessia,1993,CF,ANA ATL.FELTRE,4 se- 1,Verona,2008-06-01,https://www.fidal.it/atleta/FACCHIN-Alessia/eKmRlJKna2g%3D,https://www.fidal.it/societa/ANA-ATL-FELTRE/BL012
,52.75,52.5,m,FACCHIN Alessia,1993,CF,ANA ATL.FELTRE,1 se- 2,Longarone,2008-05-24,https://www.fidal.it/atleta/FACCHIN-Alessia/eKmRlJKna2g%3D,https://www.fidal.it/societa/ANA-ATL-FELTRE/BL012
,52.95,52.7,m,REDETTI Lisa,1993,CF,ANA ATL.FELTRE,2 se- 1,Longarone,2008-05-24,https://www.fidal.it/atleta/REDETTI-Lisa/eKmRlJKlamk%3D,https://www.fidal.it/societa/ANA-ATL-FELTRE/BL012
,54.87,54.87,e,REDETTI Lisa,1993,CF,ANA ATL.FELTRE,4 se- 3,Verona,2008-06-01,https://www.fidal.it/atleta/REDETTI-Lisa/eKmRlJKlamk%3D,https://www.fidal.it/societa/ANA-ATL-FELTRE/BL012
,40.23,40.23,e,PARANI Aire,1994,CM,ANA ATL.FELTRE,1 fi- 2,Desenzano Del Garda,2009-10-10,https://www.fidal.it/atleta/PARANI-Aire/eKmRlJSgaWo%3D,https://www.fidal.it/societa/ANA-ATL-FELTRE/BL012
,41.47,41.47,e,PARANI Aire,1994,CM,ANA ATL.FELTRE,2 ba- 3,Desenzano Del Garda,2009-10-09,https://www.fidal.it/atleta/PARANI-Aire/eKmRlJSgaWo%3D,https://www.fidal.it/societa/ANA-ATL-FELTRE/BL012
,41.54,41.54,e,PARANI Aire,1994,CM,ANA ATL.FELTRE,1 se- 1,Mogliano Veneto,2009-09-20,https://www.fidal.it/atleta/PARANI-Aire/eKmRlJSgaWo%3D,https://www.fidal.it/societa/ANA-ATL-FELTRE/BL012
,41.56,41.56,e,PARANI Aire,1994,CM,ANA ATL.FELTRE,3 su- 1,Pergine E Borgo Valsugana,2009-09-13,https://www.fidal.it/atleta/PARANI-Aire/eKmRlJSgaWo%3D,https://www.fidal.it/societa/ANA-ATL-FELTRE/BL012
,42.27,42.27,e,PARANI Aire,1994,CM,ANA ATL.FELTRE,2 se- 1,Vicenza,2009-06-06,https://www.fidal.it/atleta/PARANI-Aire/eKmRlJSgaWo%3D,https://www.fidal.it/societa/ANA-ATL-FELTRE/BL012
,45.15,44.9,m,PARANI Aire,1994,CM,ANA ATL.FELTRE,1 se- 1,Longarone,2009-05-09,https://www.fidal.it/atleta/PARANI-Aire/eKmRlJSgaWo%3D,https://www.fidal.it/societa/ANA-ATL-FELTRE/BL012
,45.25,45.0,m,SCOPEL Luca,1994,CM,ANA ATL.FELTRE,2 se- 1,Longarone,2009-05-09,https://www.fidal.it/atleta/SCOPEL-Luca/eKmRlJOmbWk%3D,https://www.fidal.it/societa/ANA-ATL-FELTRE/BL012
,45.46,45.46,e,SCOPEL Luca,1994,CM,ANA ATL.FELTRE,6 se- 1,Vicenza,2009-06-06,https://www.fidal.it/atleta/SCOPEL-Luca/eKmRlJOmbWk%3D,https://www.fidal.it/societa/ANA-ATL-FELTRE/BL012
,50.55,50.3,m,SCOPEL Luca,1994,CM,ANA ATL.FELTRE,1 se- 1,Belluno,2009-08-22,https://www.fidal.it/atleta/SCOPEL-Luca/eKmRlJOmbWk%3D,https://www.fidal.it/societa/ANA-ATL-FELTRE/BL012
,51.92,51.92,e,SPADA Silvia,1995,CF,ANA ATL.FELTRE,3 se- 2,Vicenza,2009-06-06,https://www.fidal.it/atleta/SPADA-Silvia/eKmRlJOkaWs%3D,https://www.fidal.it/societa/ANA-ATL-FELTRE/BL012
,45.05,44.8,m,BARBANTE Lorenzo,1995,CM,ANA ATL.FELTRE,1 se- 1,Feltre,2010-08-25,https://www.fidal.it/atleta/BARBANTE-Lorenzo/eKmRlJOnbms%3D,https://www.fidal.it/societa/ANA-ATL-FELTRE/BL012
,45.31,45.31,e,COLLE Nicola,1996,CM,ANA ATL.FELTRE,1 se- 3,Rovigo,2010-06-05,https://www.fidal.it/atleta/COLLE-Nicola/eKmRlJSla2o%3D,https://www.fidal.it/societa/ANA-ATL-FELTRE/BL012
,45.55,45.3,m,COLLE Nicola,1996,CM,ANA ATL.FELTRE,2 se- 1,Feltre,2010-08-25,https://www.fidal.it/atleta/COLLE-Nicola/eKmRlJSla2o%3D,https://www.fidal.it/societa/ANA-ATL-FELTRE/BL012
,47.95,47.7,m,COLLE Nicola,1996,CM,ANA ATL.FELTRE,1 se- 1,Feltre,2010-06-02,https://www.fidal.it/atleta/COLLE-Nicola/eKmRlJSla2o%3D,https://www.fidal.it/societa/ANA-ATL-FELTRE/BL012
,48.05,47.8,m,COLLE Nicola,1996,CM,ANA ATL.FELTRE,1 su- 1,Belluno,2010-05-08,https://www.fidal.it/atleta/COLLE-Nicola/eKmRlJSla2o%3D,https://www.fidal.it/societa/ANA-ATL-FELTRE/BL012
,50.05,49.8,m,PICCOLOTTO Yuri,1996,CM,ANA ATL.FELTRE,2 su- 1,Belluno,2010-05-08,https://www.fidal.it/atleta/PICCOLOTTO-Yuri/eKmRlJSfcWo%3D,https://www.fidal.it/societa/ANA-ATL-FELTRE/BL012
,51.35,51.1,m,PICCOLOTTO Yuri,1996,CM,ANA ATL.FELTRE,3 se- 1,Feltre,2010-06-02,https://www.fidal.it/atleta/PICCOLOTTO-Yuri/eKmRlJSfcWo%3D,https://www.fidal.it/societa/ANA-ATL-FELTRE/BL012
,48.81,48.81,e,SPADA Silvia,1995,CF,ANA ATL.FELTRE,2 se- 2,Rossano Veneto,2010-09-05,https://www.fidal.it/atleta/SPADA-Silvia/eKmRlJOkaWs%3D,https://www.fidal.it/societa/ANA-ATL-FELTRE/BL012
,48.87,48.87,e,SPADA Silvia,1995,CF,ANA ATL.FELTRE,2 se- 1,Rovigo,2010-06-05,https://www.fidal.it/atleta/SPADA-Silvia/eKmRlJOkaWs%3D,https://www.fidal.it/societa/ANA-ATL-FELTRE/BL012
,49.43,49.43,e,SPADA Silvia,1995,CF,ANA ATL.FELTRE,3 se- 1,Mogliano Veneto,2010-09-18,https://www.fidal.it/atleta/SPADA-Silvia/eKmRlJOkaWs%3D,https://www.fidal.it/societa/ANA-ATL-FELTRE/BL012
,49.48,49.48,e,SPADA Silvia,1995,CF,ANA ATL.FELTRE,2 se- 1,Vedelago,2010-09-12,https://www.fidal.it/atleta/SPADA-Silvia/eKmRlJOkaWs%3D,https://www.fidal.it/societa/ANA-ATL-FELTRE/BL012
,50.35,50.1,m,SPADA Silvia,1995,CF,ANA ATL.FELTRE,1 su- 1,Belluno,2010-05-08,https://www.fidal.it/atleta/SPADA-Silvia/eKmRlJOkaWs%3D,https://www.fidal.it/societa/ANA-ATL-FELTRE/BL012
,50.75,50.5,m,SPADA Silvia,1995,CF,ANA ATL.FELTRE,1 se- 1,Feltre,2010-06-02,https://www.fidal.it/atleta/SPADA-Silvia/eKmRlJOkaWs%3D,https://www.fidal.it/societa/ANA-ATL-FELTRE/BL012
,56.35,56.1,m,CURIC Tea,1995,CF,ANA ATL.FELTRE,3 se- 1,Feltre,2010-06-02,https://www.fidal.it/atleta/CURIC-Tea/eKmRlJSnbmc%3D,https://www.fidal.it/societa/ANA-ATL-FELTRE/BL012
,56.45,56.2,m,CURIC Tea,1995,CF,ANA ATL.FELTRE,3 su- 1,Belluno,2010-05-08,https://www.fidal.it/atleta/CURIC-Tea/eKmRlJSnbmc%3D,https://www.fidal.it/societa/ANA-ATL-FELTRE/BL012
,41.36,41.36,e,COLLE Nicola,1996,CM,ANA ATL.FELTRE,4 se- 1,Belluno,2011-06-04,https://www.fidal.it/atleta/COLLE-Nicola/eKmRlJSla2o%3D,https://www.fidal.it/societa/ANA-ATL-FELTRE/BL012
,41.4,41.40,e,COLLE Nicola,1996,CM,ANA ATL.FELTRE,2 se- 1,Montebelluna,2011-09-24,https://www.fidal.it/atleta/COLLE-Nicola/eKmRlJSla2o%3D,https://www.fidal.it/societa/ANA-ATL-FELTRE/BL012
,41.75,41.5,m,COLLE Nicola,1996,CM,ANA ATL.FELTRE,1 se- 1,Longarone,2011-05-14,https://www.fidal.it/atleta/COLLE-Nicola/eKmRlJSla2o%3D,https://www.fidal.it/societa/ANA-ATL-FELTRE/BL012
,41.79,41.79,e,COLLE Nicola,1996,CM,ANA ATL.FELTRE,7 fi- 2,Jesolo,2011-10-08,https://www.fidal.it/atleta/COLLE-Nicola/eKmRlJSla2o%3D,https://www.fidal.it/societa/ANA-ATL-FELTRE/BL012
,42.04,42.04,e,COLLE Nicola,1996,CM,ANA ATL.FELTRE,2 se- 1,Vedelago,2011-09-11,https://www.fidal.it/atleta/COLLE-Nicola/eKmRlJSla2o%3D,https://www.fidal.it/societa/ANA-ATL-FELTRE/BL012
,42.04,42.04,e,COLLE Nicola,1996,CM,ANA ATL.FELTRE,3 ba- 4,Jesolo,2011-10-07,https://www.fidal.it/atleta/COLLE-Nicola/eKmRlJSla2o%3D,https://www.fidal.it/societa/ANA-ATL-FELTRE/BL012
,42.75,42.5,m,COLLE Nicola,1996,CM,ANA ATL.FELTRE,1 se- 2,Belluno,2011-04-16,https://www.fidal.it/atleta/COLLE-Nicola/eKmRlJSla2o%3D,https://www.fidal.it/societa/ANA-ATL-FELTRE/BL012
,46.75,46.5,m,PICCOLOTTO Yuri,1996,CM,ANA ATL.FELTRE,1 se- 1,Belluno,2011-04-16,https://www.fidal.it/atleta/PICCOLOTTO-Yuri/eKmRlJSfcWo%3D,https://www.fidal.it/societa/ANA-ATL-FELTRE/BL012
,47.68,47.68,e,COLDEBELLA Diego,1997,CM,ANA ATL.FELTRE,2 se- 5,Belluno,2011-06-04,https://www.fidal.it/atleta/COLDEBELLA-Diego/eKmRlJSicWY%3D,https://www.fidal.it/societa/ANA-ATL-FELTRE/BL012
,54.93,54.93,e,CHIN Arianna,1997,CF,ANA ATL.FELTRE,2 su- 1,Feltre,2011-06-04,https://www.fidal.it/atleta/CHIN-Arianna/eKmRlJSocWs%3D,https://www.fidal.it/societa/ANA-ATL-FELTRE/BL012
,56.45,56.2,m,SPADA Chiara,1997,CF,ANA ATL.FELTRE,3 se- 1,Longarone,2011-05-14,https://www.fidal.it/atleta/SPADA-Chiara/eKmRlJSicWQ%3D,https://www.fidal.it/societa/ANA-ATL-FELTRE/BL012
,44.06,44.06,e,VELLO Michele,1997,CM,ANA ATL.FELTRE,4 se- 2,Verona,2012-06-02,https://www.fidal.it/atleta/VELLO-Michele/eKmRlJSkb2U%3D,https://www.fidal.it/societa/ANA-ATL-FELTRE/BL012
,44.45,44.2,m,VELLO Michele,1997,CM,ANA ATL.FELTRE,2 se- 1,Feltre,2012-08-23,https://www.fidal.it/atleta/VELLO-Michele/eKmRlJSkb2U%3D,https://www.fidal.it/societa/ANA-ATL-FELTRE/BL012
,45.05,44.8,m,VELLO Michele,1997,CM,ANA ATL.FELTRE,3 se- 1,Belluno,2012-05-19,https://www.fidal.it/atleta/VELLO-Michele/eKmRlJSkb2U%3D,https://www.fidal.it/societa/ANA-ATL-FELTRE/BL012
,45.55,45.3,m,VELLO Michele,1997,CM,ANA ATL.FELTRE,3 se- 1,Vallesella Di Cadore,2012-05-05,https://www.fidal.it/atleta/VELLO-Michele/eKmRlJSkb2U%3D,https://www.fidal.it/societa/ANA-ATL-FELTRE/BL012
,50.09,50.09,e,ZAPPIA Matteo,1998,CM,ANA ATL.FELTRE,4 se- 1,Vedelago,2012-07-14,https://www.fidal.it/atleta/ZAPPIA-Matteo/eKmRlJSjcGM%3D,https://www.fidal.it/societa/ANA-ATL-FELTRE/BL012
,44.73,44.73,e,AGOSTINETTO Isacco,1999,CM,ANA ATL.FELTRE,5 se- 1,Vedelago,2013-06-29,https://www.fidal.it/atleta/AGOSTINETTO-Isacco/eKyRkpaga2g%3D,https://www.fidal.it/societa/ANA-ATL-FELTRE/BL012
,45.22,45.22,e,AGOSTINETTO Isacco,1999,CM,ANA ATL.FELTRE,4 se- 2,Caprino Veronese,2013-09-28,https://www.fidal.it/atleta/AGOSTINETTO-Isacco/eKyRkpaga2g%3D,https://www.fidal.it/societa/ANA-ATL-FELTRE/BL012
,45.99,45.99,e,AGOSTINETTO Isacco,1999,CM,ANA ATL.FELTRE,5 se- 2,Rossano Veneto,2013-09-01,https://www.fidal.it/atleta/AGOSTINETTO-Isacco/eKyRkpaga2g%3D,https://www.fidal.it/societa/ANA-ATL-FELTRE/BL012
,46.44,46.44,e,AGOSTINETTO Isacco,1999,CM,ANA ATL.FELTRE,2 se- 4,Bassano Del Grappa,2013-06-01,https://www.fidal.it/atleta/AGOSTINETTO-Isacco/eKyRkpaga2g%3D,https://www.fidal.it/societa/ANA-ATL-FELTRE/BL012
,47.45,47.2,m,AGOSTINETTO Isacco,1999,CM,ANA ATL.FELTRE,2 se- 1,Belluno,2013-05-11,https://www.fidal.it/atleta/AGOSTINETTO-Isacco/eKyRkpaga2g%3D,https://www.fidal.it/societa/ANA-ATL-FELTRE/BL012
,53.21,53.21,e,SANGUIN Giulia,1999,CF,ANA ATL.FELTRE,3 se- 4,Caprino Veronese,2013-09-28,https://www.fidal.it/atleta/SANGUIN-Giulia/eKmRlJSmbmo%3D,https://www.fidal.it/societa/ANA-ATL-FELTRE/BL012
,54.58,54.58,e,SANGUIN Giulia,1999,CF,ANA ATL.FELTRE,1 se- 4,Bassano Del Grappa,2013-06-01,https://www.fidal.it/atleta/SANGUIN-Giulia/eKmRlJSmbmo%3D,https://www.fidal.it/societa/ANA-ATL-FELTRE/BL012
,55.35,55.1,m,SANGUIN Giulia,1999,CF,ANA ATL.FELTRE,1 se- 2,Agordo,2013-09-25,https://www.fidal.it/atleta/SANGUIN-Giulia/eKmRlJSmbmo%3D,https://www.fidal.it/societa/ANA-ATL-FELTRE/BL012
,56.15,55.9,m,SANGUIN Giulia,1999,CF,ANA ATL.FELTRE,2 se- 1,Belluno,2013-05-11,https://www.fidal.it/atleta/SANGUIN-Giulia/eKmRlJSmbmo%3D,https://www.fidal.it/societa/ANA-ATL-FELTRE/BL012
,56.85,56.6,m,FILOSA Annalisa,1999,CF,ANA ATL.FELTRE,3 se- 2,Belluno,2013-05-11,https://www.fidal.it/atleta/FILOSA-Annalisa/eKmRlJSjb2w%3D,https://www.fidal.it/societa/ANA-ATL-FELTRE/BL012
,58.35,58.1,m,SANGUIN Giulia,1999,CF,ANA ATL.FELTRE,1 se- 2,Belluno,2013-05-03,https://www.fidal.it/atleta/SANGUIN-Giulia/eKmRlJSmbmo%3D,https://www.fidal.it/societa/ANA-ATL-FELTRE/BL012
,58.35,58.1,m,FILOSA Annalisa,1999,CF,ANA ATL.FELTRE,2 se- 2,Belluno,2013-05-03,https://www.fidal.it/atleta/FILOSA-Annalisa/eKmRlJSjb2w%3D,https://www.fidal.it/societa/ANA-ATL-FELTRE/BL012
,59.85,59.6,m,BRUSTOLIN Irene,1999,CF,ANA ATL.FELTRE,3 se- 1,Belluno,2013-05-11,https://www.fidal.it/atleta/BRUSTOLIN-Irene/eKmRlJWnb2k%3D,https://www.fidal.it/societa/ANA-ATL-FELTRE/BL012
,59.95,59.7,m,FILOSA Annalisa,1999,CF,ANA ATL.FELTRE,5 se- 2,Agordo,2013-09-25,https://www.fidal.it/atleta/FILOSA-Annalisa/eKmRlJSjb2w%3D,https://www.fidal.it/societa/ANA-ATL-FELTRE/BL012
,61.45,1:01.2,m,BERTOLDIN Matilde,1999,CF,ANA ATL.FELTRE,3 se- 2,Belluno,2013-05-03,https://www.fidal.it/atleta/BERTOLDIN-Matilde/eKmRlJWiaGs%3D,https://www.fidal.it/societa/ANA-ATL-FELTRE/BL012
,42.69,42.69,e,AGOSTINETTO Isacco,1999,CM,ANA ATL.FELTRE,6 se- 1,Caprino Veronese,2014-09-27,https://www.fidal.it/atleta/AGOSTINETTO-Isacco/eKyRkpaga2g%3D,https://www.fidal.it/societa/ANA-ATL-FELTRE/BL012
,43.25,43.0,m,AGOSTINETTO Isacco,1999,CM,ANA ATL.FELTRE,1 se- 1,Belluno,2014-05-17,https://www.fidal.it/atleta/AGOSTINETTO-Isacco/eKyRkpaga2g%3D,https://www.fidal.it/societa/ANA-ATL-FELTRE/BL012
,43.75,43.5,m,BONAN Marco,2000,CM,ANA ATL.FELTRE,2 se- 1,Belluno,2014-05-17,https://www.fidal.it/atleta/BONAN-Marco/eKmRlJShbGM%3D,https://www.fidal.it/societa/ANA-ATL-FELTRE/BL012
,44.05,43.8,m,AGOSTINETTO Isacco,1999,CM,ANA ATL.FELTRE,1 se- 1,Feltre,2014-09-23,https://www.fidal.it/atleta/AGOSTINETTO-Isacco/eKyRkpaga2g%3D,https://www.fidal.it/societa/ANA-ATL-FELTRE/BL012
,44.45,44.45,e,AGOSTINETTO Isacco,1999,CM,ANA ATL.FELTRE,5 se- 1,Belluno,2014-06-07,https://www.fidal.it/atleta/AGOSTINETTO-Isacco/eKyRkpaga2g%3D,https://www.fidal.it/societa/ANA-ATL-FELTRE/BL012
,44.99,44.99,e,AGOSTINETTO Isacco,1999,CM,ANA ATL.FELTRE,6 se- 1,Vedelago,2014-09-13,https://www.fidal.it/atleta/AGOSTINETTO-Isacco/eKyRkpaga2g%3D,https://www.fidal.it/societa/ANA-ATL-FELTRE/BL012
,46.62,46.62,e,AGOSTINETTO Isacco,1999,CM,ANA ATL.FELTRE,2 se- 2,Treviso,2014-05-28,https://www.fidal.it/atleta/AGOSTINETTO-Isacco/eKyRkpaga2g%3D,https://www.fidal.it/societa/ANA-ATL-FELTRE/BL012
,51.65,51.4,m,SCOPEL Enrico,2000,CM,ANA ATL.FELTRE,3 se- 1,Feltre,2014-09-23,https://www.fidal.it/atleta/SCOPEL-Enrico/eKmRlJSjcGw%3D,https://www.fidal.it/societa/ANA-ATL-FELTRE/BL012
,51.75,51.5,m,MAHJOUBI Amir mattia,2000,CM,ANA ATL.FELTRE,4 se- 1,Feltre,2014-09-23,https://www.fidal.it/atleta/MAHJOUBI-Amir-mattia/eKmRlJWoaGo%3D,https://www.fidal.it/societa/ANA-ATL-FELTRE/BL012
,52.5,52.50,e,D'ALBERTO Arianna,2000,CF,ANA ATL.FELTRE,2 se- 4,Caprino Veronese,2014-09-27,https://www.fidal.it/atleta/D-ALBERTO-Arianna/eKmRlJWmaGs%3D,https://www.fidal.it/societa/ANA-ATL-FELTRE/BL012
,52.92,52.92,e,FILOSA Annalisa,1999,CF,ANA ATL.FELTRE,2 se- 3,Abano Terme,2014-06-27,https://www.fidal.it/atleta/FILOSA-Annalisa/eKmRlJSjb2w%3D,https://www.fidal.it/societa/ANA-ATL-FELTRE/BL012
,53.05,52.8,m,D'ALBERTO Arianna,2000,CF,ANA ATL.FELTRE,1 se- 1,Belluno,2014-05-17,https://www.fidal.it/atleta/D-ALBERTO-Arianna/eKmRlJWmaGs%3D,https://www.fidal.it/societa/ANA-ATL-FELTRE/BL012
,52.98,52.98,e,FILOSA Annalisa,1999,CF,ANA ATL.FELTRE,3 su- 1,Treviso,2014-05-28,https://www.fidal.it/atleta/FILOSA-Annalisa/eKmRlJSjb2w%3D,https://www.fidal.it/societa/ANA-ATL-FELTRE/BL012
,53.42,53.42,e,D'ALBERTO Arianna,2000,CF,ANA ATL.FELTRE,3 se- 2,Rossano Veneto,2014-09-07,https://www.fidal.it/atleta/D-ALBERTO-Arianna/eKmRlJWmaGs%3D,https://www.fidal.it/societa/ANA-ATL-FELTRE/BL012
,53.49,53.49,e,MALACARNE Veronica,1999,CF,ANA ATL.FELTRE,3 se- 4,Abano Terme,2014-06-27,https://www.fidal.it/atleta/MALACARNE-Veronica/eKmRlJWlbmQ%3D,https://www.fidal.it/societa/ANA-ATL-FELTRE/BL012
,53.93,53.93,e,FILOSA Annalisa,1999,CF,ANA ATL.FELTRE,5 se- 4,Caprino Veronese,2014-09-27,https://www.fidal.it/atleta/FILOSA-Annalisa/eKmRlJSjb2w%3D,https://www.fidal.it/societa/ANA-ATL-FELTRE/BL012
,54.05,53.8,m,FILOSA Annalisa,1999,CF,ANA ATL.FELTRE,3 se- 1,Feltre,2014-09-23,https://www.fidal.it/atleta/FILOSA-Annalisa/eKmRlJSjb2w%3D,https://www.fidal.it/societa/ANA-ATL-FELTRE/BL012
,54.15,53.9,m,MALACARNE Veronica,1999,CF,ANA ATL.FELTRE,4 se- 1,Feltre,2014-09-23,https://www.fidal.it/atleta/MALACARNE-Veronica/eKmRlJWlbmQ%3D,https://www.fidal.it/societa/ANA-ATL-FELTRE/BL012
,55.45,55.45,e,SANGUIN Giulia,1999,CF,ANA ATL.FELTRE,5 se- 4,Belluno,2014-06-07,https://www.fidal.it/atleta/SANGUIN-Giulia/eKmRlJSmbmo%3D,https://www.fidal.it/societa/ANA-ATL-FELTRE/BL012
,58.55,58.3,m,PAGNUSSAT Emma,1999,CF,ANA ATL.FELTRE,3 se- 1,Belluno,2014-05-17,https://www.fidal.it/atleta/PAGNUSSAT-Emma/eKmRlJSjb2k%3D,https://www.fidal.it/societa/ANA-ATL-FELTRE/BL012
,42.65,42.4,m,BONAN Marco,2000,CM,ANA ATL.FELTRE,1 se- 1,Belluno,2015-09-12,https://www.fidal.it/atleta/BONAN-Marco/eKmRlJShbGM%3D,https://www.fidal.it/societa/ANA-ATL-FELTRE/BL012
,53.05,52.8,m,DE CARLI Alessandra,2001,CF,ANA ATL.FELTRE,1 se- 1,Belluno,2015-09-12,https://www.fidal.it/atleta/DE-CARLI-Alessandra/eKmRlJalbmo%3D,https://www.fidal.it/societa/ANA-ATL-FELTRE/BL012
,54.16,54.16,e,BARBARESI Lisa,2001,CF,ANA ATL.FELTRE,3 se- 4,Belluno,2015-05-30,https://www.fidal.it/atleta/BARBARESI-Lisa/eKmRlJagbWM%3D,https://www.fidal.it/societa/ANA-ATL-FELTRE/BL012
,54.55,54.3,m,BARBARESI Lisa,2001,CF,ANA ATL.FELTRE,3 se- 1,Agordo,2015-05-16,https://www.fidal.it/atleta/BARBARESI-Lisa/eKmRlJagbWM%3D,https://www.fidal.it/societa/ANA-ATL-FELTRE/BL012
,55.15,54.9,m,DALLA CORTE Giada,2001,CF,ANA ATL.FELTRE,4 se- 1,Agordo,2015-05-16,https://www.fidal.it/atleta/DALLA-CORTE-Giada/eKmRlJancGk%3D,https://www.fidal.it/societa/ANA-ATL-FELTRE/BL012
,57.45,57.2,m,DALLA CORTE Giada,2001,CF,ANA ATL.FELTRE,3 se- 1,Belluno,2015-09-12,https://www.fidal.it/atleta/DALLA-CORTE-Giada/eKmRlJancGk%3D,https://www.fidal.it/societa/ANA-ATL-FELTRE/BL012
,46.25,46.0,m,BIESUZ Enrico,2002,CM,ANA ATL.FELTRE,3 se- 1,Agordo,2016-10-01,https://www.fidal.it/atleta/BIESUZ-Enrico/eKmRlJSjb2s%3D,https://www.fidal.it/societa/ANA-ATL-FELTRE/BL012
,47.59,47.59,e,BIESUZ Enrico,2002,CM,ANA ATL.FELTRE,2 se- 5,Rovigo,2016-05-28,https://www.fidal.it/atleta/BIESUZ-Enrico/eKmRlJSjb2s%3D,https://www.fidal.it/societa/ANA-ATL-FELTRE/BL012
,53.75,53.5,m,ANTONIOL Samuel,2002,CM,ANA ATL.FELTRE,2 se- 2,Belluno,2016-05-07,https://www.fidal.it/atleta/ANTONIOL-Samuel/eKmRlJaobWU%3D,https://www.fidal.it/societa/ANA-ATL-FELTRE/BL012
,55.95,55.7,m,BOLZONELLO Sebastiano,2002,CM,ANA ATL.FELTRE,3 se- 2,Belluno,2016-05-07,https://www.fidal.it/atleta/BOLZONELLO-Sebastiano/eKmRlJaocWU%3D,https://www.fidal.it/societa/ANA-ATL-FELTRE/BL012
,58.55,58.3,m,FERTONANI Nicolo',2002,CM,ANA ATL.FELTRE,5 se- 1,Belluno,2016-05-17,https://www.fidal.it/atleta/FERTONANI-Nicolo-/eKmRlJefaWs%3D,https://www.fidal.it/societa/ANA-ATL-FELTRE/BL012
,52.93,52.93,e,DE CARLI Alessandra,2001,CF,ANA ATL.FELTRE,4 se- 2,Rossano Veneto,2016-09-11,https://www.fidal.it/atleta/DE-CARLI-Alessandra/eKmRlJalbmo%3D,https://www.fidal.it/societa/ANA-ATL-FELTRE/BL012
,53.15,52.9,m,DE CARLI Alessandra,2001,CF,ANA ATL.FELTRE,3 se- 1,Agordo,2016-10-01,https://www.fidal.it/atleta/DE-CARLI-Alessandra/eKmRlJalbmo%3D,https://www.fidal.it/societa/ANA-ATL-FELTRE/BL012
,53.08,53.08,e,DE CARLI Alessandra,2001,CF,ANA ATL.FELTRE,1 se- 4,Rovigo,2016-05-28,https://www.fidal.it/atleta/DE-CARLI-Alessandra/eKmRlJalbmo%3D,https://www.fidal.it/societa/ANA-ATL-FELTRE/BL012
,54.05,53.8,m,DE CARLI Alessandra,2001,CF,ANA ATL.FELTRE,2 se- 1,Belluno,2016-05-07,https://www.fidal.it/atleta/DE-CARLI-Alessandra/eKmRlJalbmo%3D,https://www.fidal.it/societa/ANA-ATL-FELTRE/BL012
,54.35,54.1,m,BARBARESI Lisa,2001,CF,ANA ATL.FELTRE,3 se- 1,Belluno,2016-05-17,https://www.fidal.it/atleta/BARBARESI-Lisa/eKmRlJagbWM%3D,https://www.fidal.it/societa/ANA-ATL-FELTRE/BL012
,54.85,54.6,m,BARBARESI Lisa,2001,CF,ANA ATL.FELTRE,1 se- 3,Belluno,2016-05-07,https://www.fidal.it/atleta/BARBARESI-Lisa/eKmRlJagbWM%3D,https://www.fidal.it/societa/ANA-ATL-FELTRE/BL012
,55.15,54.9,m,MONDIN Sara,2001,CF,ANA ATL.FELTRE,4 se- 1,Agordo,2016-10-01,https://www.fidal.it/atleta/MONDIN-Sara/eKmRlJWoa2s%3D,https://www.fidal.it/societa/ANA-ATL-FELTRE/BL012
,55.85,55.6,m,PERSICO Elisa,2002,CF,ANA ATL.FELTRE,5 se- 1,Agordo,2016-10-01,https://www.fidal.it/atleta/PERSICO-Elisa/eKmRlJWjcGk%3D,https://www.fidal.it/societa/ANA-ATL-FELTRE/BL012
,57.45,57.2,m,SCOPEL Gioia,2002,CF,ANA ATL.FELTRE,2 se- 3,Belluno,2016-05-07,https://www.fidal.it/atleta/SCOPEL-Gioia/eKmRlJSjcGo%3D,https://www.fidal.it/societa/ANA-ATL-FELTRE/BL012
,58.75,58.5,m,DALLA CORTE Giada,2001,CF,ANA ATL.FELTRE,6 se- 1,Agordo,2016-10-01,https://www.fidal.it/atleta/DALLA-CORTE-Giada/eKmRlJancGk%3D,https://www.fidal.it/societa/ANA-ATL-FELTRE/BL012
,49.23,49.23,e,BOLZONELLO Sebastiano,2002,CM,ANA ATL.FELTRE,4 se- 3,Vicenza,2017-06-03,https://www.fidal.it/atleta/BOLZONELLO-Sebastiano/eKmRlJaocWU%3D,https://www.fidal.it/societa/ANA-ATL-FELTRE/BL012
,49.45,49.2,m,BOLZONELLO Sebastiano,2002,CM,ANA ATL.FELTRE,2 se- 1,Agordo,2017-04-29,https://www.fidal.it/atleta/BOLZONELLO-Sebastiano/eKmRlJaocWU%3D,https://www.fidal.it/societa/ANA-ATL-FELTRE/BL012
,53.45,53.2,m,CRIVELLER Marco,2003,CM,ANA ATL.FELTRE,4 se- 1,Agordo,2017-04-29,https://www.fidal.it/atleta/CRIVELLER-Marco/eKmRlJWlb2Y%3D,https://www.fidal.it/societa/ANA-ATL-FELTRE/BL012
,54.75,54.5,m,RAVEANE Giorgia,2002,CF,ANA ATL.FELTRE,3 se- 1,Agordo,2017-09-30,https://www.fidal.it/atleta/RAVEANE-Giorgia/eKmRlJakbmc%3D,https://www.fidal.it/societa/ANA-ATL-FELTRE/BL012
,54.95,54.7,m,RAVEANE Giorgia,2002,CF,ANA ATL.FELTRE,1 se- 2,Agordo,2017-04-29,https://www.fidal.it/atleta/RAVEANE-Giorgia/eKmRlJakbmc%3D,https://www.fidal.it/societa/ANA-ATL-FELTRE/BL012
,56.25,56.0,m,PERSICO Elisa,2002,CF,ANA ATL.FELTRE,3 se- 2,Agordo,2017-09-30,https://www.fidal.it/atleta/PERSICO-Elisa/eKmRlJWjcGk%3D,https://www.fidal.it/societa/ANA-ATL-FELTRE/BL012
,58.95,58.7,m,PERSICO Elisa,2002,CF,ANA ATL.FELTRE,3 se- 1,Agordo,2017-04-29,https://www.fidal.it/atleta/PERSICO-Elisa/eKmRlJWjcGk%3D,https://www.fidal.it/societa/ANA-ATL-FELTRE/BL012
,47.35,47.1,m,CRIVELLER Marco,2003,CM,ANA ATL.FELTRE,2 se- 2,Ponzano Veneto,2018-09-29,https://www.fidal.it/atleta/CRIVELLER-Marco/eKmRlJWlb2Y%3D,https://www.fidal.it/societa/ANA-ATL-FELTRE/BL012
,52.95,52.7,m,ANDREAZZA Manuel,2004,CM,ANA ATL.FELTRE,2 se- 2,Valesella,2018-05-05,https://www.fidal.it/atleta/ANDREAZZA-Manuel/eKmRlJifa2c%3D,https://www.fidal.it/societa/ANA-ATL-FELTRE/BL012
,52.75,52.5,m,MAHJOUBI Gaia,2004,CF,ANA ATL.FELTRE,2 se- 2,Valesella,2018-05-05,https://www.fidal.it/atleta/MAHJOUBI-Gaia/eKmRlJejamY%3D,https://www.fidal.it/societa/ANA-ATL-FELTRE/BL012
,54.05,53.8,m,MAHJOUBI Gaia,2004,CF,ANA ATL.FELTRE,4 se- 1,Ponzano Veneto,2018-09-29,https://www.fidal.it/atleta/MAHJOUBI-Gaia/eKmRlJejamY%3D,https://www.fidal.it/societa/ANA-ATL-FELTRE/BL012
,55.97,55.97,e,MAHJOUBI Gaia,2004,CF,ANA ATL.FELTRE,3 se- 4,Bassano Del Grappa,2018-09-22,https://www.fidal.it/atleta/MAHJOUBI-Gaia/eKmRlJejamY%3D,https://www.fidal.it/societa/ANA-ATL-FELTRE/BL012
,46.7,46.70,e,SCHENAL Anna,2004,CF,ANA ATL.FELTRE,6 fi- 1,Forli',2019-10-06,https://www.fidal.it/atleta/SCHENAL-Anna/eKmRlJajbWs%3D,https://www.fidal.it/societa/ANA-ATL-FELTRE/BL012
,47.24,47.24,e,SCHENAL Anna,2004,CF,ANA ATL.FELTRE,5 ba- 1,Forli',2019-10-05,https://www.fidal.it/atleta/SCHENAL-Anna/eKmRlJajbWs%3D,https://www.fidal.it/societa/ANA-ATL-FELTRE/BL012
,47.5,47.50,e,SCHENAL Anna,2004,CF,ANA ATL.FELTRE,2 se- 1,Bovolone,2019-09-21,https://www.fidal.it/atleta/SCHENAL-Anna/eKmRlJajbWs%3D,https://www.fidal.it/societa/ANA-ATL-FELTRE/BL012
,48.18,48.18,e,SCHENAL Anna,2004,CF,ANA ATL.FELTRE,2 se- 1,Rosa',2019-09-08,https://www.fidal.it/atleta/SCHENAL-Anna/eKmRlJajbWs%3D,https://www.fidal.it/societa/ANA-ATL-FELTRE/BL012
,48.85,48.6,m,SCHENAL Anna,2004,CF,ANA ATL.FELTRE,1 se- 1,Pederobba,2019-09-14,https://www.fidal.it/atleta/SCHENAL-Anna/eKmRlJajbWs%3D,https://www.fidal.it/societa/ANA-ATL-FELTRE/BL012
,52.35,52.1,m,BARP Anna asia,2004,CF,ANA ATL.FELTRE,2 se- 2,Vittorio Veneto,2019-04-27,https://www.fidal.it/atleta/BARP-Anna-asia/eKmRlJekb2c%3D,https://www.fidal.it/societa/ANA-ATL-FELTRE/BL012
,53.85,53.85,e,BARP Anna asia,2004,CF,ANA ATL.FELTRE,4 se- 2,Bassano Del Grappa,2019-05-25,https://www.fidal.it/atleta/BARP-Anna-asia/eKmRlJekb2c%3D,https://www.fidal.it/societa/ANA-ATL-FELTRE/BL012
,55.35,55.1,m,CASSOL Anita,2005,CF,ANA ATL.FELTRE,1 se- 2,Pederobba,2019-09-14,https://www.fidal.it/atleta/CASSOL-Anita/eKmRlJWjbGY%3D,https://www.fidal.it/societa/ANA-ATL-FELTRE/BL012
,56.15,55.9,m,MAHJOUBI Gaia,2004,CF,ANA ATL.FELTRE,3 se- 1,Feltre,2019-05-18,https://www.fidal.it/atleta/MAHJOUBI-Gaia/eKmRlJejamY%3D,https://www.fidal.it/societa/ANA-ATL-FELTRE/BL012
,57.25,57.0,m,MALACARNE Gioia,2005,CF,ANA ATL.FELTRE,1 se- 2,Feltre,2019-05-18,https://www.fidal.it/atleta/MALACARNE-Gioia/eKmRlJinbmo%3D,https://www.fidal.it/societa/ANA-ATL-FELTRE/BL012
,59.35,59.1,m,DE BORTOLI Giulia,2004,CF,ANA ATL.FELTRE,4 se- 3,Vittorio Veneto,2019-04-27,https://www.fidal.it/atleta/DE-BORTOLI-Giulia/eKmRlJWma2Q%3D,https://www.fidal.it/societa/ANA-ATL-FELTRE/BL012
,50.85,50.6,m,COLUSSI Ilary,2006,CF,ANA ATL.FELTRE,3 se- 1,Feltre,2021-08-25,https://www.fidal.it/atleta/COLUSSI-Ilary/eKmRlJeob2w%3D,https://www.fidal.it/societa/ANA-ATL-FELTRE/BL012
,51.85,51.6,m,COLUSSI Ilary,2006,CF,ANA ATL.FELTRE,2 se- 1,Alpago,2021-10-16,https://www.fidal.it/atleta/COLUSSI-Ilary/eKmRlJeob2w%3D,https://www.fidal.it/societa/ANA-ATL-FELTRE/BL012
,52.45,52.2,m,COLUSSI Leila,2006,CF,ANA ATL.FELTRE,1 se- 2,Feltre,2021-08-25,https://www.fidal.it/atleta/COLUSSI-Leila/eKmRlJeob2s%3D,https://www.fidal.it/societa/ANA-ATL-FELTRE/BL012
,52.65,52.4,m,COLUSSI Ilary,2006,CF,ANA ATL.FELTRE,3 se- 3,Alpago,2021-05-22,https://www.fidal.it/atleta/COLUSSI-Ilary/eKmRlJeob2w%3D,https://www.fidal.it/societa/ANA-ATL-FELTRE/BL012
,52.65,52.4,m,MOINO Eleonora,2006,CF,ANA ATL.FELTRE,4 se- 3,Alpago,2021-05-22,https://www.fidal.it/atleta/MOINO-Eleonora/eKmRlJiibGg%3D,https://www.fidal.it/societa/ANA-ATL-FELTRE/BL012
,52.57,52.57,e,COLUSSI Ilary,2006,CF,ANA ATL.FELTRE,7 se- 1,Vittorio Veneto,2021-09-18,https://www.fidal.it/atleta/COLUSSI-Ilary/eKmRlJeob2w%3D,https://www.fidal.it/societa/ANA-ATL-FELTRE/BL012
,52.81,52.81,e,COLUSSI Ilary,2006,CF,ANA ATL.FELTRE,4 se- 3,Abano Terme,2021-06-19,https://www.fidal.it/atleta/COLUSSI-Ilary/eKmRlJeob2w%3D,https://www.fidal.it/societa/ANA-ATL-FELTRE/BL012
,53.45,53.2,m,MOINO Eleonora,2006,CF,ANA ATL.FELTRE,1 se- 2,Domegge Di Cadore,2021-06-12,https://www.fidal.it/atleta/MOINO-Eleonora/eKmRlJiibGg%3D,https://www.fidal.it/societa/ANA-ATL-FELTRE/BL012
,54.35,54.35,e,MOINO Eleonora,2006,CF,ANA ATL.FELTRE,6 se- 2,Vittorio Veneto,2021-09-18,https://www.fidal.it/atleta/MOINO-Eleonora/eKmRlJiibGg%3D,https://www.fidal.it/societa/ANA-ATL-FELTRE/BL012
,58.65,58.4,m,DE BACCO Emma,2006,CF,ANA ATL.FELTRE,3 se- 2,Feltre,2021-08-25,https://www.fidal.it/atleta/DE-BACCO-Emma/eKmRlJelbmU%3D,https://www.fidal.it/societa/ANA-ATL-FELTRE/BL012
,59.96,59.96,e,FERRACIN Giulia,2007,CF,ANA ATL.FELTRE,3 su- 1,Agordo,2021-04-25,https://www.fidal.it/atleta/FERRACIN-Giulia/eKmRlJmgbGw%3D,https://www.fidal.it/societa/ANA-ATL-FELTRE/BL012
,50.75,50.5,m,BALDISSERI Pietro,2008,CM,ANA ATL.FELTRE,2 se- 1,Domegge Di Cadore,2022-05-07,https://www.fidal.it/atleta/BALDISSERI-Pietro/eKmRlJeocGc%3D,https://www.fidal.it/societa/ANA-ATL-FELTRE/BL012
,54.05,53.8,m,PETITTO Leonardo,2008,CM,ANA ATL.FELTRE,4 se- 1,Domegge Di Cadore,2022-05-07,https://www.fidal.it/atleta/PETITTO-Leonardo/eKmRlJijbmQ%3D,https://www.fidal.it/societa/ANA-ATL-FELTRE/BL012
,56.15,55.9,m,SAADAOUI Omar,2008,CM,ANA ATL.FELTRE,2 se- 2,Domegge Di Cadore,2022-05-07,https://www.fidal.it/atleta/SAADAOUI-Omar/eKmRlJimbWU%3D,https://www.fidal.it/societa/ANA-ATL-FELTRE/BL012
,56.15,55.9,m,ANDREOLI Antonio,2008,CM,ANA ATL.FELTRE,3 se- 2,Domegge Di Cadore,2022-05-07,https://www.fidal.it/atleta/ANDREOLI-Antonio/eKmRlJmmbmM%3D,https://www.fidal.it/societa/ANA-ATL-FELTRE/BL012
,56.35,56.1,m,SCOPEL Nicola,2008,CM,ANA ATL.FELTRE,4 se- 2,Domegge Di Cadore,2022-05-07,https://www.fidal.it/atleta/SCOPEL-Nicola/eKmRlJeocGY%3D,https://www.fidal.it/societa/ANA-ATL-FELTRE/BL012
,57.65,57.4,m,MENEGAZZO Silvia,2007,CF,ANA ATL.FELTRE,1 se- 2,Domegge Di Cadore,2022-05-07,https://www.fidal.it/atleta/MENEGAZZO-Silvia/eKmRlJeocGM%3D,https://www.fidal.it/societa/ANA-ATL-FELTRE/BL012
,70.05,1:09.8,m,LUZZATTO Sara,2008,CF,ANA ATL.FELTRE,4 su- 1,Alpago,2022-04-09,https://www.fidal.it/atleta/LUZZATTO-Sara/eKmRlJmnamM%3D,https://www.fidal.it/societa/ANA-ATL-FELTRE/BL012
,48.65,48.4,m,ANDREOLI Antonio,2008,CM,ANA ATL.FELTRE,1 su- 1,Belluno,2023-04-01,https://www.fidal.it/atleta/ANDREOLI-Antonio/eKmRlJmmbmM%3D,https://www.fidal.it/societa/ANA-ATL-FELTRE/BL012
,57.25,57.0,m,BERTELLE Arianna,2008,CF,ANA ATL.FELTRE,3 su- 1,Borgo Valbelluna,2023-09-02,https://www.fidal.it/atleta/BERTELLE-Arianna/eKmRlJikbGM%3D,https://www.fidal.it/societa/ANA-ATL-FELTRE/BL012
,63.75,1:03.5,m,LUZZATTO Sara,2008,CF,ANA ATL.FELTRE,4 su- 1,Borgo Valbelluna,2023-09-02,https://www.fidal.it/atleta/LUZZATTO-Sara/eKmRlJmnamM%3D,https://www.fidal.it/societa/ANA-ATL-FELTRE/BL012
,50.62,50.62,e,FANTINEL Matilde,2010,CF,ANA ATL.FELTRE,1 se- 3,Vittorio Veneto,2024-09-21,https://www.fidal.it/atleta/FANTINEL-Matilde/eKmRlJmnbWY%3D,https://www.fidal.it/societa/ANA-ATL-FELTRE/BL012
,52.15,51.9,m,SPADA Diletta,2010,CF,ANA ATL.FELTRE,1 su- 1,Borgo Valbelluna,2024-06-15,https://www.fidal.it/atleta/SPADA-Diletta/eKmRlJmiaGw%3D,https://www.fidal.it/societa/ANA-ATL-FELTRE/BL012
,52.65,52.4,m,BRANDSTETTER Sofia martina,2010,CF,ANA ATL.FELTRE,2 su- 1,Borgo Valbelluna,2024-06-15,https://www.fidal.it/atleta/BRANDSTETTER-Sofia-martina/eKmRlJqmbWs%3D,https://www.fidal.it/societa/ANA-ATL-FELTRE/BL012
,53.93,53.93,e,SPADA Diletta,2010,CF,ANA ATL.FELTRE,1 se- 6,San Biagio Di Callalta,2024-05-18,https://www.fidal.it/atleta/SPADA-Diletta/eKmRlJmiaGw%3D,https://www.fidal.it/societa/ANA-ATL-FELTRE/BL012
,54.3,54.30,e,CASTELLAZ Anna,2010,CF,ANA ATL.FELTRE,2 se- 6,San Biagio Di Callalta,2024-05-18,https://www.fidal.it/atleta/CASTELLAZ-Anna/eKmRlJihb2M%3D,https://www.fidal.it/societa/ANA-ATL-FELTRE/BL012
,56.34,56.34,e,FANTINEL Matilde,2010,CF,ANA ATL.FELTRE,1 se- 5,San Biagio Di Callalta,2024-05-18,https://www.fidal.it/atleta/FANTINEL-Matilde/eKmRlJmnbWY%3D,https://www.fidal.it/societa/ANA-ATL-FELTRE/BL012
,59.31,59.31,e,COLMANET Ginevra,2010,CF,ANA ATL.FELTRE,3 se- 5,San Biagio Di Callalta,2024-05-18,https://www.fidal.it/atleta/COLMANET-Ginevra/eKmRlJiibGU%3D,https://www.fidal.it/societa/ANA-ATL-FELTRE/BL012
