punteggio,prestazione,tempo,cronometraggio,atleta,anno,categoria,società,posizione,luogo,data,link_atleta,link_società
986,53.0,53.00,e,TIREL Enrico,1993,JM,ANA ATL.FELTRE,7 ba- 7,Barcellona,2012-07-11,https://www.fidal.it/atleta/TIREL-Enrico/eKmRlJOjaGg%3D,https://www.fidal.it/societa/ANA-ATL-FELTRE/BL012
977,53.19,53.19,e,TIREL Enrico,1993,JM,ANA ATL.FELTRE,2 fi- 1,Misano Adriatico,2012-06-17,https://www.fidal.it/atleta/TIREL-Enrico/eKmRlJOjaGg%3D,https://www.fidal.it/societa/ANA-ATL-FELTRE/BL012
958,53.61,53.61,e,TIREL Enrico,1993,JM,ANA ATL.FELTRE,1 su- 1,Bassano Del Grappa,2012-09-16,https://www.fidal.it/atleta/TIREL-Enrico/eKmRlJOjaGg%3D,https://www.fidal.it/societa/ANA-ATL-FELTRE/BL012
948,53.81,53.81,e,TIREL Enrico,1993,JM,ANA ATL.FELTRE,2 su- 1,Cles,2012-06-07,https://www.fidal.it/atleta/TIREL-Enrico/eKmRlJOjaGg%3D,https://www.fidal.it/societa/ANA-ATL-FELTRE/BL012
938,54.04,54.04,e,TIREL Enrico,1993,JM,ANA ATL.FELTRE,1 se- 2,Caorle,2012-06-03,https://www.fidal.it/atleta/TIREL-Enrico/eKmRlJOjaGg%3D,https://www.fidal.it/societa/ANA-ATL-FELTRE/BL012
934,54.14,54.14,e,TIREL Enrico,1993,JM,ANA ATL.FELTRE,2 se- 2,Osimo,2012-06-09,https://www.fidal.it/atleta/TIREL-Enrico/eKmRlJOjaGg%3D,https://www.fidal.it/societa/ANA-ATL-FELTRE/BL012
920,54.45,54.45,e,TIREL Enrico,1993,JM,ANA ATL.FELTRE,1 ba- 1,Misano Adriatico,2012-06-16,https://www.fidal.it/atleta/TIREL-Enrico/eKmRlJOjaGg%3D,https://www.fidal.it/societa/ANA-ATL-FELTRE/BL012
919,54.46,54.46,e,TIREL Enrico,1993,JM,ANA ATL.FELTRE,3 se- 2,Treviso,2012-05-30,https://www.fidal.it/atleta/TIREL-Enrico/eKmRlJOjaGg%3D,https://www.fidal.it/societa/ANA-ATL-FELTRE/BL012
891,55.09,55.09,e,TIREL Enrico,1993,JM,ANA ATL.FELTRE,1 su- 1,Marcon,2012-05-06,https://www.fidal.it/atleta/TIREL-Enrico/eKmRlJOjaGg%3D,https://www.fidal.it/societa/ANA-ATL-FELTRE/BL012
880,55.35,55.35,e,TIREL Enrico,1993,JM,ANA ATL.FELTRE,2 se- 1,Caorle,2011-06-12,https://www.fidal.it/atleta/TIREL-Enrico/eKmRlJOjaGg%3D,https://www.fidal.it/societa/ANA-ATL-FELTRE/BL012
877,55.42,55.42,e,TIREL Enrico,1993,JM,ANA ATL.FELTRE,2 se- 1,Montebelluna,2011-05-01,https://www.fidal.it/atleta/TIREL-Enrico/eKmRlJOjaGg%3D,https://www.fidal.it/societa/ANA-ATL-FELTRE/BL012
876,55.44,55.44,e,TIREL Enrico,1993,JM,ANA ATL.FELTRE,3 se- 1,Feltre,2011-06-04,https://www.fidal.it/atleta/TIREL-Enrico/eKmRlJOjaGg%3D,https://www.fidal.it/societa/ANA-ATL-FELTRE/BL012
837,56.33,56.33,e,TIREL Enrico,1993,JM,ANA ATL.FELTRE,4 se- 4,Vicenza,2012-05-20,https://www.fidal.it/atleta/TIREL-Enrico/eKmRlJOjaGg%3D,https://www.fidal.it/societa/ANA-ATL-FELTRE/BL012
757,58.25,58.25,e,BONAN Marco,2000,AM,ANA ATL.FELTRE,1 se- 3,Bovolone,2016-06-05,https://www.fidal.it/atleta/BONAN-Marco/eKmRlJShbGM%3D,https://www.fidal.it/societa/ANA-ATL-FELTRE/BL012
745,58.54,58.54,e,BONAN Marco,2000,AM,ANA ATL.FELTRE,4 se- 1,Arzignano,2017-09-24,https://www.fidal.it/atleta/BONAN-Marco/eKmRlJShbGM%3D,https://www.fidal.it/societa/ANA-ATL-FELTRE/BL012
739,58.71,58.71,e,ZANDOMENEGHI Marco,1997,PM,ANA ATL.FELTRE,6 se- 1,Padova,2019-04-25,https://www.fidal.it/atleta/ZANDOMENEGHI-Marco/eKmRlJWjb2o%3D,https://www.fidal.it/societa/ANA-ATL-FELTRE/BL012
735,58.81,58.81,e,AGOSTINETTO Isacco,1999,AM,ANA ATL.FELTRE,2 se- 2,Bovolone,2016-06-05,https://www.fidal.it/atleta/AGOSTINETTO-Isacco/eKyRkpaga2g%3D,https://www.fidal.it/societa/ANA-ATL-FELTRE/BL012
729,58.94,58.94,e,DE PAOLI Federico,2002,PM,ANA ATL.FELTRE,2 se- 2,Padova,2022-05-15,https://www.fidal.it/atleta/DE-PAOLI-Federico/eKmRlJmfcWs%3D,https://www.fidal.it/societa/ANA-ATL-FELTRE/BL012
727,59.0,59.00,e,BONAN Marco,2000,AM,ANA ATL.FELTRE,2 se- 2,Bussolengo,2017-05-07,https://www.fidal.it/atleta/BONAN-Marco/eKmRlJShbGM%3D,https://www.fidal.it/societa/ANA-ATL-FELTRE/BL012
718,59.22,59.22,e,TONO Lorenzo,1994,PM,ANA ATL.FELTRE,3 se- 2,Bassano,2014-04-27,https://www.fidal.it/atleta/TONO-Lorenzo/eKmRlJKna2c%3D,https://www.fidal.it/societa/ANA-ATL-FELTRE/BL012
716,59.27,59.27,e,TONO Lorenzo,1994,PM,ANA ATL.FELTRE,3 se- 2,Vicenza,2014-05-11,https://www.fidal.it/atleta/TONO-Lorenzo/eKmRlJKna2c%3D,https://www.fidal.it/societa/ANA-ATL-FELTRE/BL012
713,59.34,59.34,e,ZANDOMENEGHI Marco,1997,PM,ANA ATL.FELTRE,2 se- 3,Bussolengo,2018-05-27,https://www.fidal.it/atleta/ZANDOMENEGHI-Marco/eKmRlJWjb2o%3D,https://www.fidal.it/societa/ANA-ATL-FELTRE/BL012
710,59.42,59.42,e,COLLE Nicola,1996,AM,ANA ATL.FELTRE,2 se- 4,Marcon,2013-05-12,https://www.fidal.it/atleta/COLLE-Nicola/eKmRlJSla2o%3D,https://www.fidal.it/societa/ANA-ATL-FELTRE/BL012
700,59.69,59.69,e,ZANDOMENEGHI Marco,1997,PM,ANA ATL.FELTRE,6 se- 1,L'aquila,2019-05-19,https://www.fidal.it/atleta/ZANDOMENEGHI-Marco/eKmRlJWjb2o%3D,https://www.fidal.it/societa/ANA-ATL-FELTRE/BL012
695,59.81,59.81,e,TONO Lorenzo,1994,JM,ANA ATL.FELTRE,1 se- 3,Marcon,2013-05-12,https://www.fidal.it/atleta/TONO-Lorenzo/eKmRlJKna2c%3D,https://www.fidal.it/societa/ANA-ATL-FELTRE/BL012
693,59.87,59.87,e,DE PAOLI Federico,2002,PM,ANA ATL.FELTRE,2 se- 3,Padova,2022-05-01,https://www.fidal.it/atleta/DE-PAOLI-Federico/eKmRlJmfcWs%3D,https://www.fidal.it/societa/ANA-ATL-FELTRE/BL012
690,59.94,59.94,e,AGOSTINETTO Isacco,1999,AM,ANA ATL.FELTRE,1 se- 3,Vicenza,2016-05-08,https://www.fidal.it/atleta/AGOSTINETTO-Isacco/eKyRkpaga2g%3D,https://www.fidal.it/societa/ANA-ATL-FELTRE/BL012
682,60.14,1:00.14,e,ZANDOMENEGHI Marco,1997,PM,ANA ATL.FELTRE,5 se- 2,San Biagio Di Callalta,2019-05-12,https://www.fidal.it/atleta/ZANDOMENEGHI-Marco/eKmRlJWjb2o%3D,https://www.fidal.it/societa/ANA-ATL-FELTRE/BL012
676,60.29,1:00.29,e,TONO Lorenzo,1994,PM,ANA ATL.FELTRE,3 se- 2,Vedelago,2014-09-13,https://www.fidal.it/atleta/TONO-Lorenzo/eKmRlJKna2c%3D,https://www.fidal.it/societa/ANA-ATL-FELTRE/BL012
673,60.38,1:00.38,e,AGOSTINETTO Isacco,1999,AM,ANA ATL.FELTRE,3 se- 2,Agordo,2016-05-22,https://www.fidal.it/atleta/AGOSTINETTO-Isacco/eKyRkpaga2g%3D,https://www.fidal.it/societa/ANA-ATL-FELTRE/BL012
656,60.83,1:00.83,e,DE PAOLI Federico,2002,PM,ANA ATL.FELTRE,3 se- 2,San Biagio Di Callalta,2022-07-02,https://www.fidal.it/atleta/DE-PAOLI-Federico/eKmRlJmfcWs%3D,https://www.fidal.it/societa/ANA-ATL-FELTRE/BL012
643,61.17,1:01.17,e,ZABOT Julian,2002,AM,ANA ATL.FELTRE,2 se- 2,Padova,2019-04-25,https://www.fidal.it/atleta/ZABOT-Julian/eKmRlJelbGY%3D,https://www.fidal.it/societa/ANA-ATL-FELTRE/BL012
625,61.64,1:01.64,e,MANISCALCHI Stefano,1990,SM,ANA ATL.FELTRE,3 se- 3,Vicenza,2014-05-11,https://www.fidal.it/atleta/MANISCALCHI-Stefano/eKiRlZKia2s%3D,https://www.fidal.it/societa/ANA-ATL-FELTRE/BL012
617,61.86,1:01.86,e,CECCHET Giovanni,2006,AM,ANA ATL.FELTRE,5 se- 3,Padova,2022-05-01,https://www.fidal.it/atleta/CECCHET-Giovanni/eKmRlJmfb2Q%3D,https://www.fidal.it/societa/ANA-ATL-FELTRE/BL012
594,62.49,1:02.49,e,AGOSTINETTO Isacco,1999,AM,ANA ATL.FELTRE,3 se- 4,Marcon,2015-05-10,https://www.fidal.it/atleta/AGOSTINETTO-Isacco/eKyRkpaga2g%3D,https://www.fidal.it/societa/ANA-ATL-FELTRE/BL012
584,62.78,1:02.78,e,TONO Lorenzo,1994,JM,ANA ATL.FELTRE,5 se- 1,Treviso,2012-05-30,https://www.fidal.it/atleta/TONO-Lorenzo/eKmRlJKna2c%3D,https://www.fidal.it/societa/ANA-ATL-FELTRE/BL012
583,62.81,1:02.81,e,CECCHET Giovanni,2006,AM,ANA ATL.FELTRE,4 se- 3,Padova,2022-05-15,https://www.fidal.it/atleta/CECCHET-Giovanni/eKmRlJmfb2Q%3D,https://www.fidal.it/societa/ANA-ATL-FELTRE/BL012
533,64.25,1:04.25,e,TONO Lorenzo,1994,JM,ANA ATL.FELTRE,4 se- 1,Vicenza,2012-05-20,https://www.fidal.it/atleta/TONO-Lorenzo/eKmRlJKna2c%3D,https://www.fidal.it/societa/ANA-ATL-FELTRE/BL012
527,64.43,1:04.43,e,ROLDO Demis,1985,SM,ANA ATL.FELTRE,4 se- 3,Caorle,2018-05-06,https://www.fidal.it/atleta/ROLDO-Demis/eKmRlJKhcGw%3D,https://www.fidal.it/societa/ANA-ATL-FELTRE/BL012
