COD,Società
"AL001","ATL. ALESSANDRIA"
"AL005","ATL. OVADESE ORMIG"
"AL006","A.S.D. ACCADEMIATLETICA"
"AN001","ATLETICA OSIMO"
"AN010","S.E.F. STAMURA ANCONA A.S.D."
"AN015","SPORT D.L.F. ANCONA"
"AO001","ATLETICA COGNE AOSTA"
"AO002","ATLETICA PONT DONNAS"
"AO004","ATLETICA SANDRO CALVESI"
"AP005","ASA ASCOLI PICENO"
"AP007","ATLETICA TEAM PICENO ASD"
"AP034","COLLECTION ATLETICA SAMBENEDET"
"AQ006","A.S.D. ATLETICA L'AQUILA"
"AR053","ALGA ATLETICA AREZZO"
"AR058","POL. RINASCITA MONTEVARCHI"
"AR505","ASD BBP ATHLETIC"
"AT001","S.S. VITTORIO ALFIERI ASTI"
"AV208","ASD ENTERPRISE SPORT & SERVICE"
"BA005","AMATORI ATL. ACQUAVIVA"
"BA006","ASD GIOVANI ATLETI BARI 1969"
"BA007","CUS BARI"
"BA008","ASD ELITE ACADEMY BARI"
"BA089","ALTERATLETICA LOCOROTONDO"
"BA772","ASD POLISPORTIVA PAOLO SASSO"
"BG003","ATL. BERGAMO 1959 ORIOCENTER"
"BG036","ATL. SALETTI"
"BG045","ATL. PIANURA BERGAMASCA"
"BG135","G. ALPINISTICO VERTOVESE"
"BG223","ATL. VALLE BREMBANA"
"BG228","U.S. ROGNO"
"BG232","POL. ATL. BREMBATE SOPRA"
"BG248","ATL. ESTRADA"
"BG371","SPORTING CLUB ALZANO"
"BG542","ATL. BRUSAPORTO"
"BG795","BERGAMO STARS ATLETICA"
"BL001","ATL.LONGARONE SINTECO"
"BL008","GS LA PIAVE 2000"
"BL009","ATHLETIC CLUB FIREX BELLUNO"
"BL012","ANA ATL.FELTRE"
"BN800","LIBERTAS AMATORI ATLETICA LEGG"
"BO002","ACQUADELA ASD"
"BO007","ASD VIRTUS SEZ. ATL. EMILSIDER"
"BO011","C.S. CARABINIERI SEZ. ATLETICA"
"BO014","ATL. IMOLA SACMI AVIS"
"BO015","A.S.D. FRANCESCO FRANCIA"
"BO506","A.S.D. PONTEVECCHIO BOLOGNA"
"BO522","POLISPORTIVA ATLETICO BORGO PA"
"BS179","ASD ATLETICA LEONESSA"
"BS181","ATL. BRESCIA 1950"
"BS199","ATL. VALLECAMONICA"
"BS303","OLYMPIA ATHLETIC TEAM"
"BS318","ATL. CHIARI 1964 LIB."
"BS319","ATL. RODENGO SAIANO MICO"
"BS355","U. ATL. VALTROMPIA"
"BS364","G.S. ATL. REZZATO"
"BS575","ATL. VIRTUS CASTENEDOLO"
"BS607","ATL. POMPIANO"
"BS692","A.S.D. C.U.S. BRESCIA"
"BZ008","SSV BRUNECK VOLKSBANK ASV"
"BZ011","S.V. LANA - RAIKA ASV"
"BZ013","ASV STERZING VOLKSBANK"
"BZ023","ASV L.C. BOZEN RAIFFEISEN"
"BZ066","ATHLETIC CLUB 96 ALPERIA"
"BZ068","S.G EISACKTAL RAIFFEISEN ASV"
"BZ071","C.S.S. LEONARDO DA VINCI"
"CA001","C.U.S. CAGLIARI"
"CA002","S G AMSICORA"
"CA012","ATLETICA SELARGIUS"
"CA032","AS TESPIENSE QUARTU"
"CA036","POL LIBERTAS CAMPIDANO"
"CA198","OLYMPIA VILLACIDRO"
"CB005","GRUPPO SPORTIVO VIRTUS"
"CB006","POLISPORTIVA MOLISE CAMPOBASSO"
"CB061","ATHLETIC CLUB TERMOLI ASD"
"CE035","ATLETICA AVERSA CENTROSANTULLI"
"CH172","POLISPORTIVA TETHYS CHIETI"
"CH183","A.S.D. UNIONE ATLETICA ABRUZZO"
"CN001","A.S.D. ATL. FOSSANO '75"
"CN005","ATL. MONDOVI'-ACQUA S.BERNARDO"
"CN008","A.S.D. ATLETICA ALBA"
"CN020","A.S.D. ATLETICA ROATA CHIUSANI"
"CO011","MERATE ATLETICA PROMOLINE"
"CO015","A.S.D. U.P. MISSAGLIA"
"CO017","ATL. TRIANGOLO LARIANO"
"CO023","ATL. ROVELLASCA"
"CO056","G.S. BERNATESE"
"CO208","ATL. LECCO-COLOMBO COSTRUZ."
"CO294","G.S. VIRTUS CALCO"
"CO487","ASD ATLETICA 87"
"CO546","UNIONE SPORTIVA ALBATESE ASD"
"CO744","A.G. COMENSE S.S.D. A R.L."
"CO920","LIETO COLLE ASD"
"CO976","A.S.D. ATLETICA ANDROMEDA"
"CR041","CREMONA SPORTIVA ATL. ARVEDI"
"CR150","ASD INTERFLUMINA E' PIU' POMI'"
"CR810","ASD NUOVA VIRTUS CREMA"
"CS361","COSENZA K42"
"CT361","A.S.D. SCUOLA DI A.L. CATANIA"
"CT734","ASD ALTIS ATHLETICS"
"FC038","EDERA ATL. FORLI"
"FC049","ATL. ENDAS  CESENA"
"FC542","LIBERTAS ATLETICA FORLI'"
"FE025","ATL. BONDENO"
"FE026","C.U.S. FERRARA A.S.D."
"FE378","ATLETICA ESTENSE"
"FE596","A.S.D. ATLETICA COPPARO"
"FG202","U.S. FOGGIA ATL. LEGGERA"
"FG210","ASD US FOGGIA SCUOLA NAZ. ASTA"
"FI001","ASSI GIGLIO ROSSO FIRENZE"
"FI002","ATLETICA FIRENZE MARATHON S.S."
"FI005","ATL.SESTESE"
"FI007","TOSCANA ATL.EMPOLI NISSAN"
"FI009","PROSPORT ATL. FIRENZE"
"FI018","TOSCANA ATLETICA"
"FI023","ATL. FUCECCHIO"
"FI025","ATLETICA CALENZANO"
"FI029","ATLETICA CAMPI BISENZIO"
"FM003","SPORT ATL. FERMO"
"FM050","TEAM ATLETICA MARCHE"
"GE002","A.S.D.  C.U.S. GENOVA"
"GE012","ATLETICA LEVANTE"
"GE016","ATL. UNIVERSALE  DON BOSCO"
"GO047","ATLETICA MONFALCONE"
"GO050","ATLETICA GORIZIA"
"GR065","ATLETICA GROSSETO BANCA TEMA"
"IM029","ASD MAURINA OLIO CARLI"
"IM038","A.S. ATLETICA 2000 BORDIGHERA"
"IS010","ATLETICA ISERNIA"
"LE658","A.P.S. DUE MONDI"
"LI035","ATL.LIBERTAS UNICUSANO LIVORNO"
"LI036","ATLETICA LIVORNO"
"LI038","CENTRO ATLETICA PIOMBINO"
"LI332","C.G. ATLETICA COSTA ETRUSCA"
"LT275","NISSOLINO INTESATLETICA LATINA"
"LT302","SSD FORMIA ATL. LEGGERA A R.L."
"LU100","A.S. ATLETICA VIRTUS LUCCA"
"LU104","ATL.PIETRASANTA VERSILIA"
"MC004","ATL. AVIS MACERATA"
"MC007","GROTTINI TEAM RECANATI ASD"
"MC008","S.E.F. MACERATA"
"MC011","ATLETICA CIVITANOVA"
"MC042","A.S.D. ATLETICA AMA CIVITANOVA"
"ME112","ASD DUILIA BARCELLONA P.G."
"ME740","ATLETICA SAVOCA SSD A RL"
"MI008","ACCADEMIA MELEGNANO ATL ASD"
"MI065","ATL. CONCOREZZO"
"MI066","SCUOLA SPORTIVA ATL. PUNTO IT"
"MI068","ATHLETIC CLUB VILLASANTA"
"MI077","CUS PROPATRIA MILANO"
"MI080","ATL. RICCARDI MILANO 1946"
"MI087","5 CERCHI SEREGNO"
"MI089","PRO SESTO ATL. CERNUSCO"
"MI093","SEZ. ATL. ORATORIO CORNAREDO"
"MI158","ATL. GESSATE"
"MI160","S.O.I. INVERUNO"
"MI161","ATLETICA P.A.R. CANEGRATE"
"MI214","ATL. VIS NOVA GIUSSANO"
"MI218","N.ATL. FANFULLA LODIGIANA"
"MI221","BRACCO ATLETICA"
"MI242","ALA ATL. ABBIATEGRASSO"
"MI244","U.S. SANGIORGESE"
"MI265","ROAD RUNNERS CLUB MILANO"
"MI330","ASPES SSD RL"
"MI352","EUROATLETICA 2002"
"MI710","ASD ATLETICA MONZA"
"MI770","ATLETICA MENEGHINA"
"MI774","TEAM-A LOMBARDIA"
"MI798","MILANO ATLETICA"
"MI820","RICCARDI ACADEMY ASD"
"MI844","ATHLETIC ELITE TRACK AND FIELD"
"MI922","ATLETICA DESIO ASD"
"MN043","ASD LIB. MANTOVA MASCH-FEMM."
"MN406","ATL. RIGOLETTO"
"MO052","ASD LA FRATELLANZA 1874"
"MO057","S.G.LA PATRIA 1879 CARPI"
"MO060","POL. CASTELFRANCO EMILIA"
"MO497","MODENA ATLETICA  ASD"
"NA064","A.P.D. AMATORI ATLETICA NAPOLI"
"NA965","RUNNING CLUB NAPOLI"
"NO001","SOCIETA' ATLETICA BELLINZAGO"
"NO004","A.S.D. G.A.O. OLEGGIO"
"NO020","TEAM ATLETICO-MERCURIO NOVARA"
"PA001","A.S.D. C.U.S. PALERMO"
"PA749","ASD SICILIA RUNNING TEAM"
"PC084","ATL. PIACENZA"
"PC461","A.S.D. ATLETICA CINQUE CERCHI"
"PD131","G.S. FIAMME ORO PADOVA"
"PD137","C.A.S.A. ATLETICA"
"PD140","ASSINDUSTRIA SPORT"
"PD141","ATLETICA VIS ABANO"
"PD143","C.U.S. PADOVA"
"PD146","ATLETICA LIB. S.A.N.P."
"PD161","ATLETICA GALLIERA VENETA"
"PD197","CORPO LIBERO SSD ARL"
"PE001","ASD U.S. ATERNO PESCARA"
"PE175","PASSOLOGICO"
"PG018","ATL. ARCS CUS PERUGIA"
"PG070","ATLETICA WINNER FOLIGNO"
"PG089","A.S.D EDUCARE CON IL MOVIMENTO"
"PG109","ATLETICA PERUGIA TEAM SSD A RL"
"PI071","CUS PISA"
"PI081","ATLETICA CASCINA"
"PI144","ASD PONTEDERA ATLETICA"
"PI473","ASD SAN GIULIANO SPORT"
"PN002","LIB SANVITESE A.L. O. DURIGON"
"PN024","NUOVA POL. DIL.LIBERTAS SACILE"
"PN025","LIBERTAS CASARSA"
"PN039","ATL BRUGNERA PN FRIULINTAGLI"
"PN049","POLISPORTIVA AZZANESE"
"PN088","ATLETICA DOLOMITI FRIULANE"
"PN528","ATLETICA EDILMARKET SANDRIN"
"PO149","ASD ATLETICA  PRATO"
"PR068","C.U.S. PARMA"
"PR077","ATLETICA PARMA SPRINT"
"PR436","CIRCOLO MINERVA ASD"
"PT115","PISTOIATLETICA 1983"
"PT118","ASD ATLETICA PISTOIA"
"PU001","ATLETICA FANO TECHFEM"
"PU027","PESARO ATHLETIC FIELD"
"PV108","C.U.S. PAVIA"
"PV110","ATL.  CENTO TORRI PAVIA"
"PV245","ATL. IRIENSE VOGHERA"
"PV410","ATLETICA VIGEVANO"
"RA093","ATLETICA LUGO"
"RA094","ATLETICA 85 FAENZA"
"RA095","ATLETICA RAVENNA SSD A RL"
"RE105","G.S.SELF ATL. MONTANARI GRUZZA"
"RE106","CALCESTRUZZI CORRADINI EXCELS."
"RE107","ATLETICA GUASTALLA REGGIOLO"
"RE128","ATL. REGGIO ASD"
"RE346","ATL. CASTELNOVO MONTI"
"RI223","ATL.STUD. RIETI ANDREA MILARDI"
"RM002","G.S. FIAMME AZZURRE"
"RM005","ATL. SABATINA"
"RM014","A.S.D. LIBERATLETICA"
"RM046","ASD ACSI ATLETICA CAMPIDOGLIO"
"RM050","S.S. LAZIO ATLETICA LEGGERA"
"RM052","C.S. ESERCITO"
"RM056","G.A. FIAMME GIALLE"
"RM057","FIAMME GIALLE G. SIMONI"
"RM068","TIRRENO ATLETICA CIVITAVECCHIA"
"RM071","A.S.D. KRONOS ROMA"
"RM113","ASD NISSOLINO ATL. AREA ROMA"
"RM115","ASD ATLETICA LA SBARRA ROMA"
"RM131","A.S.D. ACSI FUTURATLETICA"
"RM161","ATL. ROMA ACQUACETOSA"
"RM218","AL SPORT & GIOVANI ASD"
"RM232","ASD ROMATLETICA"
"RM243","SPORT RACE S.S.D. A R.L."
"RM342","ATLETICA TIVOLI"
"RM362","A.S.D. ATLETICA TOR TRE TESTE"
"RM363","SSD NISSOLINO SPORT SRL ASU"
"RM364","ASD MONTI AVENTINO"
"RM367","A.S.D. P. ASTRA ATLETICA"
"RM404","A.O.C. TEAM STADIO PAOLO ROSI"
"RM416","ASD NISSOLINO OSTIA ATLETICA"
"RN037","G.S. ATLETICA 75 CATTOLICA"
"RN273","ATL. RIMINI NORD SANTARCANGELO"
"RN471","ATLETICA SANTAMONICA MISANO"
"RO313","DISCOBOLO ATLETICA ROVIGO ASD"
"RS010","LIB.ATL. CASTELGANDOLFO-ALBANO"
"RS050","A.S.D. OLIMPIA ATLETICA"
"RS067","A.S.D. ATL. POMEZIA"
"RS082","ATLETICA LANUVIUM NEPTUNIA ASD"
"RS521","ASD NISSOLINO ATL. VELLETRI"
"SA126","ASD ATLETICA VIS NOVA"
"SA127","IDEATLETICA AURORA"
"SA128","A.S.D. ATL. AGROPOLI"
"SA645","ASD DONATELLA EBOLI ATLETICA"
"SI043","UISP ATLETICA SIENA"
"SI361","ATLETICA 2005"
"SM278","OLIMPUS SAN MARINO ATLETICA"
"SP042","A.S. ATLETICA SARZANA"
"SP573","ASD ATLETICA SPEZIA DUFERCO"
"SR128","A.S. DIL. MILONE"
"SR130","A.S.DIL. ATLETICA SIRACUSA"
"SR248","SIRACUSATLETICA"
"SS220","A.S.D. ICHNOS SASSARI"
"SS228","SHARDANA ASD"
"SS284","A.S.D. ACADEMY OLBIA ATLETICA"
"SV019","ATLETICA VARAZZE"
"SV022","CENTRO ATLETICA CELLE LIGURE"
"SV026","A.S.D. ATLETICA ALBA DOCILIA"
"SV070","ATLETICA ARCOBALENO SAVONA"
"TA408","A.S PODISTICA TARAS"
"TE138","ASD ATLETICA GRAN SASSO TERAMO"
"TN101","ATLETICA TRENTO"
"TN102","ATL.  VALLI DI NON E SOLE"
"TN104","GS VALSUGANA TRENTINO"
"TN109","U.S. QUERCIA DAO CONAD"
"TN131","LAGARINA CRUS TEAM"
"TN135","ATLETICA ALTO GARDA E LEDRO"
"TN500","ATLETICA VALLE DI CEMBRA"
"TN524","G.S. TRILACUM"
"TN527","ATLETICA ROTALIANA"
"TO001","BATTAGLIO C.U.S. TORINO ATL"
"TO002","SISPORT SSD"
"TO015","ATLETICA CANAVESANA"
"TO016","ASDP ATLETICA PINEROLO"
"TO036","G.S. ATLETICA RIVOLI A.S.D."
"TO037","ATLETICA IVREA"
"TO047","A.S.D. BORGARETTO 75"
"TO076","POLISPORT. NOVATLETICA CHIERI"
"TO164","A.S.D. ATLETICA TEAM CARIGNANO"
"TO226","SAFATLETICA PIEMONTE ASD"
"TO247","SAFATLETICA SSD A RL"
"TR024","ASS.ATL.LIBERTAS ORVIETO"
"TR040","#ILOVERUN ATHLETIC TERNI"
"TS044","TRIESTE ATLETICA"
"TS099","POLISPORTIVA TRIVENETO TRIESTE"
"TS100","TRIESTE TRASPORTI ATL. GIOV."
"TS536","EVINRUDE"
"TV335","ATL.MONTEBELLUNA"
"TV339","ATLETICA PONZANO"
"TV340","ATLETICA VILLORBA"
"TV341","ATLETICA SILCA CONEGLIANO"
"TV342","ATLETICA STIORE TREVISO"
"TV349","ASD ATLETICA QUINTO"
"TV352","A.S.D. ATLETICA SAN BIAGIO"
"TV354","TREVISATLETICA"
"TV359","GRUPPO ATLETICA VEDELAGO ASD"
"TV360","NUOVA ATLETICA RONCADE"
"TV398","A.S.D. TEAM TREVISO"
"TV406","ATL-ETICA IMPRESA SOCIALE SSD"
"TV409","VITTORIO ATLETICA ASD APS"
"UD018","LIBERTAS FRIUL PALMANOVA"
"UD026","POL. LIB. MERETO DI TOMBA"
"UD030","ATLETICA MALIGNANI LIBERTAS UD"
"UD110","ATLETICA 2000"
"UD121","LUPIGNANUM TRACK&FIELD"
"UD503","GEMONATLETICA S.R.L. DIL."
"VA050","ATL. CAIRATESE"
"VA117","ATL. MALNATE"
"VA119","ATL. O.S.A. SARONNO LIB."
"VA121","PRO PATRIA A.R.C. BUSTO A."
"VA123","CUS INSUBRIA VARESE COMO"
"VA129","POL. OLONIA"
"VA130","N. ATL. VARESE"
"VA133","SESTO 76"
"VA394","ATL. ARCISATE"
"VA476","ATL. TRADATE"
"VA550","ATL. GAVIRATE"
"VA731","ATL. GALLARATESE"
"VA918","VARESE ATLETICA A.S.D."
"VC002","UNIONE GIOVANE BIELLA"
"VC019","ATL. STRONESE-NUOVA NORDAFFARI"
"VC020","G.S. ERMENEGILDO ZEGNA"
"VC073","ASD FUTURATLETICA PIEMONTE"
"VE464","ATLETICA AUDACE NOALE ASD"
"VE471","ASD ATLETICA MARCON"
"VE472","LA FENICE 1923 MESTRE"
"VE473","ATLETICA RIVIERA DEL BRENTA"
"VE474","GA ARISTIDE COIN VENEZIA 1949"
"VE528","ATLETICA SAN DONA' - ERACLEA"
"VE539","POL.GAZZERA OLIMPIA CHIRIGNAGO"
"VE542","ASD BUNKER SPORT"
"VI614","GRUPPO ATLETICO BASSANO 1948"
"VI616","ATL. MAROSTICA VIMAR"
"VI617","NOVATLETICA CITTA DI SCHIO ASD"
"VI619","ASI ATLETICA BREGANZE"
"VI621","POLISPORTIVA DUEVILLE"
"VI622","CSI ATL. PROVINCIA DI VICENZA"
"VI623","ASSOCIAZIONE ATLETICA N.E.VI."
"VI624","A.S.D. RISORGIVE APS"
"VI626","ATL.VICENTINA"
"VI632","GR.SP.DIL.SCOL MARCONI CASSOLA"
"VI644","POLISPORTIVA VALDAGNO"
"VI656","ASD ATLETICA OVEST VICENTINO"
"VI686","ATLETICA PEDEMONTANA VENETA"
"VR761","ATL. INSIEME VERONA"
"VR762","ATL. VR ASD PINDEMONTE"
"VR769","POL. LIBERTAS LUPATOTINA"
"VR775","ATLETICA BOVOLONE"
"VR777","U.S. INTREPIDA"
"VR781","A.S.D. ATLETICA VALPOLICELLA"
"VR784","FONDAZIONE M. BENTEGODI"
"VR825","C.U.S. VERONA SEZ. ATLETICA"
"VR846","ASD ATLETICA SBV"
"VT207","ASD ATLETICA VITERBO"
