punteggio,prestazione,tempo,cronometraggio,atleta,anno,categoria,società,posizione,luogo,data,link_atleta,link_società
869,391.46,6:31.46,e,FANTINEL Ilaria,1998,CF,ANA ATL.FELTRE,2 se- 1,Bassano Del Grappa,2013-06-02,https://www.fidal.it/atleta/FANTINEL-Ilaria/eKmRlJWlbWU%3D,https://www.fidal.it/societa/ANA-ATL-FELTRE/BL012
864,392.46,6:32.46,e,FANTINEL Ilaria,1998,CF,ANA ATL.FELTRE,1 su- 1,Feltre,2013-06-22,https://www.fidal.it/atleta/FANTINEL-Ilaria/eKmRlJWlbWU%3D,https://www.fidal.it/societa/ANA-ATL-FELTRE/BL012
857,394.0,6:34.00,e,FANTINEL Ilaria,1998,CF,ANA ATL.FELTRE,2 su- 1,Fidenza,2013-06-09,https://www.fidal.it/atleta/FANTINEL-Ilaria/eKmRlJWlbWU%3D,https://www.fidal.it/societa/ANA-ATL-FELTRE/BL012
839,397.84,6:37.84,e,D'ALBERTO Arianna,2000,JF,ANA ATL.FELTRE,3 su- 1,Rubiera,2019-09-15,https://www.fidal.it/atleta/D-ALBERTO-Arianna/eKmRlJWmaGs%3D,https://www.fidal.it/societa/ANA-ATL-FELTRE/BL012
835,398.61,6:38.61,e,FANTINEL Ilaria,1998,CF,ANA ATL.FELTRE,1 se- 1,Trento,2013-08-06,https://www.fidal.it/atleta/FANTINEL-Ilaria/eKmRlJWlbWU%3D,https://www.fidal.it/societa/ANA-ATL-FELTRE/BL012
835,398.51,6:38.51,e,FANTINEL Ilaria,1998,CF,ANA ATL.FELTRE,2 su- 1,Caprino Veronese,2013-09-29,https://www.fidal.it/atleta/FANTINEL-Ilaria/eKmRlJWlbWU%3D,https://www.fidal.it/societa/ANA-ATL-FELTRE/BL012
828,400.15,6:39.9,m,FANTINEL Ilaria,1998,CF,ANA ATL.FELTRE,1 se- 1,Belluno,2013-05-04,https://www.fidal.it/atleta/FANTINEL-Ilaria/eKmRlJWlbWU%3D,https://www.fidal.it/societa/ANA-ATL-FELTRE/BL012
806,404.81,6:44.81,e,FANTINEL Ilaria,1998,CF,ANA ATL.FELTRE,7 se- 2,Jesolo,2012-10-06,https://www.fidal.it/atleta/FANTINEL-Ilaria/eKmRlJWlbWU%3D,https://www.fidal.it/societa/ANA-ATL-FELTRE/BL012
795,337.05,5:36.8,m,POLESANA Federico,1994,SM,ANA ATL.FELTRE,2 se- 3,Feltre,2022-04-13,https://www.fidal.it/atleta/POLESANA-Federico/eKmRlJOoaWs%3D,https://www.fidal.it/societa/ANA-ATL-FELTRE/BL012
790,337.65,5:37.4,m,MINELLA Loris,1986,SM35,ANA ATL.FELTRE,3 se- 3,Feltre,2022-04-13,https://www.fidal.it/atleta/MINELLA-Loris/eKmRlJKnamo%3D,https://www.fidal.it/societa/ANA-ATL-FELTRE/BL012
785,409.36,6:49.36,e,FANTINEL Ilaria,1998,CF,ANA ATL.FELTRE,2 su- 1,Marostica,2012-09-23,https://www.fidal.it/atleta/FANTINEL-Ilaria/eKmRlJWlbWU%3D,https://www.fidal.it/societa/ANA-ATL-FELTRE/BL012
781,338.66,5:38.66,e,SCOPEL Mattia,2000,SM,ANA ATL.FELTRE,4 se- 1,Rovereto,2024-04-14,https://www.fidal.it/atleta/SCOPEL-Mattia/eKmRlJija2g%3D,https://www.fidal.it/societa/ANA-ATL-FELTRE/BL012
776,339.27,5:39.27,e,BONAN Marco,2000,JM,ANA ATL.FELTRE,4 se- 2,Rubiera,2019-09-15,https://www.fidal.it/atleta/BONAN-Marco/eKmRlJShbGM%3D,https://www.fidal.it/societa/ANA-ATL-FELTRE/BL012
770,412.65,6:52.4,m,D'ALBERTO Arianna,2000,CF,ANA ATL.FELTRE,1 se- 1,Belluno,2015-09-12,https://www.fidal.it/atleta/D-ALBERTO-Arianna/eKmRlJWmaGs%3D,https://www.fidal.it/societa/ANA-ATL-FELTRE/BL012
770,412.63,6:52.63,e,FANTINEL Ilaria,1998,CF,ANA ATL.FELTRE,3 se- 1,Trento,2012-08-07,https://www.fidal.it/atleta/FANTINEL-Ilaria/eKmRlJWlbWU%3D,https://www.fidal.it/societa/ANA-ATL-FELTRE/BL012
767,413.22,6:53.22,e,ZAETTA Chiara,1992,CF,ANA ATL.FELTRE,2 se- 1,Verona,2007-06-03,https://www.fidal.it/atleta/ZAETTA-Chiara/eKmRlJKmbWk%3D,https://www.fidal.it/societa/ANA-ATL-FELTRE/BL012
767,413.09,6:53.09,e,STALLIVIERE Veronica,1992,CF,ANA ATL.FELTRE,6 su- 1,Mogliano Veneto,2007-09-30,https://www.fidal.it/atleta/STALLIVIERE-Veronica/eKmRlJKna2U%3D,https://www.fidal.it/societa/ANA-ATL-FELTRE/BL012
763,413.97,6:53.97,e,STALLIVIERE Veronica,1992,CF,ANA ATL.FELTRE,12 se- 2,Ravenna,2007-10-13,https://www.fidal.it/atleta/STALLIVIERE-Veronica/eKmRlJKna2U%3D,https://www.fidal.it/societa/ANA-ATL-FELTRE/BL012
747,417.53,6:57.53,e,ROSSA Marilena,2002,JF,ANA ATL.FELTRE,9 se- 1,Rovereto,2021-04-18,https://www.fidal.it/atleta/ROSSA-Marilena/eKmRlJSlbWM%3D,https://www.fidal.it/societa/ANA-ATL-FELTRE/BL012
746,417.95,6:57.7,m,ZAETTA Chiara,1992,CF,ANA ATL.FELTRE,3 se- 1,Nove,2006-10-01,https://www.fidal.it/atleta/ZAETTA-Chiara/eKmRlJKmbWk%3D,https://www.fidal.it/societa/ANA-ATL-FELTRE/BL012
744,418.35,6:58.35,e,ZAETTA Chiara,1992,CF,ANA ATL.FELTRE,8 su- 1,Mogliano Veneto,2007-09-30,https://www.fidal.it/atleta/ZAETTA-Chiara/eKmRlJKmbWk%3D,https://www.fidal.it/societa/ANA-ATL-FELTRE/BL012
734,420.46,7:00.46,e,D'ALBERTO Arianna,2000,JF,ANA ATL.FELTRE,5 su- 1,Rovereto,2018-04-15,https://www.fidal.it/atleta/D-ALBERTO-Arianna/eKmRlJWmaGs%3D,https://www.fidal.it/societa/ANA-ATL-FELTRE/BL012
728,421.95,7:01.7,m,PRADEL Meryl,1992,SF,ANA ATL.FELTRE,2 su- 1,Feltre,2022-04-13,https://www.fidal.it/atleta/PRADEL-Meryl/eKmRlJeoa2M%3D,https://www.fidal.it/societa/ANA-ATL-FELTRE/BL012
720,423.59,7:03.59,e,CHIESURIN Gioia,2001,PF,ANA ATL.FELTRE,2 se- 2,Rovereto,2021-04-18,https://www.fidal.it/atleta/CHIESURIN-Gioia/eKmRlJilcGk%3D,https://www.fidal.it/societa/ANA-ATL-FELTRE/BL012
720,423.57,7:03.57,e,PAGANIN Agnese,2003,JF,ANA ATL.FELTRE,1 se- 2,Rovereto,2021-04-18,https://www.fidal.it/atleta/PAGANIN-Agnese/eKmRlJegaWw%3D,https://www.fidal.it/societa/ANA-ATL-FELTRE/BL012
718,424.15,7:03.9,m,ZAETTA Chiara,1992,CF,ANA ATL.FELTRE,2 se- 1,Marcon,2006-09-03,https://www.fidal.it/atleta/ZAETTA-Chiara/eKmRlJKmbWk%3D,https://www.fidal.it/societa/ANA-ATL-FELTRE/BL012
713,425.15,7:04.9,m,COLUSSI Leila,2006,AF,ANA ATL.FELTRE,4 su- 1,Feltre,2022-04-13,https://www.fidal.it/atleta/COLUSSI-Leila/eKmRlJeob2s%3D,https://www.fidal.it/societa/ANA-ATL-FELTRE/BL012
708,347.75,5:47.5,m,DEOLA Ruben iavor,2000,JM,ANA ATL.FELTRE,4 se- 2,Rovereto,2019-04-14,https://www.fidal.it/atleta/DEOLA-Ruben-iavor/eKmRlJSfaWk%3D,https://www.fidal.it/societa/ANA-ATL-FELTRE/BL012
708,426.41,7:06.41,e,ZAETTA Chiara,1992,CF,ANA ATL.FELTRE,4 su- 1,Trento,2007-08-07,https://www.fidal.it/atleta/ZAETTA-Chiara/eKmRlJKmbWk%3D,https://www.fidal.it/societa/ANA-ATL-FELTRE/BL012
707,347.95,5:47.7,m,BATTISTEL Samuele,2004,JM,ANA ATL.FELTRE,5 se- 3,Feltre,2022-04-13,https://www.fidal.it/atleta/BATTISTEL-Samuele/eKmRlJahaGM%3D,https://www.fidal.it/societa/ANA-ATL-FELTRE/BL012
707,347.95,5:47.7,m,BONAN Marco,2000,JM,ANA ATL.FELTRE,5 se- 2,Rovereto,2019-04-14,https://www.fidal.it/atleta/BONAN-Marco/eKmRlJShbGM%3D,https://www.fidal.it/societa/ANA-ATL-FELTRE/BL012
697,428.95,7:08.7,m,PRADEL Meryl,1992,SF,ANA ATL.FELTRE,3 su- 1,Rovereto,2019-04-14,https://www.fidal.it/atleta/PRADEL-Meryl/eKmRlJeoa2M%3D,https://www.fidal.it/societa/ANA-ATL-FELTRE/BL012
692,430.05,7:09.8,m,MENEGAZZO Silvia,2007,CF,ANA ATL.FELTRE,5 su- 1,Feltre,2022-09-21,https://www.fidal.it/atleta/MENEGAZZO-Silvia/eKmRlJeocGM%3D,https://www.fidal.it/societa/ANA-ATL-FELTRE/BL012
688,350.32,5:50.32,e,BONAN Marco,2000,AM,ANA ATL.FELTRE,5 su- 1,Rovereto,2017-04-22,https://www.fidal.it/atleta/BONAN-Marco/eKmRlJShbGM%3D,https://www.fidal.it/societa/ANA-ATL-FELTRE/BL012
681,432.64,7:12.64,e,DA RIN DE MONEGO Beatrice,2003,AF,ANA ATL.FELTRE,10 su- 1,Rubiera,2019-09-15,https://www.fidal.it/atleta/DA-RIN-DE-MONEGO-Beatrice/eKmRlJSmbmM%3D,https://www.fidal.it/societa/ANA-ATL-FELTRE/BL012
677,433.66,7:13.66,e,GIOVANELLI Anna,1997,CF,ANA ATL.FELTRE,3 su- 1,Feltre,2011-06-18,https://www.fidal.it/atleta/GIOVANELLI-Anna/eKmRlJSjbGY%3D,https://www.fidal.it/societa/ANA-ATL-FELTRE/BL012
668,352.99,5:52.99,e,BONAN Marco,2000,JM,ANA ATL.FELTRE,5 se- 2,Rovereto,2018-04-15,https://www.fidal.it/atleta/BONAN-Marco/eKmRlJShbGM%3D,https://www.fidal.it/societa/ANA-ATL-FELTRE/BL012
662,353.76,5:53.76,e,POLESANA Filippo,2000,PM,ANA ATL.FELTRE,1 se- 2,Rovereto,2021-04-18,https://www.fidal.it/atleta/POLESANA-Filippo/eKmRlJSobGY%3D,https://www.fidal.it/societa/ANA-ATL-FELTRE/BL012
662,353.7,5:53.70,e,DAL SASSO Alberto,1998,CM,ANA ATL.FELTRE,2 su- 1,Fidenza,2013-06-09,https://www.fidal.it/atleta/DAL-SASSO-Alberto/eKmRlJWfbGs%3D,https://www.fidal.it/societa/ANA-ATL-FELTRE/BL012
657,438.33,7:18.33,e,SPADA Chiara,1997,CF,ANA ATL.FELTRE,8 se- 1,Trento,2011-08-02,https://www.fidal.it/atleta/SPADA-Chiara/eKmRlJSicWQ%3D,https://www.fidal.it/societa/ANA-ATL-FELTRE/BL012
657,438.15,7:17.9,m,SPADA Chiara,1997,CF,ANA ATL.FELTRE,1 se- 1,Belluno,2011-10-15,https://www.fidal.it/atleta/SPADA-Chiara/eKmRlJSicWQ%3D,https://www.fidal.it/societa/ANA-ATL-FELTRE/BL012
654,439.01,7:19.01,e,DE CARLI Matilde,2005,CF,ANA ATL.FELTRE,7 su- 1,Trento,2019-09-28,https://www.fidal.it/atleta/DE-CARLI-Matilde/eKmRlJWma2U%3D,https://www.fidal.it/societa/ANA-ATL-FELTRE/BL012
650,440.05,7:19.8,m,STALLIVIERE Veronica,1992,CF,ANA ATL.FELTRE,5 su- 1,Abano Terme,2006-06-11,https://www.fidal.it/atleta/STALLIVIERE-Veronica/eKmRlJKna2U%3D,https://www.fidal.it/societa/ANA-ATL-FELTRE/BL012
645,441.06,7:21.06,e,MENEGAZZO Silvia,2007,CF,ANA ATL.FELTRE,7 su- 1,Venezia,2022-09-18,https://www.fidal.it/atleta/MENEGAZZO-Silvia/eKmRlJeocGM%3D,https://www.fidal.it/societa/ANA-ATL-FELTRE/BL012
644,441.27,7:21.27,e,GIOVANELLI Anna,1997,CF,ANA ATL.FELTRE,9 se- 1,Trento,2011-08-02,https://www.fidal.it/atleta/GIOVANELLI-Anna/eKmRlJSjbGY%3D,https://www.fidal.it/societa/ANA-ATL-FELTRE/BL012
640,356.61,5:56.61,e,CAPPELLETTO Pablo luis,2002,JM,ANA ATL.FELTRE,4 se- 2,Rovereto,2021-04-18,https://www.fidal.it/atleta/CAPPELLETTO-Pablo-luis/eKmRlJSnbmo%3D,https://www.fidal.it/societa/ANA-ATL-FELTRE/BL012
638,356.94,5:56.94,e,ROSSA Matteo,1998,CM,ANA ATL.FELTRE,10 se- 2,Jesolo,2013-10-12,https://www.fidal.it/atleta/ROSSA-Matteo/eKmRlJWoamo%3D,https://www.fidal.it/societa/ANA-ATL-FELTRE/BL012
636,443.28,7:23.28,e,SPADA Chiara,1997,CF,ANA ATL.FELTRE,4 su- 1,Feltre,2011-06-18,https://www.fidal.it/atleta/SPADA-Chiara/eKmRlJSicWQ%3D,https://www.fidal.it/societa/ANA-ATL-FELTRE/BL012
632,357.75,5:57.5,m,DAL SASSO Alberto,1998,CM,ANA ATL.FELTRE,1 se- 1,Caprino Veronese,2013-09-29,https://www.fidal.it/atleta/DAL-SASSO-Alberto/eKmRlJWfbGs%3D,https://www.fidal.it/societa/ANA-ATL-FELTRE/BL012
632,444.29,7:24.29,e,MENEGAZZO Silvia,2007,CF,ANA ATL.FELTRE,12 su- 1,Trento,2022-07-26,https://www.fidal.it/atleta/MENEGAZZO-Silvia/eKmRlJeocGM%3D,https://www.fidal.it/societa/ANA-ATL-FELTRE/BL012
629,444.97,7:24.97,e,SPADA Chiara,1997,CF,ANA ATL.FELTRE,7 se- 1,Belluno,2011-06-05,https://www.fidal.it/atleta/SPADA-Chiara/eKmRlJSicWQ%3D,https://www.fidal.it/societa/ANA-ATL-FELTRE/BL012
628,445.15,7:24.9,m,MENEGAZZO Silvia,2007,CF,ANA ATL.FELTRE,2 su- 1,Feltre,2022-04-13,https://www.fidal.it/atleta/MENEGAZZO-Silvia/eKmRlJeocGM%3D,https://www.fidal.it/societa/ANA-ATL-FELTRE/BL012
627,445.55,7:25.55,e,STACH Marta,1995,CF,ANA ATL.FELTRE,6 se- 1,Rovigo,2010-06-06,https://www.fidal.it/atleta/STACH-Marta/eKmRlJKna2Q%3D,https://www.fidal.it/societa/ANA-ATL-FELTRE/BL012
624,446.21,7:26.21,e,DE CARLI Matilde,2005,CF,ANA ATL.FELTRE,1 se- 2,Bovolone,2019-09-22,https://www.fidal.it/atleta/DE-CARLI-Matilde/eKmRlJWma2U%3D,https://www.fidal.it/societa/ANA-ATL-FELTRE/BL012
622,359.05,5:58.8,m,CECCHIN Simone,1996,SM,ANA ATL.FELTRE,2 se- 2,Feltre,2022-04-13,https://www.fidal.it/atleta/CECCHIN-Simone/eKmRlJaka2M%3D,https://www.fidal.it/societa/ANA-ATL-FELTRE/BL012
615,359.95,5:59.7,m,ROSSA Matteo,1998,CM,ANA ATL.FELTRE,3 se- 1,Caprino Veronese,2013-09-29,https://www.fidal.it/atleta/ROSSA-Matteo/eKmRlJWoamo%3D,https://www.fidal.it/societa/ANA-ATL-FELTRE/BL012
613,448.93,7:28.93,e,DE CARLI Matilde,2005,CF,ANA ATL.FELTRE,9 se- 1,Bassano Del Grappa,2019-05-26,https://www.fidal.it/atleta/DE-CARLI-Matilde/eKmRlJWma2U%3D,https://www.fidal.it/societa/ANA-ATL-FELTRE/BL012
613,448.85,7:28.6,m,GIOPP Alessandra,2000,CF,ANA ATL.FELTRE,4 se- 1,Belluno,2015-05-17,https://www.fidal.it/atleta/GIOPP-Alessandra/eKmRlJWlbmM%3D,https://www.fidal.it/societa/ANA-ATL-FELTRE/BL012
609,360.89,6:00.89,e,CECCHIN Simone,1996,PM,ANA ATL.FELTRE,13 se- 1,Rovereto,2016-04-17,https://www.fidal.it/atleta/CECCHIN-Simone/eKmRlJaka2M%3D,https://www.fidal.it/societa/ANA-ATL-FELTRE/BL012
604,451.05,7:30.8,m,MENEGAZZO Silvia,2007,CF,ANA ATL.FELTRE,1 su- 1,Domegge Di Cadore,2022-04-30,https://www.fidal.it/atleta/MENEGAZZO-Silvia/eKmRlJeocGM%3D,https://www.fidal.it/societa/ANA-ATL-FELTRE/BL012
601,451.95,7:31.7,m,DE CARLI Matilde,2005,CF,ANA ATL.FELTRE,1 su- 1,Agordo,2019-09-15,https://www.fidal.it/atleta/DE-CARLI-Matilde/eKmRlJWma2U%3D,https://www.fidal.it/societa/ANA-ATL-FELTRE/BL012
601,451.75,7:31.5,m,SPADA Chiara,1997,CF,ANA ATL.FELTRE,2 se- 1,Belluno,2011-04-17,https://www.fidal.it/atleta/SPADA-Chiara/eKmRlJSicWQ%3D,https://www.fidal.it/societa/ANA-ATL-FELTRE/BL012
599,452.25,7:32.0,m,COLUSSI Leila,2006,CF,ANA ATL.FELTRE,2 su- 1,Borgo Valbelluna,2021-09-01,https://www.fidal.it/atleta/COLUSSI-Leila/eKmRlJeob2s%3D,https://www.fidal.it/societa/ANA-ATL-FELTRE/BL012
598,452.48,7:32.48,e,STALLIVIERE Veronica,1992,CF,ANA ATL.FELTRE,9 su- 1,Trento,2007-08-07,https://www.fidal.it/atleta/STALLIVIERE-Veronica/eKmRlJKna2U%3D,https://www.fidal.it/societa/ANA-ATL-FELTRE/BL012
597,362.55,6:02.55,e,DAL SASSO Alberto,1998,CM,ANA ATL.FELTRE,1 su- 1,Feltre,2013-06-22,https://www.fidal.it/atleta/DAL-SASSO-Alberto/eKmRlJWfbGs%3D,https://www.fidal.it/societa/ANA-ATL-FELTRE/BL012
595,453.25,7:33.0,m,SCHENAL Anna,2004,CF,ANA ATL.FELTRE,1 se- 1,Valesella,2018-05-05,https://www.fidal.it/atleta/SCHENAL-Anna/eKmRlJajbWs%3D,https://www.fidal.it/societa/ANA-ATL-FELTRE/BL012
593,453.95,7:33.7,m,SPADA Chiara,1997,CF,ANA ATL.FELTRE,1 se- 1,Belluno,2011-09-03,https://www.fidal.it/atleta/SPADA-Chiara/eKmRlJSicWQ%3D,https://www.fidal.it/societa/ANA-ATL-FELTRE/BL012
592,454.15,7:33.9,m,GIOVANELLI Anna,1997,CF,ANA ATL.FELTRE,1 se- 1,Longarone,2011-05-20,https://www.fidal.it/atleta/GIOVANELLI-Anna/eKmRlJSjbGY%3D,https://www.fidal.it/societa/ANA-ATL-FELTRE/BL012
591,363.34,6:03.34,e,DAL SASSO Alberto,1998,CM,ANA ATL.FELTRE,1 su- 1,Majano,2013-09-07,https://www.fidal.it/atleta/DAL-SASSO-Alberto/eKmRlJWfbGs%3D,https://www.fidal.it/societa/ANA-ATL-FELTRE/BL012
586,363.99,6:03.99,e,BONAN Marco,2000,CM,ANA ATL.FELTRE,2 se- 1,Trento,2015-07-28,https://www.fidal.it/atleta/BONAN-Marco/eKmRlJShbGM%3D,https://www.fidal.it/societa/ANA-ATL-FELTRE/BL012
585,455.77,7:35.77,e,D'ALBERTO Arianna,2000,CF,ANA ATL.FELTRE,5 su- 1,Caprino Veronese,2014-09-28,https://www.fidal.it/atleta/D-ALBERTO-Arianna/eKmRlJWmaGs%3D,https://www.fidal.it/societa/ANA-ATL-FELTRE/BL012
583,456.34,7:36.34,e,STACH Marta,1995,CF,ANA ATL.FELTRE,17 su- 1,Trento,2010-08-10,https://www.fidal.it/atleta/STACH-Marta/eKmRlJKna2Q%3D,https://www.fidal.it/societa/ANA-ATL-FELTRE/BL012
581,456.84,7:36.84,e,STALLIVIERE Veronica,1992,CF,ANA ATL.FELTRE,9 se- 1,Verona,2007-06-03,https://www.fidal.it/atleta/STALLIVIERE-Veronica/eKmRlJKna2U%3D,https://www.fidal.it/societa/ANA-ATL-FELTRE/BL012
579,457.35,7:37.1,m,MENEGAZZO Silvia,2007,CF,ANA ATL.FELTRE,4 su- 1,Borgo Valbelluna,2021-09-01,https://www.fidal.it/atleta/MENEGAZZO-Silvia/eKmRlJeocGM%3D,https://www.fidal.it/societa/ANA-ATL-FELTRE/BL012
576,458.16,7:38.16,e,CORRENT Chiara,1999,CF,ANA ATL.FELTRE,17 se- 1,Trento,2014-07-29,https://www.fidal.it/atleta/CORRENT-Chiara/eKmRlJWhbGQ%3D,https://www.fidal.it/societa/ANA-ATL-FELTRE/BL012
576,458.15,7:37.9,m,STACH Marta,1995,CF,ANA ATL.FELTRE,1 se- 1,Belluno,2010-04-17,https://www.fidal.it/atleta/STACH-Marta/eKmRlJKna2Q%3D,https://www.fidal.it/societa/ANA-ATL-FELTRE/BL012
576,458.15,7:37.9,m,STALLIVIERE Veronica,1992,CF,ANA ATL.FELTRE,6 se- 1,Nove,2006-10-01,https://www.fidal.it/atleta/STALLIVIERE-Veronica/eKmRlJKna2U%3D,https://www.fidal.it/societa/ANA-ATL-FELTRE/BL012
575,365.5,6:05.50,e,DAL SASSO Alberto,1998,CM,ANA ATL.FELTRE,1 se- 1,Bassano Del Grappa,2013-06-02,https://www.fidal.it/atleta/DAL-SASSO-Alberto/eKmRlJWfbGs%3D,https://www.fidal.it/societa/ANA-ATL-FELTRE/BL012
572,366.02,6:06.02,e,PERCO Emilio,1994,CM,ANA ATL.FELTRE,5 su- 1,Mogliano Veneto,2009-09-20,https://www.fidal.it/atleta/PERCO-Emilio/eKmRlJOjaGo%3D,https://www.fidal.it/societa/ANA-ATL-FELTRE/BL012
572,459.09,7:39.09,e,MENEGAZZO Silvia,2007,CF,ANA ATL.FELTRE,9 su- 1,Vittorio Veneto,2021-09-19,https://www.fidal.it/atleta/MENEGAZZO-Silvia/eKmRlJeocGM%3D,https://www.fidal.it/societa/ANA-ATL-FELTRE/BL012
568,460.25,7:40.0,m,CORRENT Chiara,1999,CF,ANA ATL.FELTRE,2 se- 1,Belluno,2014-05-18,https://www.fidal.it/atleta/CORRENT-Chiara/eKmRlJWhbGQ%3D,https://www.fidal.it/societa/ANA-ATL-FELTRE/BL012
568,460.25,7:40.0,m,DE CARLI Matilde,2005,CF,ANA ATL.FELTRE,2 su- 1,Vittorio Veneto,2019-04-28,https://www.fidal.it/atleta/DE-CARLI-Matilde/eKmRlJWma2U%3D,https://www.fidal.it/societa/ANA-ATL-FELTRE/BL012
561,462.02,7:42.02,e,DE CARLI Matilde,2005,CF,ANA ATL.FELTRE,8 se- 1,Vittorio Veneto,2020-09-20,https://www.fidal.it/atleta/DE-CARLI-Matilde/eKmRlJWma2U%3D,https://www.fidal.it/societa/ANA-ATL-FELTRE/BL012
560,462.15,7:41.9,m,MENEGAZZO Silvia,2007,CF,ANA ATL.FELTRE,2 su- 1,San Biagio Di Callalta,2021-05-23,https://www.fidal.it/atleta/MENEGAZZO-Silvia/eKmRlJeocGM%3D,https://www.fidal.it/societa/ANA-ATL-FELTRE/BL012
559,462.35,7:42.1,m,TURRIN Lucia,2009,CF,ANA ATL.FELTRE,3 su- 1,Borgo Valbelluna,2023-06-21,https://www.fidal.it/atleta/TURRIN-Lucia/eKmRlJiibGo%3D,https://www.fidal.it/societa/ANA-ATL-FELTRE/BL012
559,462.45,7:42.2,m,D'ALBERTO Arianna,2000,CF,ANA ATL.FELTRE,3 se- 1,Feltre,2014-09-23,https://www.fidal.it/atleta/D-ALBERTO-Arianna/eKmRlJWmaGs%3D,https://www.fidal.it/societa/ANA-ATL-FELTRE/BL012
559,462.45,7:42.2,m,CORRENT Chiara,1999,CF,ANA ATL.FELTRE,3 se- 1,Feltre,2014-09-23,https://www.fidal.it/atleta/CORRENT-Chiara/eKmRlJWhbGQ%3D,https://www.fidal.it/societa/ANA-ATL-FELTRE/BL012
556,463.15,7:42.9,m,MOINO Caterina,2009,CF,ANA ATL.FELTRE,4 su- 1,Borgo Valbelluna,2023-06-21,https://www.fidal.it/atleta/MOINO-Caterina/eKmRlJiibGc%3D,https://www.fidal.it/societa/ANA-ATL-FELTRE/BL012
554,463.75,7:43.5,m,SPADA Chiara,1997,CF,ANA ATL.FELTRE,1 se- 1,Feltre,2011-06-01,https://www.fidal.it/atleta/SPADA-Chiara/eKmRlJSicWQ%3D,https://www.fidal.it/societa/ANA-ATL-FELTRE/BL012
549,369.25,6:09.0,m,PAULETTI Michele,1999,SM,ANA ATL.FELTRE,5 se- 2,Feltre,2022-04-13,https://www.fidal.it/atleta/PAULETTI-Michele/eKmRlJakamw%3D,https://www.fidal.it/societa/ANA-ATL-FELTRE/BL012
546,465.9,7:45.90,e,STACH Marta,1995,CF,ANA ATL.FELTRE,2 su- 1,Feltre,2010-05-26,https://www.fidal.it/atleta/STACH-Marta/eKmRlJKna2Q%3D,https://www.fidal.it/societa/ANA-ATL-FELTRE/BL012
546,465.86,7:45.86,e,MENEGAZZO Silvia,2007,CF,ANA ATL.FELTRE,4 se- 2,Conegliano,2021-04-25,https://www.fidal.it/atleta/MENEGAZZO-Silvia/eKmRlJeocGM%3D,https://www.fidal.it/societa/ANA-ATL-FELTRE/BL012
546,465.75,7:45.5,m,DE CARLI Matilde,2005,CF,ANA ATL.FELTRE,3 su- 1,Pederobba,2020-09-27,https://www.fidal.it/atleta/DE-CARLI-Matilde/eKmRlJWma2U%3D,https://www.fidal.it/societa/ANA-ATL-FELTRE/BL012
543,466.65,7:46.4,m,GIOPP Alessandra,2000,CF,ANA ATL.FELTRE,5 se- 1,Feltre,2014-09-23,https://www.fidal.it/atleta/GIOPP-Alessandra/eKmRlJWlbmM%3D,https://www.fidal.it/societa/ANA-ATL-FELTRE/BL012
541,467.15,7:46.9,m,BERTELLE Arianna,2008,CF,ANA ATL.FELTRE,5 su- 1,Borgo Valbelluna,2023-06-21,https://www.fidal.it/atleta/BERTELLE-Arianna/eKmRlJikbGM%3D,https://www.fidal.it/societa/ANA-ATL-FELTRE/BL012
540,467.3,7:47.30,e,COLUSSI Leila,2006,CF,ANA ATL.FELTRE,9 se- 1,Conegliano,2021-04-25,https://www.fidal.it/atleta/COLUSSI-Leila/eKmRlJeob2s%3D,https://www.fidal.it/societa/ANA-ATL-FELTRE/BL012
540,467.37,7:47.37,e,D'ALBERTO Arianna,2000,CF,ANA ATL.FELTRE,8 se- 2,Trento,2014-07-29,https://www.fidal.it/atleta/D-ALBERTO-Arianna/eKmRlJWmaGs%3D,https://www.fidal.it/societa/ANA-ATL-FELTRE/BL012
539,467.71,7:47.71,e,TONIN Francesca,1994,CF,ANA ATL.FELTRE,11 se- 1,Verona,2008-06-02,https://www.fidal.it/atleta/TONIN-Francesca/eKmRlJOmbWY%3D,https://www.fidal.it/societa/ANA-ATL-FELTRE/BL012
535,468.56,7:48.56,e,TONIN Francesca,1994,CF,ANA ATL.FELTRE,8 su- 1,Trento,2008-08-05,https://www.fidal.it/atleta/TONIN-Francesca/eKmRlJOmbWY%3D,https://www.fidal.it/societa/ANA-ATL-FELTRE/BL012
534,468.98,7:48.98,e,MOINO Caterina,2009,CF,ANA ATL.FELTRE,9 su- 1,San Biagio Di Callalta,2023-05-21,https://www.fidal.it/atleta/MOINO-Caterina/eKmRlJiibGc%3D,https://www.fidal.it/societa/ANA-ATL-FELTRE/BL012
533,469.16,7:49.16,e,COLDEBELLA Paola,1999,CF,ANA ATL.FELTRE,7 su- 1,Feltre,2013-06-22,https://www.fidal.it/atleta/COLDEBELLA-Paola/eKmRlJWmbmc%3D,https://www.fidal.it/societa/ANA-ATL-FELTRE/BL012
532,469.35,7:49.1,m,TONIN Francesca,1994,CF,ANA ATL.FELTRE,11 su- 1,Marostica,2008-09-14,https://www.fidal.it/atleta/TONIN-Francesca/eKmRlJOmbWY%3D,https://www.fidal.it/societa/ANA-ATL-FELTRE/BL012
532,469.33,7:49.33,e,SOPPELSA Anna,1993,CF,ANA ATL.FELTRE,10 su- 1,Trento,2008-08-05,https://www.fidal.it/atleta/SOPPELSA-Anna/eKmRlJKjbmU%3D,https://www.fidal.it/societa/ANA-ATL-FELTRE/BL012
529,470.35,7:50.1,m,STACH Marta,1995,CF,ANA ATL.FELTRE,1 su- 1,Belluno,2010-05-09,https://www.fidal.it/atleta/STACH-Marta/eKmRlJKna2Q%3D,https://www.fidal.it/societa/ANA-ATL-FELTRE/BL012
528,372.29,6:12.29,e,BONAN Marco,2000,CM,ANA ATL.FELTRE,2 su- 1,Majano,2015-09-05,https://www.fidal.it/atleta/BONAN-Marco/eKmRlJShbGM%3D,https://www.fidal.it/societa/ANA-ATL-FELTRE/BL012
522,472.19,7:52.19,e,CORRENT Chiara,1999,CF,ANA ATL.FELTRE,11 su- 1,Caprino Veronese,2014-09-28,https://www.fidal.it/atleta/CORRENT-Chiara/eKmRlJWhbGQ%3D,https://www.fidal.it/societa/ANA-ATL-FELTRE/BL012
521,472.35,7:52.1,m,STALLIVIERE Veronica,1992,CF,ANA ATL.FELTRE,2 se- 1,Longarone,2007-05-12,https://www.fidal.it/atleta/STALLIVIERE-Veronica/eKmRlJKna2U%3D,https://www.fidal.it/societa/ANA-ATL-FELTRE/BL012
519,472.79,7:52.79,e,SOPPELSA Anna,1993,CF,ANA ATL.FELTRE,12 se- 1,Verona,2008-06-02,https://www.fidal.it/atleta/SOPPELSA-Anna/eKmRlJKjbmU%3D,https://www.fidal.it/societa/ANA-ATL-FELTRE/BL012
510,475.45,7:55.2,m,SCHENAL Anna,2004,CF,ANA ATL.FELTRE,6 su- 1,Vittorio Veneto,2019-04-28,https://www.fidal.it/atleta/SCHENAL-Anna/eKmRlJajbWs%3D,https://www.fidal.it/societa/ANA-ATL-FELTRE/BL012
508,475.85,7:55.85,e,COLUSSI Ilary,2006,CF,ANA ATL.FELTRE,10 se- 1,Conegliano,2021-04-25,https://www.fidal.it/atleta/COLUSSI-Ilary/eKmRlJeob2w%3D,https://www.fidal.it/societa/ANA-ATL-FELTRE/BL012
503,477.25,7:57.0,m,SPADA Diletta,2010,CF,ANA ATL.FELTRE,3 su- 1,Borgo Valbelluna,2024-06-16,https://www.fidal.it/atleta/SPADA-Diletta/eKmRlJmiaGw%3D,https://www.fidal.it/societa/ANA-ATL-FELTRE/BL012
503,477.17,7:57.17,e,MENEGAZZO Silvia,2007,CF,ANA ATL.FELTRE,7 se- 1,Abano Terme,2021-06-20,https://www.fidal.it/atleta/MENEGAZZO-Silvia/eKmRlJeocGM%3D,https://www.fidal.it/societa/ANA-ATL-FELTRE/BL012
502,477.38,7:57.38,e,GIOPP Alessandra,2000,CF,ANA ATL.FELTRE,12 su- 1,Caprino Veronese,2014-09-28,https://www.fidal.it/atleta/GIOPP-Alessandra/eKmRlJWlbmM%3D,https://www.fidal.it/societa/ANA-ATL-FELTRE/BL012
501,477.73,7:57.73,e,BERTELLE Arianna,2008,CF,ANA ATL.FELTRE,11 su- 1,San Biagio Di Callalta,2023-05-21,https://www.fidal.it/atleta/BERTELLE-Arianna/eKmRlJikbGM%3D,https://www.fidal.it/societa/ANA-ATL-FELTRE/BL012
501,477.65,7:57.4,m,STACH Marta,1995,CF,ANA ATL.FELTRE,1 su- 1,Longarone,2009-05-10,https://www.fidal.it/atleta/STACH-Marta/eKmRlJKna2Q%3D,https://www.fidal.it/societa/ANA-ATL-FELTRE/BL012
499,478.29,7:58.29,e,CORRENT Chiara,1999,CF,ANA ATL.FELTRE,9 su- 1,Feltre,2013-06-22,https://www.fidal.it/atleta/CORRENT-Chiara/eKmRlJWhbGQ%3D,https://www.fidal.it/societa/ANA-ATL-FELTRE/BL012
498,478.45,7:58.2,m,SOPPELSA Anna,1993,CF,ANA ATL.FELTRE,12 su- 1,Marostica,2008-09-14,https://www.fidal.it/atleta/SOPPELSA-Anna/eKmRlJKjbmU%3D,https://www.fidal.it/societa/ANA-ATL-FELTRE/BL012
495,479.25,7:59.0,m,DE RIZ Silvia,2008,CF,ANA ATL.FELTRE,9 su- 1,Feltre,2022-09-21,https://www.fidal.it/atleta/DE-RIZ-Silvia/eKmRlJmgaWk%3D,https://www.fidal.it/societa/ANA-ATL-FELTRE/BL012
494,479.72,7:59.72,e,STACH Marta,1995,CF,ANA ATL.FELTRE,8 se- 1,Vicenza,2009-06-07,https://www.fidal.it/atleta/STACH-Marta/eKmRlJKna2Q%3D,https://www.fidal.it/societa/ANA-ATL-FELTRE/BL012
493,377.64,6:17.64,e,PIZZOLOTTO Edoardo,1996,CM,ANA ATL.FELTRE,6 se- 1,Belluno,2011-06-05,https://www.fidal.it/atleta/PIZZOLOTTO-Edoardo/eKmRlJOnb2o%3D,https://www.fidal.it/societa/ANA-ATL-FELTRE/BL012
491,377.85,6:17.6,m,COSTA Edgard,1999,CM,ANA ATL.FELTRE,2 se- 1,Feltre,2013-08-28,https://www.fidal.it/atleta/COSTA-Edgard/eKmRlJSjbmo%3D,https://www.fidal.it/societa/ANA-ATL-FELTRE/BL012
491,480.35,8:00.1,m,TONIN Francesca,1994,CF,ANA ATL.FELTRE,2 se- 1,Belluno,2008-08-26,https://www.fidal.it/atleta/TONIN-Francesca/eKmRlJOmbWY%3D,https://www.fidal.it/societa/ANA-ATL-FELTRE/BL012
489,481.05,8:00.8,m,TONIN Francesca,1994,CF,ANA ATL.FELTRE,1 se- 1,Feltre,2009-06-20,https://www.fidal.it/atleta/TONIN-Francesca/eKmRlJOmbWY%3D,https://www.fidal.it/societa/ANA-ATL-FELTRE/BL012
486,481.73,8:01.73,e,CHIAMENTI Giulia,2002,CF,ANA ATL.FELTRE,2 se- 2,Rovigo,2016-05-29,https://www.fidal.it/atleta/CHIAMENTI-Giulia/eKmRlJancGU%3D,https://www.fidal.it/societa/ANA-ATL-FELTRE/BL012
485,482.02,8:02.02,e,NICOLETTO Giada,1994,CF,ANA ATL.FELTRE,9 se- 1,Vicenza,2009-06-07,https://www.fidal.it/atleta/NICOLETTO-Giada/eKmRlJSjaWM%3D,https://www.fidal.it/societa/ANA-ATL-FELTRE/BL012
484,378.99,6:18.99,e,ROSSA Matteo,1998,CM,ANA ATL.FELTRE,10 se- 1,Trento,2013-08-06,https://www.fidal.it/atleta/ROSSA-Matteo/eKmRlJWoamo%3D,https://www.fidal.it/societa/ANA-ATL-FELTRE/BL012
482,482.95,8:02.7,m,DE RIZ Silvia,2008,CF,ANA ATL.FELTRE,2 su- 1,Domegge Di Cadore,2022-04-30,https://www.fidal.it/atleta/DE-RIZ-Silvia/eKmRlJmgaWk%3D,https://www.fidal.it/societa/ANA-ATL-FELTRE/BL012
480,483.64,8:03.64,e,CORRENT Chiara,1999,CF,ANA ATL.FELTRE,3 se- 2,Bassano Del Grappa,2013-06-02,https://www.fidal.it/atleta/CORRENT-Chiara/eKmRlJWhbGQ%3D,https://www.fidal.it/societa/ANA-ATL-FELTRE/BL012
479,483.85,8:03.6,m,NICOLETTO Giada,1994,CF,ANA ATL.FELTRE,2 su- 1,Longarone,2009-05-10,https://www.fidal.it/atleta/NICOLETTO-Giada/eKmRlJSjaWM%3D,https://www.fidal.it/societa/ANA-ATL-FELTRE/BL012
474,485.11,8:05.11,e,GIOPP Alessandra,2000,CF,ANA ATL.FELTRE,2 se- 2,Belluno,2014-06-08,https://www.fidal.it/atleta/GIOPP-Alessandra/eKmRlJWlbmM%3D,https://www.fidal.it/societa/ANA-ATL-FELTRE/BL012
472,380.85,6:20.6,m,ROSSA Matteo,1998,CM,ANA ATL.FELTRE,3 se- 1,Feltre,2013-08-28,https://www.fidal.it/atleta/ROSSA-Matteo/eKmRlJWoamo%3D,https://www.fidal.it/societa/ANA-ATL-FELTRE/BL012
468,381.49,6:21.49,e,POLESANA Federico,1994,CM,ANA ATL.FELTRE,7 su- 1,Mogliano Veneto,2009-09-20,https://www.fidal.it/atleta/POLESANA-Federico/eKmRlJOoaWs%3D,https://www.fidal.it/societa/ANA-ATL-FELTRE/BL012
467,381.56,6:21.56,e,MENEGAZZO Giorgio,2009,CM,ANA ATL.FELTRE,5 se- 1,San Biagio Di Callalta,2024-05-19,https://www.fidal.it/atleta/MENEGAZZO-Giorgio/eKmRlJeocGQ%3D,https://www.fidal.it/societa/ANA-ATL-FELTRE/BL012
463,382.2,6:22.20,e,POLESANA Filippo,2000,JM,ANA ATL.FELTRE,5 se- 1,Rovereto,2018-04-15,https://www.fidal.it/atleta/POLESANA-Filippo/eKmRlJSobGY%3D,https://www.fidal.it/societa/ANA-ATL-FELTRE/BL012
462,488.53,8:08.53,e,DE RIZ Silvia,2008,CF,ANA ATL.FELTRE,14 su- 1,Venezia,2022-09-18,https://www.fidal.it/atleta/DE-RIZ-Silvia/eKmRlJmgaWk%3D,https://www.fidal.it/societa/ANA-ATL-FELTRE/BL012
461,382.61,6:22.61,e,PERCO Emilio,1994,CM,ANA ATL.FELTRE,14 su- 1,Majano,2009-09-05,https://www.fidal.it/atleta/PERCO-Emilio/eKmRlJOjaGo%3D,https://www.fidal.it/societa/ANA-ATL-FELTRE/BL012
460,382.62,6:22.62,e,BONAN Marco,2000,CM,ANA ATL.FELTRE,2 se- 1,Conegliano,2015-04-25,https://www.fidal.it/atleta/BONAN-Marco/eKmRlJShbGM%3D,https://www.fidal.it/societa/ANA-ATL-FELTRE/BL012
460,489.05,8:08.8,m,COLDEBELLA Gloria,2000,CF,ANA ATL.FELTRE,6 se- 1,Feltre,2014-09-23,https://www.fidal.it/atleta/COLDEBELLA-Gloria/eKmRlJSjcGk%3D,https://www.fidal.it/societa/ANA-ATL-FELTRE/BL012
457,383.18,6:23.18,e,CORSO Lorenzo,1999,AM,ANA ATL.FELTRE,6 su- 1,Conegliano,2015-04-25,https://www.fidal.it/atleta/CORSO-Lorenzo/eKmRlJWkbWc%3D,https://www.fidal.it/societa/ANA-ATL-FELTRE/BL012
456,383.39,6:23.39,e,LIRA Riccardo,1995,CM,ANA ATL.FELTRE,9 su- 1,Mogliano Veneto,2009-09-20,https://www.fidal.it/atleta/LIRA-Riccardo/eKmRlJOja2g%3D,https://www.fidal.it/societa/ANA-ATL-FELTRE/BL012
455,383.47,6:23.47,e,DAL SASSO Alberto,1998,CM,ANA ATL.FELTRE,5 se- 2,Marostica,2012-09-23,https://www.fidal.it/atleta/DAL-SASSO-Alberto/eKmRlJWfbGs%3D,https://www.fidal.it/societa/ANA-ATL-FELTRE/BL012
449,384.46,6:24.46,e,MALACARNE Rudy,1998,CM,ANA ATL.FELTRE,11 su- 1,Feltre,2013-06-22,https://www.fidal.it/atleta/MALACARNE-Rudy/eKmRlJSnbGk%3D,https://www.fidal.it/societa/ANA-ATL-FELTRE/BL012
448,384.66,6:24.66,e,LIRA Riccardo,1995,CM,ANA ATL.FELTRE,8 se- 1,Rovigo,2010-06-06,https://www.fidal.it/atleta/LIRA-Riccardo/eKmRlJOja2g%3D,https://www.fidal.it/societa/ANA-ATL-FELTRE/BL012
446,384.85,6:24.6,m,MALACARNE Rudy,1998,CM,ANA ATL.FELTRE,4 se- 1,Feltre,2013-08-28,https://www.fidal.it/atleta/MALACARNE-Rudy/eKmRlJSnbGk%3D,https://www.fidal.it/societa/ANA-ATL-FELTRE/BL012
446,384.95,6:24.7,m,BELLUS Riccardo,2008,CM,ANA ATL.FELTRE,5 su- 1,Feltre,2022-09-21,https://www.fidal.it/atleta/BELLUS-Riccardo/eKmRlJekamU%3D,https://www.fidal.it/societa/ANA-ATL-FELTRE/BL012
445,385.1,6:25.10,e,PERCO Emilio,1994,CM,ANA ATL.FELTRE,4 se- 1,Vicenza,2009-06-07,https://www.fidal.it/atleta/PERCO-Emilio/eKmRlJOjaGo%3D,https://www.fidal.it/societa/ANA-ATL-FELTRE/BL012
444,493.75,8:13.5,m,FANTINEL Sara,2005,CF,ANA ATL.FELTRE,5 su- 1,Pederobba,2020-09-27,https://www.fidal.it/atleta/FANTINEL-Sara/eKmRlJihamo%3D,https://www.fidal.it/societa/ANA-ATL-FELTRE/BL012
442,385.55,6:25.3,m,CORSO Lorenzo,1999,SM,ANA ATL.FELTRE,1 se- 1,Feltre,2022-04-13,https://www.fidal.it/atleta/CORSO-Lorenzo/eKmRlJWkbWc%3D,https://www.fidal.it/societa/ANA-ATL-FELTRE/BL012
442,385.57,6:25.57,e,RECH Daniel,1993,CM,ANA ATL.FELTRE,16 se- 1,Trento,2008-08-05,https://www.fidal.it/atleta/RECH-Daniel/eKmRlJKoaGs%3D,https://www.fidal.it/societa/ANA-ATL-FELTRE/BL012
440,385.95,6:25.7,m,LIRA Riccardo,1995,CM,ANA ATL.FELTRE,1 su- 1,Belluno,2010-05-09,https://www.fidal.it/atleta/LIRA-Riccardo/eKmRlJOja2g%3D,https://www.fidal.it/societa/ANA-ATL-FELTRE/BL012
438,386.25,6:26.0,m,SCHENAL Alessandro,1996,CM,ANA ATL.FELTRE,1 se- 1,Belluno,2011-04-17,https://www.fidal.it/atleta/SCHENAL-Alessandro/eKmRlJOja2s%3D,https://www.fidal.it/societa/ANA-ATL-FELTRE/BL012
437,495.66,8:15.66,e,MAHJOUBI Gaia,2004,CF,ANA ATL.FELTRE,16 se- 2,Trento,2018-07-24,https://www.fidal.it/atleta/MAHJOUBI-Gaia/eKmRlJejamY%3D,https://www.fidal.it/societa/ANA-ATL-FELTRE/BL012
436,386.55,6:26.3,m,MENEGAZZO Giorgio,2009,CM,ANA ATL.FELTRE,2 su- 1,Borgo Valbelluna,2024-09-25,https://www.fidal.it/atleta/MENEGAZZO-Giorgio/eKmRlJeocGQ%3D,https://www.fidal.it/societa/ANA-ATL-FELTRE/BL012
435,496.2,8:16.20,e,CAMPIGOTTO Naike,1996,CF,ANA ATL.FELTRE,4 su- 1,Feltre,2010-05-26,https://www.fidal.it/atleta/CAMPIGOTTO-Naike/eKmRlJSnbWM%3D,https://www.fidal.it/societa/ANA-ATL-FELTRE/BL012
433,386.95,6:26.95,e,RECH Daniel,1993,CM,ANA ATL.FELTRE,11 su- 1,Trento,2007-08-07,https://www.fidal.it/atleta/RECH-Daniel/eKmRlJKoaGs%3D,https://www.fidal.it/societa/ANA-ATL-FELTRE/BL012
431,387.35,6:27.1,m,PIZZOLOTTO Edoardo,1996,CM,ANA ATL.FELTRE,2 se- 1,Belluno,2011-04-17,https://www.fidal.it/atleta/PIZZOLOTTO-Edoardo/eKmRlJOnb2o%3D,https://www.fidal.it/societa/ANA-ATL-FELTRE/BL012
431,497.45,8:17.2,m,D'INCAU Alessia,2008,CF,ANA ATL.FELTRE,10 su- 1,Feltre,2022-09-21,https://www.fidal.it/atleta/D-INCAU-Alessia/eKmRlJmhaGo%3D,https://www.fidal.it/societa/ANA-ATL-FELTRE/BL012
430,497.85,8:17.6,m,STACH Marta,1995,CF,ANA ATL.FELTRE,2 se- 1,Feltre,2009-06-20,https://www.fidal.it/atleta/STACH-Marta/eKmRlJKna2Q%3D,https://www.fidal.it/societa/ANA-ATL-FELTRE/BL012
429,387.72,6:27.72,e,LIRA Riccardo,1995,CM,ANA ATL.FELTRE,2 su- 1,Borgo Valsugana,2010-05-23,https://www.fidal.it/atleta/LIRA-Riccardo/eKmRlJOja2g%3D,https://www.fidal.it/societa/ANA-ATL-FELTRE/BL012
427,498.63,8:18.63,e,CORRENT Chiara,1999,CF,ANA ATL.FELTRE,12 su- 1,Caprino Veronese,2013-09-29,https://www.fidal.it/atleta/CORRENT-Chiara/eKmRlJWhbGQ%3D,https://www.fidal.it/societa/ANA-ATL-FELTRE/BL012
425,388.25,6:28.0,m,MALACARNE Rudy,1998,CM,ANA ATL.FELTRE,15 se- 1,Caprino Veronese,2013-09-29,https://www.fidal.it/atleta/MALACARNE-Rudy/eKmRlJSnbGk%3D,https://www.fidal.it/societa/ANA-ATL-FELTRE/BL012
425,499.1,8:19.10,e,ROSSA Elena,2004,CF,ANA ATL.FELTRE,17 se- 2,Trento,2018-07-24,https://www.fidal.it/atleta/ROSSA-Elena/eKmRlJagbWg%3D,https://www.fidal.it/societa/ANA-ATL-FELTRE/BL012
421,388.94,6:28.94,e,LIRA Riccardo,1995,CM,ANA ATL.FELTRE,13 se- 1,Trento,2010-08-10,https://www.fidal.it/atleta/LIRA-Riccardo/eKmRlJOja2g%3D,https://www.fidal.it/societa/ANA-ATL-FELTRE/BL012
420,500.57,8:20.57,e,TURRIN Lucia,2009,CF,ANA ATL.FELTRE,7 se- 2,Vittorio Veneto,2024-09-22,https://www.fidal.it/atleta/TURRIN-Lucia/eKmRlJiibGo%3D,https://www.fidal.it/societa/ANA-ATL-FELTRE/BL012
411,390.72,6:30.72,e,RECH Daniel,1993,CM,ANA ATL.FELTRE,6 se- 1,Verona,2008-06-02,https://www.fidal.it/atleta/RECH-Daniel/eKmRlJKoaGs%3D,https://www.fidal.it/societa/ANA-ATL-FELTRE/BL012
407,504.45,8:24.2,m,CHIAMENTI Giulia,2002,CF,ANA ATL.FELTRE,3 se- 1,Agordo,2016-05-15,https://www.fidal.it/atleta/CHIAMENTI-Giulia/eKmRlJancGU%3D,https://www.fidal.it/societa/ANA-ATL-FELTRE/BL012
406,391.44,6:31.44,e,MALACARNE Rudy,1998,CM,ANA ATL.FELTRE,12 se- 1,Trento,2013-08-06,https://www.fidal.it/atleta/MALACARNE-Rudy/eKmRlJSnbGk%3D,https://www.fidal.it/societa/ANA-ATL-FELTRE/BL012
404,505.48,8:25.48,e,SASSO Giulia,1994,CF,ANA ATL.FELTRE,6 se- 2,Verona,2008-06-02,https://www.fidal.it/atleta/SASSO-Giulia/eKmRlJOjbGg%3D,https://www.fidal.it/societa/ANA-ATL-FELTRE/BL012
398,392.75,6:32.5,m,LIRA Riccardo,1995,CM,ANA ATL.FELTRE,2 se- 1,Belluno,2010-04-17,https://www.fidal.it/atleta/LIRA-Riccardo/eKmRlJOja2g%3D,https://www.fidal.it/societa/ANA-ATL-FELTRE/BL012
397,507.75,8:27.5,m,FANTINEL Sara,2005,CF,ANA ATL.FELTRE,2 se- 1,Agordo,2019-05-12,https://www.fidal.it/atleta/FANTINEL-Sara/eKmRlJihamo%3D,https://www.fidal.it/societa/ANA-ATL-FELTRE/BL012
396,393.11,6:33.11,e,COSTA Edgard,1999,CM,ANA ATL.FELTRE,14 se- 1,Trento,2013-08-06,https://www.fidal.it/atleta/COSTA-Edgard/eKmRlJSjbmo%3D,https://www.fidal.it/societa/ANA-ATL-FELTRE/BL012
395,508.35,8:28.35,e,BERTELLE Marta,1993,CF,ANA ATL.FELTRE,20 su- 1,Trento,2007-08-07,https://www.fidal.it/atleta/BERTELLE-Marta/eKmRlJOjaGs%3D,https://www.fidal.it/societa/ANA-ATL-FELTRE/BL012
394,508.45,8:28.2,m,DAL SASSO Carolina,2003,CF,ANA ATL.FELTRE,5 su- 1,Vallesella,2017-05-13,https://www.fidal.it/atleta/DAL-SASSO-Carolina/eKmRlJancGs%3D,https://www.fidal.it/societa/ANA-ATL-FELTRE/BL012
394,508.45,8:28.2,m,DAL SASSO Carolina,2003,CF,ANA ATL.FELTRE,5 su- 1,Vallesella Di Cadore,2017-05-13,https://www.fidal.it/atleta/DAL-SASSO-Carolina/eKmRlJancGs%3D,https://www.fidal.it/societa/ANA-ATL-FELTRE/BL012
390,394.12,6:34.12,e,MENEGAZZO Giorgio,2009,CM,ANA ATL.FELTRE,13 se- 1,Trento,2024-07-16,https://www.fidal.it/atleta/MENEGAZZO-Giorgio/eKmRlJeocGQ%3D,https://www.fidal.it/societa/ANA-ATL-FELTRE/BL012
390,394.15,6:33.9,m,COSTA Edgard,1999,CM,ANA ATL.FELTRE,17 se- 1,Caprino Veronese,2013-09-29,https://www.fidal.it/atleta/COSTA-Edgard/eKmRlJSjbmo%3D,https://www.fidal.it/societa/ANA-ATL-FELTRE/BL012
388,394.55,6:34.3,m,POLLONI Michele,1991,SM,ANA ATL.FELTRE,2 se- 1,Feltre,2022-04-13,https://www.fidal.it/atleta/POLLONI-Michele/eKmRlJijb2o%3D,https://www.fidal.it/societa/ANA-ATL-FELTRE/BL012
386,394.92,6:34.92,e,KANDRI Othman,1997,CM,ANA ATL.FELTRE,4 se- 1,Marostica,2012-09-23,https://www.fidal.it/atleta/KANDRI-Othman/eKmRlJWhb2s%3D,https://www.fidal.it/societa/ANA-ATL-FELTRE/BL012
381,395.75,6:35.5,m,MALACARNE Rudy,1998,CM,ANA ATL.FELTRE,1 se- 1,Belluno,2013-05-04,https://www.fidal.it/atleta/MALACARNE-Rudy/eKmRlJSnbGk%3D,https://www.fidal.it/societa/ANA-ATL-FELTRE/BL012
379,396.08,6:36.08,e,DAL SASSO Alberto,1998,CM,ANA ATL.FELTRE,17 se- 1,Trento,2012-08-07,https://www.fidal.it/atleta/DAL-SASSO-Alberto/eKmRlJWfbGs%3D,https://www.fidal.it/societa/ANA-ATL-FELTRE/BL012
379,396.05,6:35.8,m,BELLUS Riccardo,2008,CM,ANA ATL.FELTRE,6 su- 1,Domegge Di Cadore,2023-07-29,https://www.fidal.it/atleta/BELLUS-Riccardo/eKmRlJekamU%3D,https://www.fidal.it/societa/ANA-ATL-FELTRE/BL012
378,396.31,6:36.31,e,COSTA Edgard,1999,CM,ANA ATL.FELTRE,14 su- 1,Feltre,2013-06-22,https://www.fidal.it/atleta/COSTA-Edgard/eKmRlJSjbmo%3D,https://www.fidal.it/societa/ANA-ATL-FELTRE/BL012
373,397.16,6:37.16,e,COSTA Edgard,1999,CM,ANA ATL.FELTRE,8 se- 1,Belluno,2014-06-08,https://www.fidal.it/atleta/COSTA-Edgard/eKmRlJSjbmo%3D,https://www.fidal.it/societa/ANA-ATL-FELTRE/BL012
371,397.55,6:37.55,e,PIZZOLOTTO Edoardo,1996,CM,ANA ATL.FELTRE,7 se- 2,Rovigo,2010-06-06,https://www.fidal.it/atleta/PIZZOLOTTO-Edoardo/eKmRlJOnb2o%3D,https://www.fidal.it/societa/ANA-ATL-FELTRE/BL012
367,516.85,8:36.6,m,TONIN Francesca,1994,CF,ANA ATL.FELTRE,1 su- 1,Longarone,2008-05-25,https://www.fidal.it/atleta/TONIN-Francesca/eKmRlJOmbWY%3D,https://www.fidal.it/societa/ANA-ATL-FELTRE/BL012
365,398.53,6:38.53,e,PERENZIN Luca,1994,CM,ANA ATL.FELTRE,3 se- 2,Trento,2009-08-04,https://www.fidal.it/atleta/PERENZIN-Luca/eKmRlJOgbWM%3D,https://www.fidal.it/societa/ANA-ATL-FELTRE/BL012
365,517.55,8:37.3,m,BARBARESI Lisa,2001,CF,ANA ATL.FELTRE,6 se- 1,Belluno,2015-05-17,https://www.fidal.it/atleta/BARBARESI-Lisa/eKmRlJagbWM%3D,https://www.fidal.it/societa/ANA-ATL-FELTRE/BL012
362,399.05,6:38.8,m,SCHENAL Alessandro,1996,CM,ANA ATL.FELTRE,1 se- 1,Longarone,2011-05-20,https://www.fidal.it/atleta/SCHENAL-Alessandro/eKmRlJOja2s%3D,https://www.fidal.it/societa/ANA-ATL-FELTRE/BL012
361,518.85,8:38.6,m,LUCCA Alessandra,2001,CF,ANA ATL.FELTRE,4 se- 1,Agordo,2016-05-15,https://www.fidal.it/atleta/LUCCA-Alessandra/eKmRlJejaWY%3D,https://www.fidal.it/societa/ANA-ATL-FELTRE/BL012
361,399.25,6:39.25,e,PIZZOLOTTO Edoardo,1996,CM,ANA ATL.FELTRE,4 su- 1,Borgo Valsugana,2010-05-23,https://www.fidal.it/atleta/PIZZOLOTTO-Edoardo/eKmRlJOnb2o%3D,https://www.fidal.it/societa/ANA-ATL-FELTRE/BL012
360,399.48,6:39.48,e,COSTA Edgard,1999,CM,ANA ATL.FELTRE,21 se- 1,Trento,2014-07-29,https://www.fidal.it/atleta/COSTA-Edgard/eKmRlJSjbmo%3D,https://www.fidal.it/societa/ANA-ATL-FELTRE/BL012
358,519.97,8:39.97,e,FANTINEL Sara,2005,CF,ANA ATL.FELTRE,8 se- 2,Vittorio Veneto,2020-09-20,https://www.fidal.it/atleta/FANTINEL-Sara/eKmRlJihamo%3D,https://www.fidal.it/societa/ANA-ATL-FELTRE/BL012
357,399.99,6:39.99,e,CORSO Lorenzo,1999,CM,ANA ATL.FELTRE,5 se- 2,Caprino Veronese,2014-09-28,https://www.fidal.it/atleta/CORSO-Lorenzo/eKmRlJWkbWc%3D,https://www.fidal.it/societa/ANA-ATL-FELTRE/BL012
357,520.05,8:39.8,m,SASSO Giulia,1994,CF,ANA ATL.FELTRE,3 su- 1,Longarone,2008-05-25,https://www.fidal.it/atleta/SASSO-Giulia/eKmRlJOjbGg%3D,https://www.fidal.it/societa/ANA-ATL-FELTRE/BL012
356,400.17,6:40.17,e,VACCARI Biagio renato,2001,CM,ANA ATL.FELTRE,3 se- 2,Rovigo,2016-05-29,https://www.fidal.it/atleta/VACCARI-Biagio-renato/eKmRlJSgaGo%3D,https://www.fidal.it/societa/ANA-ATL-FELTRE/BL012
354,400.45,6:40.2,m,FANTINEL Davide,2005,AM,ANA ATL.FELTRE,8 se- 2,Feltre,2022-04-13,https://www.fidal.it/atleta/FANTINEL-Davide/eKmRlJmjcGQ%3D,https://www.fidal.it/societa/ANA-ATL-FELTRE/BL012
354,400.45,6:40.2,m,PIZZOLOTTO Edoardo,1996,CM,ANA ATL.FELTRE,2 se- 1,Longarone,2011-05-20,https://www.fidal.it/atleta/PIZZOLOTTO-Edoardo/eKmRlJOnb2o%3D,https://www.fidal.it/societa/ANA-ATL-FELTRE/BL012
353,400.65,6:40.4,m,MENEGAZZO Giorgio,2009,CM,ANA ATL.FELTRE,4 su- 1,Borgo Valbelluna,2023-06-21,https://www.fidal.it/atleta/MENEGAZZO-Giorgio/eKmRlJeocGQ%3D,https://www.fidal.it/societa/ANA-ATL-FELTRE/BL012
350,522.35,8:42.1,m,DALLA ROSA Silvia,1993,CF,ANA ATL.FELTRE,4 su- 1,Longarone,2008-05-25,https://www.fidal.it/atleta/DALLA-ROSA-Silvia/eKmRlJKjaGY%3D,https://www.fidal.it/societa/ANA-ATL-FELTRE/BL012
349,401.49,6:41.49,e,SCOPEL Luca,1994,CM,ANA ATL.FELTRE,4 se- 2,Trento,2009-08-04,https://www.fidal.it/atleta/SCOPEL-Luca/eKmRlJOmbWk%3D,https://www.fidal.it/societa/ANA-ATL-FELTRE/BL012
344,402.31,6:42.31,e,LIRA Riccardo,1995,CM,ANA ATL.FELTRE,12 se- 1,Vicenza,2009-06-07,https://www.fidal.it/atleta/LIRA-Riccardo/eKmRlJOja2g%3D,https://www.fidal.it/societa/ANA-ATL-FELTRE/BL012
343,402.45,6:42.2,m,LIRA Riccardo,1995,CM,ANA ATL.FELTRE,1 se- 1,Feltre,2009-06-20,https://www.fidal.it/atleta/LIRA-Riccardo/eKmRlJOja2g%3D,https://www.fidal.it/societa/ANA-ATL-FELTRE/BL012
342,402.65,6:42.4,m,MENEGAZZO Giorgio,2009,CM,ANA ATL.FELTRE,7 su- 1,Domegge Di Cadore,2023-07-29,https://www.fidal.it/atleta/MENEGAZZO-Giorgio/eKmRlJeocGQ%3D,https://www.fidal.it/societa/ANA-ATL-FELTRE/BL012
341,402.85,6:42.6,m,GAZ Giovanni,1997,CM,ANA ATL.FELTRE,2 se- 1,Belluno,2012-10-20,https://www.fidal.it/atleta/GAZ-Giovanni/eKmRlJafaGg%3D,https://www.fidal.it/societa/ANA-ATL-FELTRE/BL012
341,402.82,6:42.82,e,POLESANA Federico,1994,CM,ANA ATL.FELTRE,5 se- 2,Trento,2009-08-04,https://www.fidal.it/atleta/POLESANA-Federico/eKmRlJOoaWs%3D,https://www.fidal.it/societa/ANA-ATL-FELTRE/BL012
337,403.55,6:43.3,m,CORSO Lorenzo,1999,CM,ANA ATL.FELTRE,1 se- 1,Feltre,2014-09-23,https://www.fidal.it/atleta/CORSO-Lorenzo/eKmRlJWkbWc%3D,https://www.fidal.it/societa/ANA-ATL-FELTRE/BL012
336,403.8,6:43.80,e,DAL SASSO Alberto,1998,CM,ANA ATL.FELTRE,2 se- 2,Verona,2012-06-03,https://www.fidal.it/atleta/DAL-SASSO-Alberto/eKmRlJWfbGs%3D,https://www.fidal.it/societa/ANA-ATL-FELTRE/BL012
333,404.25,6:44.0,m,ANTONIOL Samuel,2002,CM,ANA ATL.FELTRE,3 su- 1,Vallesella Di Cadore,2017-05-13,https://www.fidal.it/atleta/ANTONIOL-Samuel/eKmRlJaobWU%3D,https://www.fidal.it/societa/ANA-ATL-FELTRE/BL012
333,404.25,6:44.0,m,ANTONIOL Samuel,2002,CM,ANA ATL.FELTRE,3 su- 1,Vallesella,2017-05-13,https://www.fidal.it/atleta/ANTONIOL-Samuel/eKmRlJaobWU%3D,https://www.fidal.it/societa/ANA-ATL-FELTRE/BL012
333,404.4,6:44.40,e,MENEGAZZO Giorgio,2009,CM,ANA ATL.FELTRE,2 se- 2,San Biagio Di Callalta,2023-05-21,https://www.fidal.it/atleta/MENEGAZZO-Giorgio/eKmRlJeocGQ%3D,https://www.fidal.it/societa/ANA-ATL-FELTRE/BL012
333,404.35,6:44.1,m,PERCO Emilio,1994,CM,ANA ATL.FELTRE,1 su- 1,Longarone,2009-05-10,https://www.fidal.it/atleta/PERCO-Emilio/eKmRlJOjaGo%3D,https://www.fidal.it/societa/ANA-ATL-FELTRE/BL012
327,405.47,6:45.47,e,KANDRI Othman,1997,CM,ANA ATL.FELTRE,6 se- 2,Trento,2012-08-07,https://www.fidal.it/atleta/KANDRI-Othman/eKmRlJWhb2s%3D,https://www.fidal.it/societa/ANA-ATL-FELTRE/BL012
326,530.45,8:50.2,m,COLMANET Elena,1996,CF,ANA ATL.FELTRE,4 se- 1,Belluno,2011-10-15,https://www.fidal.it/atleta/COLMANET-Elena/eKmRlJSocGU%3D,https://www.fidal.it/societa/ANA-ATL-FELTRE/BL012
324,406.05,6:45.8,m,RIGA Stefano,1991,CM,ANA ATL.FELTRE,7 su- 1,Abano Terme,2006-06-11,https://www.fidal.it/atleta/RIGA-Stefano/eKmRlJOjaWM%3D,https://www.fidal.it/societa/ANA-ATL-FELTRE/BL012
321,406.55,6:46.3,m,CORSO Lorenzo,1999,CM,ANA ATL.FELTRE,1 se- 1,Belluno,2014-05-18,https://www.fidal.it/atleta/CORSO-Lorenzo/eKmRlJWkbWc%3D,https://www.fidal.it/societa/ANA-ATL-FELTRE/BL012
320,406.85,6:46.6,m,BELLUS Riccardo,2008,CM,ANA ATL.FELTRE,2 su- 1,Agordo,2022-08-31,https://www.fidal.it/atleta/BELLUS-Riccardo/eKmRlJekamU%3D,https://www.fidal.it/societa/ANA-ATL-FELTRE/BL012
320,406.75,6:46.5,m,KANDRI Othman,1997,CM,ANA ATL.FELTRE,2 se- 1,Feltre,2012-05-20,https://www.fidal.it/atleta/KANDRI-Othman/eKmRlJWhb2s%3D,https://www.fidal.it/societa/ANA-ATL-FELTRE/BL012
318,407.25,6:47.25,e,PERENZIN Luca,1994,CM,ANA ATL.FELTRE,14 se- 1,Vicenza,2009-06-07,https://www.fidal.it/atleta/PERENZIN-Luca/eKmRlJOgbWM%3D,https://www.fidal.it/societa/ANA-ATL-FELTRE/BL012
312,408.25,6:48.0,m,LIRA Riccardo,1995,CM,ANA ATL.FELTRE,2 su- 1,Longarone,2009-05-10,https://www.fidal.it/atleta/LIRA-Riccardo/eKmRlJOja2g%3D,https://www.fidal.it/societa/ANA-ATL-FELTRE/BL012
311,408.45,6:48.2,m,LIRA Riccardo,1995,CM,ANA ATL.FELTRE,3 se- 1,Belluno,2009-08-22,https://www.fidal.it/atleta/LIRA-Riccardo/eKmRlJOja2g%3D,https://www.fidal.it/societa/ANA-ATL-FELTRE/BL012
310,408.75,6:48.5,m,VACCARI Biagio renato,2001,CM,ANA ATL.FELTRE,2 se- 1,Agordo,2016-05-15,https://www.fidal.it/atleta/VACCARI-Biagio-renato/eKmRlJSgaGo%3D,https://www.fidal.it/societa/ANA-ATL-FELTRE/BL012
308,409.05,6:48.8,m,PIZZOLOTTO Edoardo,1996,CM,ANA ATL.FELTRE,4 su- 1,Belluno,2010-05-09,https://www.fidal.it/atleta/PIZZOLOTTO-Edoardo/eKmRlJOnb2o%3D,https://www.fidal.it/societa/ANA-ATL-FELTRE/BL012
302,410.25,6:50.0,m,QUAGLIOTTO Enrico,1992,CM,ANA ATL.FELTRE,1 se- 1,Longarone,2007-05-12,https://www.fidal.it/atleta/QUAGLIOTTO-Enrico/eKmRlJOhbmk%3D,https://www.fidal.it/societa/ANA-ATL-FELTRE/BL012
302,410.19,6:50.19,e,SCOPEL Luca,1994,CM,ANA ATL.FELTRE,5 se- 2,Trento,2008-08-05,https://www.fidal.it/atleta/SCOPEL-Luca/eKmRlJOmbWk%3D,https://www.fidal.it/societa/ANA-ATL-FELTRE/BL012
301,410.35,6:50.1,m,MARCHETTI Leopoldo,1993,CM,ANA ATL.FELTRE,2 se- 1,Longarone,2007-05-12,https://www.fidal.it/atleta/MARCHETTI-Leopoldo/eKmRlJOmbWc%3D,https://www.fidal.it/societa/ANA-ATL-FELTRE/BL012
294,411.85,6:51.6,m,PIZZOLOTTO Edoardo,1996,CM,ANA ATL.FELTRE,3 se- 1,Belluno,2010-04-17,https://www.fidal.it/atleta/PIZZOLOTTO-Edoardo/eKmRlJOnb2o%3D,https://www.fidal.it/societa/ANA-ATL-FELTRE/BL012
289,412.84,6:52.84,e,LIRA Riccardo,1995,CM,ANA ATL.FELTRE,13 se- 2,Trento,2009-08-04,https://www.fidal.it/atleta/LIRA-Riccardo/eKmRlJOja2g%3D,https://www.fidal.it/societa/ANA-ATL-FELTRE/BL012
285,413.65,6:53.4,m,MERLO Giacomo,2000,CM,ANA ATL.FELTRE,3 se- 1,Belluno,2014-05-18,https://www.fidal.it/atleta/MERLO-Giacomo/eKmRlJSnaGo%3D,https://www.fidal.it/societa/ANA-ATL-FELTRE/BL012
280,414.55,6:54.55,e,DA RIN DE MONEGO Lorenzo,2000,AM,ANA ATL.FELTRE,22 su- 1,Rovereto,2017-04-22,https://www.fidal.it/atleta/DA-RIN-DE-MONEGO-Lorenzo/eKmRlJefa2M%3D,https://www.fidal.it/societa/ANA-ATL-FELTRE/BL012
279,414.75,6:54.5,m,DALLA CORTE Christian,1982,SM40,ANA ATL.FELTRE,4 se- 1,Feltre,2022-04-13,https://www.fidal.it/atleta/DALLA-CORTE-Christian/eKmRlJala2w%3D,https://www.fidal.it/societa/ANA-ATL-FELTRE/BL012
278,415.05,6:54.8,m,COLDEBELLA Luca,2002,CM,ANA ATL.FELTRE,2 se- 1,Belluno,2016-05-07,https://www.fidal.it/atleta/COLDEBELLA-Luca/eKmRlJancGY%3D,https://www.fidal.it/societa/ANA-ATL-FELTRE/BL012
277,415.25,6:55.0,m,MENEGAZZO Giorgio,2009,CM,ANA ATL.FELTRE,6 su- 1,Domegge Di Cadore,2023-04-22,https://www.fidal.it/atleta/MENEGAZZO-Giorgio/eKmRlJeocGQ%3D,https://www.fidal.it/societa/ANA-ATL-FELTRE/BL012
273,416.01,6:56.01,e,QUAGLIOTTO Enrico,1992,CM,ANA ATL.FELTRE,12 se- 1,Verona,2007-06-03,https://www.fidal.it/atleta/QUAGLIOTTO-Enrico/eKmRlJOhbmk%3D,https://www.fidal.it/societa/ANA-ATL-FELTRE/BL012
273,416.05,6:55.8,m,KANDRI Othman,1997,CM,ANA ATL.FELTRE,5 se- 1,Belluno,2012-08-29,https://www.fidal.it/atleta/KANDRI-Othman/eKmRlJWhb2s%3D,https://www.fidal.it/societa/ANA-ATL-FELTRE/BL012
266,417.47,6:57.47,e,GAZ Giovanni,1997,CM,ANA ATL.FELTRE,7 se- 1,Marostica,2012-09-23,https://www.fidal.it/atleta/GAZ-Giovanni/eKmRlJafaGg%3D,https://www.fidal.it/societa/ANA-ATL-FELTRE/BL012
258,419.2,6:59.20,e,PIZZOLOTTO Edoardo,1996,CM,ANA ATL.FELTRE,20 se- 1,Trento,2010-08-10,https://www.fidal.it/atleta/PIZZOLOTTO-Edoardo/eKmRlJOnb2o%3D,https://www.fidal.it/societa/ANA-ATL-FELTRE/BL012
256,419.45,6:59.45,e,PERENZIN Luca,1994,CM,ANA ATL.FELTRE,12 se- 1,Verona,2008-06-02,https://www.fidal.it/atleta/PERENZIN-Luca/eKmRlJOgbWM%3D,https://www.fidal.it/societa/ANA-ATL-FELTRE/BL012
245,422.0,7:02.00,e,TOLLARDO Federico,1996,CM,ANA ATL.FELTRE,5 su- 1,Feltre,2010-05-26,https://www.fidal.it/atleta/TOLLARDO-Federico/eKmRlJSnbGw%3D,https://www.fidal.it/societa/ANA-ATL-FELTRE/BL012
236,423.79,7:03.79,e,GRIS Giuseppe,1994,CM,ANA ATL.FELTRE,7 se- 2,Trento,2008-08-05,https://www.fidal.it/atleta/GRIS-Giuseppe/eKmRlJKobmU%3D,https://www.fidal.it/societa/ANA-ATL-FELTRE/BL012
233,424.64,7:04.64,e,CORSO Lorenzo,1999,CM,ANA ATL.FELTRE,24 su- 1,Feltre,2013-06-22,https://www.fidal.it/atleta/CORSO-Lorenzo/eKmRlJWkbWc%3D,https://www.fidal.it/societa/ANA-ATL-FELTRE/BL012
233,424.5,7:04.50,e,BASSANI Diego,1993,CM,ANA ATL.FELTRE,4 se- 2,Verona,2007-06-03,https://www.fidal.it/atleta/BASSANI-Diego/eKmRlJOoaGc%3D,https://www.fidal.it/societa/ANA-ATL-FELTRE/BL012
229,425.51,7:05.51,e,COLUSSI Devid,2009,CM,ANA ATL.FELTRE,10 se- 3,Trento,2024-07-16,https://www.fidal.it/atleta/COLUSSI-Devid/eKmRlJmjams%3D,https://www.fidal.it/societa/ANA-ATL-FELTRE/BL012
227,566.65,9:26.4,m,BEE Angelica,2002,CF,ANA ATL.FELTRE,2 se- 1,Agordo,2016-10-01,https://www.fidal.it/atleta/BEE-Angelica/eKmRlJema2Q%3D,https://www.fidal.it/societa/ANA-ATL-FELTRE/BL012
226,426.15,7:05.9,m,COLUSSI Devid,2009,CM,ANA ATL.FELTRE,7 su- 1,Borgo Valbelluna,2023-06-21,https://www.fidal.it/atleta/COLUSSI-Devid/eKmRlJmjams%3D,https://www.fidal.it/societa/ANA-ATL-FELTRE/BL012
219,427.7,7:07.70,e,VERONESE Paolo,1996,CM,ANA ATL.FELTRE,6 su- 1,Feltre,2010-05-26,https://www.fidal.it/atleta/VERONESE-Paolo/eKmRlJSnbWQ%3D,https://www.fidal.it/societa/ANA-ATL-FELTRE/BL012
195,433.22,7:13.22,e,COLUSSI Devid,2009,CM,ANA ATL.FELTRE,9 se- 2,San Biagio Di Callalta,2023-05-21,https://www.fidal.it/atleta/COLUSSI-Devid/eKmRlJmjams%3D,https://www.fidal.it/societa/ANA-ATL-FELTRE/BL012
188,434.95,7:14.7,m,CORSO Lorenzo,1999,CM,ANA ATL.FELTRE,3 se- 1,Belluno,2013-05-04,https://www.fidal.it/atleta/CORSO-Lorenzo/eKmRlJWkbWc%3D,https://www.fidal.it/societa/ANA-ATL-FELTRE/BL012
188,435.12,7:15.12,e,KANDRI Othman,1997,CM,ANA ATL.FELTRE,10 su- 1,Feltre,2011-06-18,https://www.fidal.it/atleta/KANDRI-Othman/eKmRlJWhb2s%3D,https://www.fidal.it/societa/ANA-ATL-FELTRE/BL012
179,437.17,7:17.17,e,CRIVELLER Marco,2003,CM,ANA ATL.FELTRE,14 su- 1,Conegliano,2017-04-25,https://www.fidal.it/atleta/CRIVELLER-Marco/eKmRlJWlb2Y%3D,https://www.fidal.it/societa/ANA-ATL-FELTRE/BL012
167,440.25,7:20.0,m,VERONESE Paolo,1996,CM,ANA ATL.FELTRE,5 su- 1,Belluno,2010-05-09,https://www.fidal.it/atleta/VERONESE-Paolo/eKmRlJSnbWQ%3D,https://www.fidal.it/societa/ANA-ATL-FELTRE/BL012
167,440.35,7:20.1,m,COLUSSI Devid,2009,CM,ANA ATL.FELTRE,8 su- 1,Domegge Di Cadore,2023-04-22,https://www.fidal.it/atleta/COLUSSI-Devid/eKmRlJmjams%3D,https://www.fidal.it/societa/ANA-ATL-FELTRE/BL012
167,440.25,7:20.0,m,PAULETTI Michele,1999,CM,ANA ATL.FELTRE,7 se- 1,Feltre,2014-09-23,https://www.fidal.it/atleta/PAULETTI-Michele/eKmRlJakamw%3D,https://www.fidal.it/societa/ANA-ATL-FELTRE/BL012
163,441.45,7:21.2,m,BELLUS Riccardo,2008,CM,ANA ATL.FELTRE,1 su- 1,Domegge Di Cadore,2022-04-30,https://www.fidal.it/atleta/BELLUS-Riccardo/eKmRlJekamU%3D,https://www.fidal.it/societa/ANA-ATL-FELTRE/BL012
142,447.05,7:26.8,m,BERTOLDIN Davide,2001,CM,ANA ATL.FELTRE,3 se- 1,Agordo,2016-05-15,https://www.fidal.it/atleta/BERTOLDIN-Davide/eKmRlJSfb2U%3D,https://www.fidal.it/societa/ANA-ATL-FELTRE/BL012
116,455.05,7:34.8,m,KANDRI Othman,1997,CM,ANA ATL.FELTRE,7 se- 1,Belluno,2011-04-17,https://www.fidal.it/atleta/KANDRI-Othman/eKmRlJWhb2s%3D,https://www.fidal.it/societa/ANA-ATL-FELTRE/BL012
101,459.85,7:39.6,m,KANDRI Othman,1997,CM,ANA ATL.FELTRE,2 se- 1,Feltre,2011-06-01,https://www.fidal.it/atleta/KANDRI-Othman/eKmRlJWhb2s%3D,https://www.fidal.it/societa/ANA-ATL-FELTRE/BL012
97,461.15,7:40.9,m,CORSO Lorenzo,1999,CM,ANA ATL.FELTRE,1 se- 1,Belluno,2013-05-12,https://www.fidal.it/atleta/CORSO-Lorenzo/eKmRlJWkbWc%3D,https://www.fidal.it/societa/ANA-ATL-FELTRE/BL012
61,474.85,7:54.6,m,GAETA Davide,1995,CM,ANA ATL.FELTRE,3 su- 1,Longarone,2009-05-10,https://www.fidal.it/atleta/GAETA-Davide/eKmRlJOmbGw%3D,https://www.fidal.it/societa/ANA-ATL-FELTRE/BL012
52,478.75,7:58.5,m,MOINO Alessandro,1974,SM45,ANA ATL.FELTRE,5 se- 1,Feltre,2022-04-13,https://www.fidal.it/atleta/MOINO-Alessandro/eKmRlJmkcWU%3D,https://www.fidal.it/societa/ANA-ATL-FELTRE/BL012
38,485.75,8:05.5,m,PIAZZA Fabio,1982,SM40,ANA ATL.FELTRE,7 se- 1,Feltre,2022-04-13,https://www.fidal.it/atleta/PIAZZA-Fabio/eKmRlJeoaWY%3D,https://www.fidal.it/societa/ANA-ATL-FELTRE/BL012
22,495.55,8:15.3,m,CAPRETTA Francesco,2002,CM,ANA ATL.FELTRE,4 se- 1,Belluno,2016-05-07,https://www.fidal.it/atleta/CAPRETTA-Francesco/eKmRlJagcWY%3D,https://www.fidal.it/societa/ANA-ATL-FELTRE/BL012
9,506.95,8:26.7,m,FACCHIN Daniele,1996,CM,ANA ATL.FELTRE,6 su- 1,Belluno,2010-05-09,https://www.fidal.it/atleta/FACCHIN-Daniele/eKmRlJSobmo%3D,https://www.fidal.it/societa/ANA-ATL-FELTRE/BL012
7,510.05,8:29.8,m,SCOPEL Enrico,2000,CM,ANA ATL.FELTRE,6 se- 1,Belluno,2014-05-18,https://www.fidal.it/atleta/SCOPEL-Enrico/eKmRlJSjcGw%3D,https://www.fidal.it/societa/ANA-ATL-FELTRE/BL012
