punteggio,prestazione,vento,tempo,cronometraggio,atleta,anno,categoria,società,posizione,luogo,data,link_atleta,link_società
1010,24.27,+1.2,24.27,e,DALLO Francesca,1990,AF,ANA ATL.FELTRE,1 se- 2,Bressanone,2006-06-04,https://www.fidal.it/atleta/DALLO-Francesca/eKiRlZSfamQ%3D,https://www.fidal.it/societa/ANA-ATL-FELTRE/BL012
1004,24.33,+0.7,24.33,e,DALLO Francesca,1990,AF,ANA ATL.FELTRE,1 ba- 2,Fano,2006-10-08,https://www.fidal.it/atleta/DALLO-Francesca/eKiRlZSfamQ%3D,https://www.fidal.it/societa/ANA-ATL-FELTRE/BL012
1004,24.33,+2.7,24.33,e,DALLO Francesca,1990,AF,ANA ATL.FELTRE,1 fi- 1,Fano,2006-10-08,https://www.fidal.it/atleta/DALLO-Francesca/eKiRlZSfamQ%3D,https://www.fidal.it/societa/ANA-ATL-FELTRE/BL012
998,24.4,+3.6,24.40,e,DALLO Francesca,1990,AF,ANA ATL.FELTRE,2 se- 1,Tunisi,2006-08-06,https://www.fidal.it/atleta/DALLO-Francesca/eKiRlZSfamQ%3D,https://www.fidal.it/societa/ANA-ATL-FELTRE/BL012
990,24.48,-1.2,24.48,e,DALLO Francesca,1990,AF,ANA ATL.FELTRE,1 su- 1,Milano,2006-09-02,https://www.fidal.it/atleta/DALLO-Francesca/eKiRlZSfamQ%3D,https://www.fidal.it/societa/ANA-ATL-FELTRE/BL012
989,24.49,+1.0,24.49,e,DALLO Francesca,1990,AF,ANA ATL.FELTRE,1 sf- 3,Salonicco,2006-07-01,https://www.fidal.it/atleta/DALLO-Francesca/eKiRlZSfamQ%3D,https://www.fidal.it/societa/ANA-ATL-FELTRE/BL012
987,24.51,+0.0,24.51,e,DALLO Francesca,1990,AF,ANA ATL.FELTRE,4 fi- 1,Salonicco,2006-07-02,https://www.fidal.it/atleta/DALLO-Francesca/eKiRlZSfamQ%3D,https://www.fidal.it/societa/ANA-ATL-FELTRE/BL012
971,24.68,+0.2,24.68,e,DALLO Francesca,1990,AF,ANA ATL.FELTRE,1 ba- 3,Salonicco,2006-07-01,https://www.fidal.it/atleta/DALLO-Francesca/eKiRlZSfamQ%3D,https://www.fidal.it/societa/ANA-ATL-FELTRE/BL012
957,24.83,+0.2,24.83,e,DALLO Francesca,1990,AF,ANA ATL.FELTRE,1 se- 1,Mestre Venezia,2006-09-21,https://www.fidal.it/atleta/DALLO-Francesca/eKiRlZSfamQ%3D,https://www.fidal.it/societa/ANA-ATL-FELTRE/BL012
956,24.84,+0.0,24.84,e,DALLO Francesca,1990,AF,ANA ATL.FELTRE,1 se- 1,Vittorio Veneto,2006-05-14,https://www.fidal.it/atleta/DALLO-Francesca/eKiRlZSfamQ%3D,https://www.fidal.it/societa/ANA-ATL-FELTRE/BL012
933,25.1,+0.6,25.10,e,DALLO Francesca,1990,AF,ANA ATL.FELTRE,2 fi- 1,Cesenatico,2007-10-07,https://www.fidal.it/atleta/DALLO-Francesca/eKiRlZSfamQ%3D,https://www.fidal.it/societa/ANA-ATL-FELTRE/BL012
932,21.95,+3.9,21.95,e,SIRAGNA Lorenzo,2001,JM,ANA ATL.FELTRE,1 se- 2,San Biagio Di Callalta,2019-05-12,https://www.fidal.it/atleta/SIRAGNA-Lorenzo/eKmRlJahbmY%3D,https://www.fidal.it/societa/ANA-ATL-FELTRE/BL012
914,25.3,+0.9,25.30,e,BOTTEGA Samantha,1994,PF,ANA ATL.FELTRE,3 se- 1,Rovigo,2015-06-07,https://www.fidal.it/atleta/BOTTEGA-Samantha/eKmRlJKnb2Q%3D,https://www.fidal.it/societa/ANA-ATL-FELTRE/BL012
914,25.3,+0.8,25.30,e,DALLO Francesca,1990,AF,ANA ATL.FELTRE,1 ba- 2,Cesenatico,2007-10-07,https://www.fidal.it/atleta/DALLO-Francesca/eKiRlZSfamQ%3D,https://www.fidal.it/societa/ANA-ATL-FELTRE/BL012
911,25.34,-0.4,25.34,e,DALLO Francesca,1990,AF,ANA ATL.FELTRE,1 se- 1,Vicenza,2007-09-16,https://www.fidal.it/atleta/DALLO-Francesca/eKiRlZSfamQ%3D,https://www.fidal.it/societa/ANA-ATL-FELTRE/BL012
900,25.46,+1.2,25.46,e,DALLO Francesca,1990,AF,ANA ATL.FELTRE,5 se- 1,Brugnera,2007-09-01,https://www.fidal.it/atleta/DALLO-Francesca/eKiRlZSfamQ%3D,https://www.fidal.it/societa/ANA-ATL-FELTRE/BL012
899,25.47,+0.4,25.47,e,DALLO Francesca,1990,AF,ANA ATL.FELTRE,1 se- 1,Rossano Veneto,2007-09-09,https://www.fidal.it/atleta/DALLO-Francesca/eKiRlZSfamQ%3D,https://www.fidal.it/societa/ANA-ATL-FELTRE/BL012
889,22.27,-1.3,22.27,e,SIRAGNA Lorenzo,2001,AM,ANA ATL.FELTRE,3 se- 1,Bolzano,2018-06-09,https://www.fidal.it/atleta/SIRAGNA-Lorenzo/eKmRlJahbmY%3D,https://www.fidal.it/societa/ANA-ATL-FELTRE/BL012
888,25.59,-0.4,25.59,e,BOTTEGA Samantha,1994,PF,ANA ATL.FELTRE,6 se- 1,Caprino Veronese,2015-06-28,https://www.fidal.it/atleta/BOTTEGA-Samantha/eKmRlJKnb2Q%3D,https://www.fidal.it/societa/ANA-ATL-FELTRE/BL012
883,25.65,+0.0,25.65,e,BOTTEGA Samantha,1994,PF,ANA ATL.FELTRE,2 se- 1,Treviso,2015-05-27,https://www.fidal.it/atleta/BOTTEGA-Samantha/eKmRlJKnb2Q%3D,https://www.fidal.it/societa/ANA-ATL-FELTRE/BL012
879,25.69,+1.0,25.69,e,BOTTEGA Samantha,1994,PF,ANA ATL.FELTRE,2 se- 1,Trento,2014-09-09,https://www.fidal.it/atleta/BOTTEGA-Samantha/eKmRlJKnb2Q%3D,https://www.fidal.it/societa/ANA-ATL-FELTRE/BL012
869,22.42,-0.2,22.42,e,SIRAGNA Lorenzo,2001,JM,ANA ATL.FELTRE,3 se- 1,San Biagio Di Callalta,2020-09-13,https://www.fidal.it/atleta/SIRAGNA-Lorenzo/eKmRlJahbmY%3D,https://www.fidal.it/societa/ANA-ATL-FELTRE/BL012
867,22.43,-0.5,22.43,e,SIRAGNA Lorenzo,2001,AM,ANA ATL.FELTRE,2 se- 1,San Biagio Di Callalta,2018-05-13,https://www.fidal.it/atleta/SIRAGNA-Lorenzo/eKmRlJahbmY%3D,https://www.fidal.it/societa/ANA-ATL-FELTRE/BL012
866,22.44,+1.2,22.44,e,DALLA SEGA Andrea,1995,AM,ANA ATL.FELTRE,1 se- 9,Marcon,2012-06-13,https://www.fidal.it/atleta/DALLA-SEGA-Andrea/eKmRlJSgaGY%3D,https://www.fidal.it/societa/ANA-ATL-FELTRE/BL012
865,25.85,-0.2,25.85,e,BOTTEGA Samantha,1994,PF,ANA ATL.FELTRE,2 se- 1,Trieste,2015-05-31,https://www.fidal.it/atleta/BOTTEGA-Samantha/eKmRlJKnb2Q%3D,https://www.fidal.it/societa/ANA-ATL-FELTRE/BL012
860,25.91,-0.1,25.91,e,BOTTEGA Samantha,1994,PF,ANA ATL.FELTRE,1 se- 2,Bolzano,2014-06-09,https://www.fidal.it/atleta/BOTTEGA-Samantha/eKmRlJKnb2Q%3D,https://www.fidal.it/societa/ANA-ATL-FELTRE/BL012
858,25.93,-0.3,25.93,e,BOTTEGA Samantha,1994,PF,ANA ATL.FELTRE,3 se- 1,Merano,2014-05-24,https://www.fidal.it/atleta/BOTTEGA-Samantha/eKmRlJKnb2Q%3D,https://www.fidal.it/societa/ANA-ATL-FELTRE/BL012
857,22.51,-0.4,22.51,e,SIRAGNA Lorenzo,2001,AM,ANA ATL.FELTRE,3 se- 1,Sacile,2018-06-30,https://www.fidal.it/atleta/SIRAGNA-Lorenzo/eKmRlJahbmY%3D,https://www.fidal.it/societa/ANA-ATL-FELTRE/BL012
856,25.96,-0.9,25.96,e,BOTTEGA Samantha,1994,PF,ANA ATL.FELTRE,3 se- 1,Verona,2014-06-02,https://www.fidal.it/atleta/BOTTEGA-Samantha/eKmRlJKnb2Q%3D,https://www.fidal.it/societa/ANA-ATL-FELTRE/BL012
856,25.95,-0.2,25.95,e,BOTTEGA Samantha,1994,PF,ANA ATL.FELTRE,3 se- 5,Bologna,2015-05-16,https://www.fidal.it/atleta/BOTTEGA-Samantha/eKmRlJKnb2Q%3D,https://www.fidal.it/societa/ANA-ATL-FELTRE/BL012
852,26.0,+0.3,26.00,e,BOTTEGA Samantha,1994,PF,ANA ATL.FELTRE,2 se- 1,Trento,2014-09-17,https://www.fidal.it/atleta/BOTTEGA-Samantha/eKmRlJKnb2Q%3D,https://www.fidal.it/societa/ANA-ATL-FELTRE/BL012
851,22.55,-1.3,22.55,e,ZANDOMENEGHI Marco,1997,PM,ANA ATL.FELTRE,4 se- 1,Bolzano,2018-06-09,https://www.fidal.it/atleta/ZANDOMENEGHI-Marco/eKmRlJWjb2o%3D,https://www.fidal.it/societa/ANA-ATL-FELTRE/BL012
849,26.03,+0.0,26.03,e,SCOPEL Gioia,2002,AF,ANA ATL.FELTRE,1 se- 4,Vicenza,2019-06-02,https://www.fidal.it/atleta/SCOPEL-Gioia/eKmRlJSjcGo%3D,https://www.fidal.it/societa/ANA-ATL-FELTRE/BL012
848,26.05,,25.8,m,BOTTEGA Samantha,1994,PF,ANA ATL.FELTRE,1 se- 1,Feltre,2014-08-28,https://www.fidal.it/atleta/BOTTEGA-Samantha/eKmRlJKnb2Q%3D,https://www.fidal.it/societa/ANA-ATL-FELTRE/BL012
845,22.6,-0.6,22.60,e,SIRAGNA Lorenzo,2001,JM,ANA ATL.FELTRE,2 se- 4,Mestre,2020-09-06,https://www.fidal.it/atleta/SIRAGNA-Lorenzo/eKmRlJahbmY%3D,https://www.fidal.it/societa/ANA-ATL-FELTRE/BL012
845,26.08,-0.3,26.08,e,BOTTEGA Samantha,1994,PF,ANA ATL.FELTRE,5 se- 5,Caprino Veronese,2014-05-31,https://www.fidal.it/atleta/BOTTEGA-Samantha/eKmRlJKnb2Q%3D,https://www.fidal.it/societa/ANA-ATL-FELTRE/BL012
842,22.62,+0.5,22.62,e,ZANDOMENEGHI Marco,1997,PM,ANA ATL.FELTRE,6 se- 3,Catania,2017-06-17,https://www.fidal.it/atleta/ZANDOMENEGHI-Marco/eKmRlJWjb2o%3D,https://www.fidal.it/societa/ANA-ATL-FELTRE/BL012
841,22.63,+1.4,22.63,e,SIRAGNA Lorenzo,2001,AM,ANA ATL.FELTRE,2 se- 2,Bovolone,2018-09-30,https://www.fidal.it/atleta/SIRAGNA-Lorenzo/eKmRlJahbmY%3D,https://www.fidal.it/societa/ANA-ATL-FELTRE/BL012
840,22.64,-2.2,22.64,e,ZANDOMENEGHI Marco,1997,PM,ANA ATL.FELTRE,5 se- 1,Bolzano,2017-05-24,https://www.fidal.it/atleta/ZANDOMENEGHI-Marco/eKmRlJWjb2o%3D,https://www.fidal.it/societa/ANA-ATL-FELTRE/BL012
833,26.22,-0.7,26.22,e,BOTTEGA Samantha,1994,PF,ANA ATL.FELTRE,6 se- 1,Marcon,2014-06-15,https://www.fidal.it/atleta/BOTTEGA-Samantha/eKmRlJKnb2Q%3D,https://www.fidal.it/societa/ANA-ATL-FELTRE/BL012
833,22.69,-0.5,22.69,e,SIRAGNA Lorenzo,2001,AM,ANA ATL.FELTRE,5 se- 1,Merano,2018-07-21,https://www.fidal.it/atleta/SIRAGNA-Lorenzo/eKmRlJahbmY%3D,https://www.fidal.it/societa/ANA-ATL-FELTRE/BL012
832,22.7,+0.0,22.70,e,DALLA SEGA Andrea,1995,AM,ANA ATL.FELTRE,1 se- 1,Vicenza,2012-05-20,https://www.fidal.it/atleta/DALLA-SEGA-Andrea/eKmRlJSgaGY%3D,https://www.fidal.it/societa/ANA-ATL-FELTRE/BL012
832,22.7,+0.4,22.70,e,DALLA SEGA Andrea,1995,AM,ANA ATL.FELTRE,4 ba- 1,Firenze,2012-09-29,https://www.fidal.it/atleta/DALLA-SEGA-Andrea/eKmRlJSgaGY%3D,https://www.fidal.it/societa/ANA-ATL-FELTRE/BL012
831,22.71,+0.0,22.71,e,DALLA SEGA Andrea,1995,AM,ANA ATL.FELTRE,2 se- 2,Bastia Umbra,2012-06-24,https://www.fidal.it/atleta/DALLA-SEGA-Andrea/eKmRlJSgaGY%3D,https://www.fidal.it/societa/ANA-ATL-FELTRE/BL012
828,26.28,+0.7,26.28,e,SCOPEL Gioia,2002,JF,ANA ATL.FELTRE,3 se- 2,Treviso,2021-04-18,https://www.fidal.it/atleta/SCOPEL-Gioia/eKmRlJSjcGo%3D,https://www.fidal.it/societa/ANA-ATL-FELTRE/BL012
828,22.73,-0.6,22.73,e,SIRAGNA Lorenzo,2001,AM,ANA ATL.FELTRE,3 se- 1,San Biagio Di Callalta,2018-04-29,https://www.fidal.it/atleta/SIRAGNA-Lorenzo/eKmRlJahbmY%3D,https://www.fidal.it/societa/ANA-ATL-FELTRE/BL012
827,22.74,+0.1,22.74,e,PERCO Emilio,1994,JM,ANA ATL.FELTRE,1 se- 4,Vicenza,2013-04-14,https://www.fidal.it/atleta/PERCO-Emilio/eKmRlJOjaGo%3D,https://www.fidal.it/societa/ANA-ATL-FELTRE/BL012
824,26.32,-0.4,26.32,e,BOTTEGA Samantha,1994,PF,ANA ATL.FELTRE,6 se- 1,Marcon,2015-05-10,https://www.fidal.it/atleta/BOTTEGA-Samantha/eKmRlJKnb2Q%3D,https://www.fidal.it/societa/ANA-ATL-FELTRE/BL012
821,22.78,+1.9,22.78,e,MANISCALCHI Stefano,1990,JM,ANA ATL.FELTRE,3 se- 5,Treviso,2008-09-07,https://www.fidal.it/atleta/MANISCALCHI-Stefano/eKiRlZKia2s%3D,https://www.fidal.it/societa/ANA-ATL-FELTRE/BL012
821,22.78,+0.2,22.78,e,MANISCALCHI Stefano,1990,PM,ANA ATL.FELTRE,1 se- 2,Tarvisio,2010-08-08,https://www.fidal.it/atleta/MANISCALCHI-Stefano/eKiRlZKia2s%3D,https://www.fidal.it/societa/ANA-ATL-FELTRE/BL012
821,26.36,+1.2,26.36,e,BOTTEGA Samantha,1994,PF,ANA ATL.FELTRE,4 se- 1,Santa Cristina,2014-08-30,https://www.fidal.it/atleta/BOTTEGA-Samantha/eKmRlJKnb2Q%3D,https://www.fidal.it/societa/ANA-ATL-FELTRE/BL012
820,22.79,+1.3,22.79,e,MANISCALCHI Stefano,1990,SM,ANA ATL.FELTRE,1 se- 1,Bolzano,2014-06-09,https://www.fidal.it/atleta/MANISCALCHI-Stefano/eKiRlZKia2s%3D,https://www.fidal.it/societa/ANA-ATL-FELTRE/BL012
820,22.79,-1.0,22.79,e,SIRAGNA Lorenzo,2001,AM,ANA ATL.FELTRE,2 se- 1,Vicenza,2018-09-16,https://www.fidal.it/atleta/SIRAGNA-Lorenzo/eKmRlJahbmY%3D,https://www.fidal.it/societa/ANA-ATL-FELTRE/BL012
820,22.79,+0.4,22.79,e,SIRAGNA Lorenzo,2001,JM,ANA ATL.FELTRE,2 se- 1,Bolzano,2020-08-23,https://www.fidal.it/atleta/SIRAGNA-Lorenzo/eKmRlJahbmY%3D,https://www.fidal.it/societa/ANA-ATL-FELTRE/BL012
820,26.37,+0.7,26.37,e,SCHENAL Anna,2004,AF,ANA ATL.FELTRE,4 se- 2,Treviso,2021-04-18,https://www.fidal.it/atleta/SCHENAL-Anna/eKmRlJajbWs%3D,https://www.fidal.it/societa/ANA-ATL-FELTRE/BL012
816,26.42,+0.3,26.42,e,SCOPEL Gioia,2002,JF,ANA ATL.FELTRE,4 se- 3,Vicenza,2021-05-15,https://www.fidal.it/atleta/SCOPEL-Gioia/eKmRlJSjcGo%3D,https://www.fidal.it/societa/ANA-ATL-FELTRE/BL012
816,22.82,+1.9,22.82,e,ZANDOMENEGHI Marco,1997,JM,ANA ATL.FELTRE,6 se- 2,Agordo,2016-05-22,https://www.fidal.it/atleta/ZANDOMENEGHI-Marco/eKmRlJWjb2o%3D,https://www.fidal.it/societa/ANA-ATL-FELTRE/BL012
814,22.84,+1.0,22.84,e,DALLA SEGA Andrea,1995,JM,ANA ATL.FELTRE,5 se- 9,Caprino Veronese,2013-06-08,https://www.fidal.it/atleta/DALLA-SEGA-Andrea/eKmRlJSgaGY%3D,https://www.fidal.it/societa/ANA-ATL-FELTRE/BL012
814,22.84,+0.3,22.84,e,SIRAGNA Lorenzo,2001,AM,ANA ATL.FELTRE,3 se- 7,Rossano Veneto,2018-09-01,https://www.fidal.it/atleta/SIRAGNA-Lorenzo/eKmRlJahbmY%3D,https://www.fidal.it/societa/ANA-ATL-FELTRE/BL012
812,22.85,-0.4,22.85,e,ZANDOMENEGHI Marco,1997,PM,ANA ATL.FELTRE,1 se- 4,Isernia,2018-05-20,https://www.fidal.it/atleta/ZANDOMENEGHI-Marco/eKmRlJWjb2o%3D,https://www.fidal.it/societa/ANA-ATL-FELTRE/BL012
812,22.85,-0.2,22.85,e,ZANDOMENEGHI Marco,1997,JM,ANA ATL.FELTRE,3 se- 2,Conegliano,2016-09-25,https://www.fidal.it/atleta/ZANDOMENEGHI-Marco/eKmRlJWjb2o%3D,https://www.fidal.it/societa/ANA-ATL-FELTRE/BL012
811,22.86,-1.7,22.86,e,MANISCALCHI Stefano,1990,PM,ANA ATL.FELTRE,4 se- 1,Treviso,2010-04-18,https://www.fidal.it/atleta/MANISCALCHI-Stefano/eKiRlZKia2s%3D,https://www.fidal.it/societa/ANA-ATL-FELTRE/BL012
804,26.56,-0.8,26.56,e,BOTTEGA Samantha,1994,PF,ANA ATL.FELTRE,1 se- 7,Vicenza,2014-05-11,https://www.fidal.it/atleta/BOTTEGA-Samantha/eKmRlJKnb2Q%3D,https://www.fidal.it/societa/ANA-ATL-FELTRE/BL012
802,26.58,+0.6,26.58,e,BOTTEGA Samantha,1994,PF,ANA ATL.FELTRE,4 se- 2,Palmanova,2015-05-01,https://www.fidal.it/atleta/BOTTEGA-Samantha/eKmRlJKnb2Q%3D,https://www.fidal.it/societa/ANA-ATL-FELTRE/BL012
801,22.94,+0.4,22.94,e,DALLA SEGA Andrea,1995,AM,ANA ATL.FELTRE,2 fi- 2,Firenze,2012-09-29,https://www.fidal.it/atleta/DALLA-SEGA-Andrea/eKmRlJSgaGY%3D,https://www.fidal.it/societa/ANA-ATL-FELTRE/BL012
800,22.95,+0.4,22.95,e,DALLA SEGA Andrea,1995,AM,ANA ATL.FELTRE,3 se- 8,Bassano Del Grappa,2012-09-16,https://www.fidal.it/atleta/DALLA-SEGA-Andrea/eKmRlJSgaGY%3D,https://www.fidal.it/societa/ANA-ATL-FELTRE/BL012
800,26.6,-0.5,26.60,e,SCOPEL Gioia,2002,JF,ANA ATL.FELTRE,4 se- 3,Mestre,2020-09-06,https://www.fidal.it/atleta/SCOPEL-Gioia/eKmRlJSjcGo%3D,https://www.fidal.it/societa/ANA-ATL-FELTRE/BL012
800,26.61,-0.4,26.61,e,BOTTEGA Samantha,1994,PF,ANA ATL.FELTRE,5 se- 1,Marcon,2015-04-11,https://www.fidal.it/atleta/BOTTEGA-Samantha/eKmRlJKnb2Q%3D,https://www.fidal.it/societa/ANA-ATL-FELTRE/BL012
798,22.96,-0.3,22.96,e,ZANDOMENEGHI Marco,1997,PM,ANA ATL.FELTRE,4 se- 3,San Biagio Di Callalta,2017-05-21,https://www.fidal.it/atleta/ZANDOMENEGHI-Marco/eKmRlJWjb2o%3D,https://www.fidal.it/societa/ANA-ATL-FELTRE/BL012
798,22.96,+1.3,22.96,e,DALLA SEGA Davide,1999,JM,ANA ATL.FELTRE,5 se- 1,Bolzano,2018-08-18,https://www.fidal.it/atleta/DALLA-SEGA-Davide/eKmRlJala2c%3D,https://www.fidal.it/societa/ANA-ATL-FELTRE/BL012
798,22.96,+0.7,22.96,e,ZANDOMENEGHI Marco,1997,AM,ANA ATL.FELTRE,1 se- 1,Bolzano,2014-06-09,https://www.fidal.it/atleta/ZANDOMENEGHI-Marco/eKmRlJWjb2o%3D,https://www.fidal.it/societa/ANA-ATL-FELTRE/BL012
798,22.96,-1.4,22.96,e,SIRAGNA Lorenzo,2001,PM,ANA ATL.FELTRE,4 se- 1,San Biagio Di Callalta,2021-07-03,https://www.fidal.it/atleta/SIRAGNA-Lorenzo/eKmRlJahbmY%3D,https://www.fidal.it/societa/ANA-ATL-FELTRE/BL012
798,22.96,+0.5,22.96,e,DALLA SEGA Andrea,1995,AM,ANA ATL.FELTRE,1 se- 4,Palmanova,2012-05-01,https://www.fidal.it/atleta/DALLA-SEGA-Andrea/eKmRlJSgaGY%3D,https://www.fidal.it/societa/ANA-ATL-FELTRE/BL012
797,22.97,+0.8,22.97,e,MANISCALCHI Stefano,1990,SM,ANA ATL.FELTRE,1 se- 9,Marcon,2014-04-06,https://www.fidal.it/atleta/MANISCALCHI-Stefano/eKiRlZKia2s%3D,https://www.fidal.it/societa/ANA-ATL-FELTRE/BL012
796,22.98,+0.7,22.98,e,VELLO Michele,1997,AM,ANA ATL.FELTRE,2 se- 1,Bolzano,2014-06-09,https://www.fidal.it/atleta/VELLO-Michele/eKmRlJSkb2U%3D,https://www.fidal.it/societa/ANA-ATL-FELTRE/BL012
796,22.98,+0.9,22.98,e,ZANDOMENEGHI Marco,1997,JM,ANA ATL.FELTRE,5 se- 1,Caorle,2016-05-29,https://www.fidal.it/atleta/ZANDOMENEGHI-Marco/eKmRlJWjb2o%3D,https://www.fidal.it/societa/ANA-ATL-FELTRE/BL012
793,23.0,+2.7,23.00,e,PARANI Aire,1994,AM,ANA ATL.FELTRE,1 se- 2,Montebelluna,2011-05-01,https://www.fidal.it/atleta/PARANI-Aire/eKmRlJSgaWo%3D,https://www.fidal.it/societa/ANA-ATL-FELTRE/BL012
792,23.01,-1.3,23.01,e,MANISCALCHI Stefano,1990,AM,ANA ATL.FELTRE,3 se- 1,Vicenza,2007-05-13,https://www.fidal.it/atleta/MANISCALCHI-Stefano/eKiRlZKia2s%3D,https://www.fidal.it/societa/ANA-ATL-FELTRE/BL012
792,23.01,+2.2,23.01,e,VELLO Michele,1997,JM,ANA ATL.FELTRE,1 se- 6,Agordo,2016-05-22,https://www.fidal.it/atleta/VELLO-Michele/eKmRlJSkb2U%3D,https://www.fidal.it/societa/ANA-ATL-FELTRE/BL012
792,23.01,+0.7,23.01,e,SIRAGNA Lorenzo,2001,AM,ANA ATL.FELTRE,5 ba- 5,Rieti,2017-06-17,https://www.fidal.it/atleta/SIRAGNA-Lorenzo/eKmRlJahbmY%3D,https://www.fidal.it/societa/ANA-ATL-FELTRE/BL012
791,23.02,-0.2,23.02,e,ZIVOJINOVIC Milan,2001,JM,ANA ATL.FELTRE,5 ba- 1,Grosseto,2020-09-19,https://www.fidal.it/atleta/ZIVOJINOVIC-Milan/eK6Rkpqja2c%3D,https://www.fidal.it/societa/ANA-ATL-FELTRE/BL012
791,23.02,-0.1,23.02,e,VELLO Michele,1997,PM,ANA ATL.FELTRE,2 se- 2,Bolzano,2018-06-09,https://www.fidal.it/atleta/VELLO-Michele/eKmRlJSkb2U%3D,https://www.fidal.it/societa/ANA-ATL-FELTRE/BL012
791,23.02,+0.1,23.02,e,BORTOLIN Sebastiano,1998,JM,ANA ATL.FELTRE,2 se- 5,Agordo,2016-05-22,https://www.fidal.it/atleta/BORTOLIN-Sebastiano/eKyRkpikcWo%3D,https://www.fidal.it/societa/ANA-ATL-FELTRE/BL012
789,23.03,-1.6,23.03,e,MANISCALCHI Stefano,1990,JM,ANA ATL.FELTRE,1 se- 2,Piombino Dese,2008-04-26,https://www.fidal.it/atleta/MANISCALCHI-Stefano/eKiRlZKia2s%3D,https://www.fidal.it/societa/ANA-ATL-FELTRE/BL012
788,23.04,+0.7,23.04,e,ZANDOMENEGHI Marco,1997,AM,ANA ATL.FELTRE,5 ba- 1,Rieti,2014-06-21,https://www.fidal.it/atleta/ZANDOMENEGHI-Marco/eKmRlJWjb2o%3D,https://www.fidal.it/societa/ANA-ATL-FELTRE/BL012
787,23.05,-0.4,23.05,e,VELLO Michele,1997,PM,ANA ATL.FELTRE,2 se- 2,Bolzano,2017-05-24,https://www.fidal.it/atleta/VELLO-Michele/eKmRlJSkb2U%3D,https://www.fidal.it/societa/ANA-ATL-FELTRE/BL012
787,23.05,-0.6,23.05,e,ZIVOJINOVIC Milan,2001,JM,ANA ATL.FELTRE,4 se- 4,Mestre,2020-09-06,https://www.fidal.it/atleta/ZIVOJINOVIC-Milan/eK6Rkpqja2c%3D,https://www.fidal.it/societa/ANA-ATL-FELTRE/BL012
787,26.76,+0.5,26.76,e,BARP Anna asia,2004,AF,ANA ATL.FELTRE,1 se- 6,Vicenza,2021-05-15,https://www.fidal.it/atleta/BARP-Anna-asia/eKmRlJekb2c%3D,https://www.fidal.it/societa/ANA-ATL-FELTRE/BL012
787,23.05,,22.8,m,MANISCALCHI Stefano,1990,JM,ANA ATL.FELTRE,2 se- 1,Belluno,2008-07-09,https://www.fidal.it/atleta/MANISCALCHI-Stefano/eKiRlZKia2s%3D,https://www.fidal.it/societa/ANA-ATL-FELTRE/BL012
786,23.06,-0.4,23.06,e,ZANDOMENEGHI Marco,1997,JM,ANA ATL.FELTRE,5 se- 1,Vicenza,2016-05-08,https://www.fidal.it/atleta/ZANDOMENEGHI-Marco/eKmRlJWjb2o%3D,https://www.fidal.it/societa/ANA-ATL-FELTRE/BL012
786,23.06,-0.8,23.06,e,MANISCALCHI Stefano,1990,SM,ANA ATL.FELTRE,1 se- 2,Bassano,2014-04-27,https://www.fidal.it/atleta/MANISCALCHI-Stefano/eKiRlZKia2s%3D,https://www.fidal.it/societa/ANA-ATL-FELTRE/BL012
783,23.08,+1.5,23.08,e,ZANDOMENEGHI Marco,1997,JM,ANA ATL.FELTRE,2 se- 4,Rovigo,2015-06-07,https://www.fidal.it/atleta/ZANDOMENEGHI-Marco/eKmRlJWjb2o%3D,https://www.fidal.it/societa/ANA-ATL-FELTRE/BL012
782,23.09,-0.1,23.09,e,DALLA SEGA Davide,1999,JM,ANA ATL.FELTRE,3 se- 2,Bolzano,2018-06-09,https://www.fidal.it/atleta/DALLA-SEGA-Davide/eKmRlJala2c%3D,https://www.fidal.it/societa/ANA-ATL-FELTRE/BL012
782,23.09,-0.1,23.09,e,ZANDOMENEGHI Marco,1997,JM,ANA ATL.FELTRE,5 se- 8,Arzignano,2016-09-12,https://www.fidal.it/atleta/ZANDOMENEGHI-Marco/eKmRlJWjb2o%3D,https://www.fidal.it/societa/ANA-ATL-FELTRE/BL012
782,23.09,-1.9,23.09,e,MANISCALCHI Stefano,1990,SM,ANA ATL.FELTRE,3 se- 2,Marcon,2015-05-10,https://www.fidal.it/atleta/MANISCALCHI-Stefano/eKiRlZKia2s%3D,https://www.fidal.it/societa/ANA-ATL-FELTRE/BL012
782,23.09,+0.5,23.09,e,ZANDOMENEGHI Marco,1997,AM,ANA ATL.FELTRE,1 se- 2,Trento,2014-09-17,https://www.fidal.it/atleta/ZANDOMENEGHI-Marco/eKmRlJWjb2o%3D,https://www.fidal.it/societa/ANA-ATL-FELTRE/BL012
782,23.09,+2.3,23.09,e,SIRAGNA Lorenzo,2001,AM,ANA ATL.FELTRE,3 se- 1,Jesolo,2017-09-17,https://www.fidal.it/atleta/SIRAGNA-Lorenzo/eKmRlJahbmY%3D,https://www.fidal.it/societa/ANA-ATL-FELTRE/BL012
781,23.1,-1.1,23.10,e,SIRAGNA Lorenzo,2001,AM,ANA ATL.FELTRE,3 se- 3,Arzignano,2017-06-25,https://www.fidal.it/atleta/SIRAGNA-Lorenzo/eKmRlJahbmY%3D,https://www.fidal.it/societa/ANA-ATL-FELTRE/BL012
779,23.11,-0.4,23.11,e,DALLA SEGA Andrea,1995,AM,ANA ATL.FELTRE,4 se- 6,Marcon,2012-09-11,https://www.fidal.it/atleta/DALLA-SEGA-Andrea/eKmRlJSgaGY%3D,https://www.fidal.it/societa/ANA-ATL-FELTRE/BL012
777,23.13,-1.5,23.13,e,VELLO Michele,1997,PM,ANA ATL.FELTRE,3 se- 4,San Biagio Di Callalta,2017-05-21,https://www.fidal.it/atleta/VELLO-Michele/eKmRlJSkb2U%3D,https://www.fidal.it/societa/ANA-ATL-FELTRE/BL012
774,26.91,+1.1,26.91,e,BARP Anna asia,2004,AF,ANA ATL.FELTRE,2 se- 2,Verona,2021-09-12,https://www.fidal.it/atleta/BARP-Anna-asia/eKmRlJekb2c%3D,https://www.fidal.it/societa/ANA-ATL-FELTRE/BL012
774,23.15,,22.9,m,ZANDOMENEGHI Marco,1997,JM,ANA ATL.FELTRE,2 se- 1,Feltre,2015-08-26,https://www.fidal.it/atleta/ZANDOMENEGHI-Marco/eKmRlJWjb2o%3D,https://www.fidal.it/societa/ANA-ATL-FELTRE/BL012
774,26.91,+0.1,26.91,e,SCOPEL Gioia,2002,PF,ANA ATL.FELTRE,6 se- 3,Padova,2022-05-15,https://www.fidal.it/atleta/SCOPEL-Gioia/eKmRlJSjcGo%3D,https://www.fidal.it/societa/ANA-ATL-FELTRE/BL012
774,23.15,-1.2,23.15,e,TIREL Enrico,1993,AM,ANA ATL.FELTRE,2 se- 1,Saronno,2010-06-27,https://www.fidal.it/atleta/TIREL-Enrico/eKmRlJOjaGg%3D,https://www.fidal.it/societa/ANA-ATL-FELTRE/BL012
773,23.16,-3.3,23.16,e,DALLA SEGA Andrea,1995,AM,ANA ATL.FELTRE,3 se- 2,Bressanone,2012-05-27,https://www.fidal.it/atleta/DALLA-SEGA-Andrea/eKmRlJSgaGY%3D,https://www.fidal.it/societa/ANA-ATL-FELTRE/BL012
773,23.16,+2.4,23.16,e,ZANDOMENEGHI Marco,1997,PM,ANA ATL.FELTRE,3 se- 2,Bussolengo,2017-05-07,https://www.fidal.it/atleta/ZANDOMENEGHI-Marco/eKmRlJWjb2o%3D,https://www.fidal.it/societa/ANA-ATL-FELTRE/BL012
772,23.17,-0.1,23.17,e,ZANDOMENEGHI Marco,1997,PM,ANA ATL.FELTRE,2 se- 1,Bassano Del Grappa,2017-09-12,https://www.fidal.it/atleta/ZANDOMENEGHI-Marco/eKmRlJWjb2o%3D,https://www.fidal.it/societa/ANA-ATL-FELTRE/BL012
770,26.96,+1.0,26.96,e,CURIC Tea,1995,AF,ANA ATL.FELTRE,1 se- 2,Vicenza,2012-05-27,https://www.fidal.it/atleta/CURIC-Tea/eKmRlJSnbmc%3D,https://www.fidal.it/societa/ANA-ATL-FELTRE/BL012
770,26.96,+0.9,26.96,e,SCHENAL Anna,2004,AF,ANA ATL.FELTRE,1 su- 1,Agordo,2020-08-22,https://www.fidal.it/atleta/SCHENAL-Anna/eKmRlJajbWs%3D,https://www.fidal.it/societa/ANA-ATL-FELTRE/BL012
769,26.97,-0.2,26.97,e,BARP Anna asia,2004,AF,ANA ATL.FELTRE,3 se- 2,Cles,2021-09-26,https://www.fidal.it/atleta/BARP-Anna-asia/eKmRlJekb2c%3D,https://www.fidal.it/societa/ANA-ATL-FELTRE/BL012
769,23.19,-0.7,23.19,e,SIRAGNA Lorenzo,2001,AM,ANA ATL.FELTRE,3 se- 5,San Biagio Di Callalta,2017-05-21,https://www.fidal.it/atleta/SIRAGNA-Lorenzo/eKmRlJahbmY%3D,https://www.fidal.it/societa/ANA-ATL-FELTRE/BL012
768,23.2,+0.4,23.20,e,ZABOT Julian,2002,PM,ANA ATL.FELTRE,1 se- 1,Feltre,2022-06-08,https://www.fidal.it/atleta/ZABOT-Julian/eKmRlJelbGY%3D,https://www.fidal.it/societa/ANA-ATL-FELTRE/BL012
768,23.2,+0.5,23.20,e,MANISCALCHI Stefano,1990,SM,ANA ATL.FELTRE,2 se- 2,Trento,2014-09-17,https://www.fidal.it/atleta/MANISCALCHI-Stefano/eKiRlZKia2s%3D,https://www.fidal.it/societa/ANA-ATL-FELTRE/BL012
768,23.2,,23.20,e,ZANDOMENEGHI Marco,1997,AM,ANA ATL.FELTRE,3 se- 2,Trento,2013-06-09,https://www.fidal.it/atleta/ZANDOMENEGHI-Marco/eKmRlJWjb2o%3D,https://www.fidal.it/societa/ANA-ATL-FELTRE/BL012
767,23.21,-0.6,23.21,e,ZANDOMENEGHI Marco,1997,PM,ANA ATL.FELTRE,5 se- 1,Arzignano,2017-06-25,https://www.fidal.it/atleta/ZANDOMENEGHI-Marco/eKmRlJWjb2o%3D,https://www.fidal.it/societa/ANA-ATL-FELTRE/BL012
767,23.21,+0.0,23.21,e,ZANDOMENEGHI Marco,1997,JM,ANA ATL.FELTRE,5 se- 1,Treviso,2015-05-27,https://www.fidal.it/atleta/ZANDOMENEGHI-Marco/eKmRlJWjb2o%3D,https://www.fidal.it/societa/ANA-ATL-FELTRE/BL012
766,23.22,-0.5,23.22,e,ZANDOMENEGHI Marco,1997,PM,ANA ATL.FELTRE,7 se- 1,Merano,2018-07-21,https://www.fidal.it/atleta/ZANDOMENEGHI-Marco/eKmRlJWjb2o%3D,https://www.fidal.it/societa/ANA-ATL-FELTRE/BL012
766,27.01,+0.0,27.01,e,BARP Anna asia,2004,AF,ANA ATL.FELTRE,5 se- 3,Treviso,2021-04-18,https://www.fidal.it/atleta/BARP-Anna-asia/eKmRlJekb2c%3D,https://www.fidal.it/societa/ANA-ATL-FELTRE/BL012
764,23.23,+0.6,23.23,e,TIREL Enrico,1993,AM,ANA ATL.FELTRE,3 se- 1,Mestre,2009-05-03,https://www.fidal.it/atleta/TIREL-Enrico/eKmRlJOjaGg%3D,https://www.fidal.it/societa/ANA-ATL-FELTRE/BL012
764,23.23,+0.6,23.23,e,ZANDOMENEGHI Marco,1997,AM,ANA ATL.FELTRE,2 se- 8,Pordenone,2013-06-19,https://www.fidal.it/atleta/ZANDOMENEGHI-Marco/eKmRlJWjb2o%3D,https://www.fidal.it/societa/ANA-ATL-FELTRE/BL012
763,23.24,+0.0,23.24,e,VELLO Michele,1997,AM,ANA ATL.FELTRE,5 ba- 5,Rieti,2014-06-21,https://www.fidal.it/atleta/VELLO-Michele/eKmRlJSkb2U%3D,https://www.fidal.it/societa/ANA-ATL-FELTRE/BL012
763,23.24,-1.4,23.24,e,MANISCALCHI Stefano,1990,SM,ANA ATL.FELTRE,3 se- 1,Marcon,2015-04-11,https://www.fidal.it/atleta/MANISCALCHI-Stefano/eKiRlZKia2s%3D,https://www.fidal.it/societa/ANA-ATL-FELTRE/BL012
763,23.24,+1.7,23.24,e,VELLO Michele,1997,PM,ANA ATL.FELTRE,4 se- 3,Bussolengo,2017-05-07,https://www.fidal.it/atleta/VELLO-Michele/eKmRlJSkb2U%3D,https://www.fidal.it/societa/ANA-ATL-FELTRE/BL012
762,23.25,+0.6,23.25,e,DALLA SEGA Andrea,1995,AM,ANA ATL.FELTRE,1 se- 2,Trento,2011-09-21,https://www.fidal.it/atleta/DALLA-SEGA-Andrea/eKmRlJSgaGY%3D,https://www.fidal.it/societa/ANA-ATL-FELTRE/BL012
762,23.25,-0.0,23.25,e,MANISCALCHI Stefano,1990,AM,ANA ATL.FELTRE,6 ba- 1,Cesenatico,2007-10-07,https://www.fidal.it/atleta/MANISCALCHI-Stefano/eKiRlZKia2s%3D,https://www.fidal.it/societa/ANA-ATL-FELTRE/BL012
762,23.25,-1.9,23.25,e,VELLO Michele,1997,PM,ANA ATL.FELTRE,2 se- 5,Isernia,2018-05-20,https://www.fidal.it/atleta/VELLO-Michele/eKmRlJSkb2U%3D,https://www.fidal.it/societa/ANA-ATL-FELTRE/BL012
761,23.26,-2.0,23.26,e,MANISCALCHI Stefano,1990,AM,ANA ATL.FELTRE,2 se- 1,Treviso,2007-05-06,https://www.fidal.it/atleta/MANISCALCHI-Stefano/eKiRlZKia2s%3D,https://www.fidal.it/societa/ANA-ATL-FELTRE/BL012
759,23.27,-0.8,23.27,e,ZANDOMENEGHI Marco,1997,AM,ANA ATL.FELTRE,1 se- 1,Merano,2014-05-24,https://www.fidal.it/atleta/ZANDOMENEGHI-Marco/eKmRlJWjb2o%3D,https://www.fidal.it/societa/ANA-ATL-FELTRE/BL012
759,23.27,-1.4,23.27,e,ZANDOMENEGHI Marco,1997,JM,ANA ATL.FELTRE,4 se- 1,Marcon,2015-04-11,https://www.fidal.it/atleta/ZANDOMENEGHI-Marco/eKmRlJWjb2o%3D,https://www.fidal.it/societa/ANA-ATL-FELTRE/BL012
758,23.28,+0.6,23.28,e,PARANI Aire,1994,AM,ANA ATL.FELTRE,1 se- 1,San Giovanni Lupatoto,2011-07-02,https://www.fidal.it/atleta/PARANI-Aire/eKmRlJSgaWo%3D,https://www.fidal.it/societa/ANA-ATL-FELTRE/BL012
758,27.11,-1.0,27.11,e,SCOPEL Gioia,2002,JF,ANA ATL.FELTRE,4 se- 3,San Biagio Di Callalta,2021-05-02,https://www.fidal.it/atleta/SCOPEL-Gioia/eKmRlJSjcGo%3D,https://www.fidal.it/societa/ANA-ATL-FELTRE/BL012
758,23.28,+1.7,23.28,e,ZANDOMENEGHI Marco,1997,AM,ANA ATL.FELTRE,3 se- 1,Padova,2014-09-21,https://www.fidal.it/atleta/ZANDOMENEGHI-Marco/eKmRlJWjb2o%3D,https://www.fidal.it/societa/ANA-ATL-FELTRE/BL012
757,23.29,+1.7,23.29,e,SIRAGNA Lorenzo,2001,PM,ANA ATL.FELTRE,6 se- 2,Vicenza,2021-05-15,https://www.fidal.it/atleta/SIRAGNA-Lorenzo/eKmRlJahbmY%3D,https://www.fidal.it/societa/ANA-ATL-FELTRE/BL012
754,27.15,+0.0,26.9,m,DAL PONT Rossella,1988,AF,ANA ATL.FELTRE,6 se- 1,Arzignano,2005-05-22,https://www.fidal.it/atleta/DAL-PONT-Rossella/eKiRlJWjb2w%3D,https://www.fidal.it/societa/ANA-ATL-FELTRE/BL012
753,23.32,-0.3,23.32,e,ZANDOMENEGHI Marco,1997,JM,ANA ATL.FELTRE,3 se- 2,Caprino Veronese,2015-06-28,https://www.fidal.it/atleta/ZANDOMENEGHI-Marco/eKmRlJWjb2o%3D,https://www.fidal.it/societa/ANA-ATL-FELTRE/BL012
752,23.33,+0.0,23.33,e,SIRAGNA Lorenzo,2001,AM,ANA ATL.FELTRE,2 se- 2,Chiari,2017-10-01,https://www.fidal.it/atleta/SIRAGNA-Lorenzo/eKmRlJahbmY%3D,https://www.fidal.it/societa/ANA-ATL-FELTRE/BL012
752,23.33,+0.2,23.33,e,ZABOT Julian,2002,AM,ANA ATL.FELTRE,2 se- 3,Bolzano,2018-06-09,https://www.fidal.it/atleta/ZABOT-Julian/eKmRlJelbGY%3D,https://www.fidal.it/societa/ANA-ATL-FELTRE/BL012
751,23.34,-1.3,23.34,e,PARANI Aire,1994,AM,ANA ATL.FELTRE,2 se- 1,Abano Terme,2011-07-01,https://www.fidal.it/atleta/PARANI-Aire/eKmRlJSgaWo%3D,https://www.fidal.it/societa/ANA-ATL-FELTRE/BL012
749,23.35,-1.5,23.35,e,DALLA SEGA Davide,1999,JM,ANA ATL.FELTRE,6 se- 4,San Biagio Di Callalta,2017-05-21,https://www.fidal.it/atleta/DALLA-SEGA-Davide/eKmRlJala2c%3D,https://www.fidal.it/societa/ANA-ATL-FELTRE/BL012
749,23.35,+0.1,23.35,e,VELLO Michele,1997,AM,ANA ATL.FELTRE,1 se- 5,Rovereto,2013-07-05,https://www.fidal.it/atleta/VELLO-Michele/eKmRlJSkb2U%3D,https://www.fidal.it/societa/ANA-ATL-FELTRE/BL012
749,23.35,,23.1,m,MANISCALCHI Stefano,1990,JM,ANA ATL.FELTRE,1 se- 1,Belluno,2009-10-03,https://www.fidal.it/atleta/MANISCALCHI-Stefano/eKiRlZKia2s%3D,https://www.fidal.it/societa/ANA-ATL-FELTRE/BL012
749,23.35,,23.1,m,ZANDOMENEGHI Marco,1997,AM,ANA ATL.FELTRE,3 se- 1,Feltre,2014-08-28,https://www.fidal.it/atleta/ZANDOMENEGHI-Marco/eKmRlJWjb2o%3D,https://www.fidal.it/societa/ANA-ATL-FELTRE/BL012
749,23.35,,23.1,m,ZANDOMENEGHI Marco,1997,AM,ANA ATL.FELTRE,1 se- 1,Feltre,2013-08-28,https://www.fidal.it/atleta/ZANDOMENEGHI-Marco/eKmRlJWjb2o%3D,https://www.fidal.it/societa/ANA-ATL-FELTRE/BL012
747,23.37,-0.5,23.37,e,DALLA SEGA Andrea,1995,AM,ANA ATL.FELTRE,3 se- 1,Vicenza,2011-05-22,https://www.fidal.it/atleta/DALLA-SEGA-Andrea/eKmRlJSgaGY%3D,https://www.fidal.it/societa/ANA-ATL-FELTRE/BL012
747,23.37,-0.8,23.37,e,VELLO Michele,1997,AM,ANA ATL.FELTRE,2 se- 1,Merano,2014-05-24,https://www.fidal.it/atleta/VELLO-Michele/eKmRlJSkb2U%3D,https://www.fidal.it/societa/ANA-ATL-FELTRE/BL012
747,23.37,-1.2,23.37,e,MANISCALCHI Stefano,1990,AM,ANA ATL.FELTRE,5 se- 1,Rossano Veneto,2007-09-09,https://www.fidal.it/atleta/MANISCALCHI-Stefano/eKiRlZKia2s%3D,https://www.fidal.it/societa/ANA-ATL-FELTRE/BL012
746,23.38,+0.5,23.38,e,DALLA SEGA Andrea,1995,AM,ANA ATL.FELTRE,4 se- 1,Bassano Del Grappa,2011-09-18,https://www.fidal.it/atleta/DALLA-SEGA-Andrea/eKmRlJSgaGY%3D,https://www.fidal.it/societa/ANA-ATL-FELTRE/BL012
744,23.39,-0.7,23.39,e,ZANDOMENEGHI Marco,1997,SM,ANA ATL.FELTRE,3 se- 1,San Biagio Di Callalta,2020-09-13,https://www.fidal.it/atleta/ZANDOMENEGHI-Marco/eKmRlJWjb2o%3D,https://www.fidal.it/societa/ANA-ATL-FELTRE/BL012
744,23.39,+0.4,23.39,e,ZABOT Julian,2002,AM,ANA ATL.FELTRE,6 se- 2,Vicenza,2019-05-19,https://www.fidal.it/atleta/ZABOT-Julian/eKmRlJelbGY%3D,https://www.fidal.it/societa/ANA-ATL-FELTRE/BL012
743,23.4,+1.3,23.40,e,SIRAGNA Lorenzo,2001,AM,ANA ATL.FELTRE,1 se- 3,Vicenza,2017-05-14,https://www.fidal.it/atleta/SIRAGNA-Lorenzo/eKmRlJahbmY%3D,https://www.fidal.it/societa/ANA-ATL-FELTRE/BL012
743,23.4,-3.6,23.40,e,MANISCALCHI Stefano,1990,JM,ANA ATL.FELTRE,3 ba- 1,Padova,2008-09-14,https://www.fidal.it/atleta/MANISCALCHI-Stefano/eKiRlZKia2s%3D,https://www.fidal.it/societa/ANA-ATL-FELTRE/BL012
743,23.4,-1.0,23.40,e,ZANDOMENEGHI Marco,1997,AM,ANA ATL.FELTRE,4 se- 1,Bassano Del Grappa,2013-09-22,https://www.fidal.it/atleta/ZANDOMENEGHI-Marco/eKmRlJWjb2o%3D,https://www.fidal.it/societa/ANA-ATL-FELTRE/BL012
743,23.4,-0.1,23.40,e,DALLA SEGA Davide,1999,JM,ANA ATL.FELTRE,3 se- 6,Rossano Veneto,2018-09-01,https://www.fidal.it/atleta/DALLA-SEGA-Davide/eKmRlJala2c%3D,https://www.fidal.it/societa/ANA-ATL-FELTRE/BL012
743,23.4,+0.3,23.40,e,ZANDOMENEGHI Marco,1997,PM,ANA ATL.FELTRE,5 se- 7,Rossano Veneto,2018-09-01,https://www.fidal.it/atleta/ZANDOMENEGHI-Marco/eKmRlJWjb2o%3D,https://www.fidal.it/societa/ANA-ATL-FELTRE/BL012
742,23.41,-0.2,23.41,e,TIREL Enrico,1993,AM,ANA ATL.FELTRE,4 se- 1,Conegliano,2009-04-25,https://www.fidal.it/atleta/TIREL-Enrico/eKmRlJOjaGg%3D,https://www.fidal.it/societa/ANA-ATL-FELTRE/BL012
742,27.3,-1.8,27.30,e,BARP Anna asia,2004,JF,ANA ATL.FELTRE,3 se- 2,Bolzano,2022-06-02,https://www.fidal.it/atleta/BARP-Anna-asia/eKmRlJekb2c%3D,https://www.fidal.it/societa/ANA-ATL-FELTRE/BL012
741,27.32,+0.9,27.32,e,BARP Anna asia,2004,AF,ANA ATL.FELTRE,2 su- 1,Agordo,2020-08-22,https://www.fidal.it/atleta/BARP-Anna-asia/eKmRlJekb2c%3D,https://www.fidal.it/societa/ANA-ATL-FELTRE/BL012
741,23.42,-0.7,23.42,e,ZANDOMENEGHI Marco,1997,PM,ANA ATL.FELTRE,6 se- 2,Arzignano,2018-07-08,https://www.fidal.it/atleta/ZANDOMENEGHI-Marco/eKmRlJWjb2o%3D,https://www.fidal.it/societa/ANA-ATL-FELTRE/BL012
741,23.42,-1.2,23.42,e,BORTOLIN Sebastiano,1998,JM,ANA ATL.FELTRE,1 se- 2,Marcon,2016-04-17,https://www.fidal.it/atleta/BORTOLIN-Sebastiano/eKyRkpikcWo%3D,https://www.fidal.it/societa/ANA-ATL-FELTRE/BL012
738,23.44,+2.2,23.44,e,ZABOT Alex,1998,JM,ANA ATL.FELTRE,3 se- 6,Agordo,2016-05-22,https://www.fidal.it/atleta/ZABOT-Alex/eKmRlJWnbWs%3D,https://www.fidal.it/societa/ANA-ATL-FELTRE/BL012
738,23.44,-0.2,23.44,e,MANISCALCHI Stefano,1990,AM,ANA ATL.FELTRE,2 se- 1,Conegliano,2007-04-25,https://www.fidal.it/atleta/MANISCALCHI-Stefano/eKiRlZKia2s%3D,https://www.fidal.it/societa/ANA-ATL-FELTRE/BL012
738,23.44,+1.0,23.44,e,MANISCALCHI Stefano,1990,AM,ANA ATL.FELTRE,6 se- 2,Brugnera,2007-09-01,https://www.fidal.it/atleta/MANISCALCHI-Stefano/eKiRlZKia2s%3D,https://www.fidal.it/societa/ANA-ATL-FELTRE/BL012
737,23.45,-0.5,23.45,e,VELLO Michele,1997,AM,ANA ATL.FELTRE,4 se- 2,Marcon,2014-04-06,https://www.fidal.it/atleta/VELLO-Michele/eKmRlJSkb2U%3D,https://www.fidal.it/societa/ANA-ATL-FELTRE/BL012
737,23.45,+0.0,23.45,e,PARANI Aire,1994,JM,ANA ATL.FELTRE,4 se- 1,Vicenza,2012-05-20,https://www.fidal.it/atleta/PARANI-Aire/eKmRlJSgaWo%3D,https://www.fidal.it/societa/ANA-ATL-FELTRE/BL012
737,23.45,+0.4,23.45,e,ZANDOMENEGHI Marco,1997,SM,ANA ATL.FELTRE,4 se- 1,Bolzano,2020-08-23,https://www.fidal.it/atleta/ZANDOMENEGHI-Marco/eKmRlJWjb2o%3D,https://www.fidal.it/societa/ANA-ATL-FELTRE/BL012
737,27.36,-1.2,27.36,e,DALLA SANTA Angela,1999,JF,ANA ATL.FELTRE,2 se- 6,Caorle,2018-05-06,https://www.fidal.it/atleta/DALLA-SANTA-Angela/eKmRlJifcWs%3D,https://www.fidal.it/societa/ANA-ATL-FELTRE/BL012
736,23.46,-2.4,23.46,e,DALLA SEGA Davide,1999,JM,ANA ATL.FELTRE,2 se- 5,Caorle,2018-05-06,https://www.fidal.it/atleta/DALLA-SEGA-Davide/eKmRlJala2c%3D,https://www.fidal.it/societa/ANA-ATL-FELTRE/BL012
736,27.38,-1.7,27.38,e,BOTTEGA Samantha,1994,PF,ANA ATL.FELTRE,2 su- 1,Caorle,2014-05-18,https://www.fidal.it/atleta/BOTTEGA-Samantha/eKmRlJKnb2Q%3D,https://www.fidal.it/societa/ANA-ATL-FELTRE/BL012
736,23.46,+0.5,23.46,e,ZANDOMENEGHI Marco,1997,AM,ANA ATL.FELTRE,3 se- 6,Rovereto,2013-07-05,https://www.fidal.it/atleta/ZANDOMENEGHI-Marco/eKmRlJWjb2o%3D,https://www.fidal.it/societa/ANA-ATL-FELTRE/BL012
735,27.39,+1.4,27.39,e,CURIC Tea,1995,AF,ANA ATL.FELTRE,3 se- 3,Marcon,2012-06-13,https://www.fidal.it/atleta/CURIC-Tea/eKmRlJSnbmc%3D,https://www.fidal.it/societa/ANA-ATL-FELTRE/BL012
732,23.49,+0.0,23.49,e,MANISCALCHI Stefano,1990,SM,ANA ATL.FELTRE,5 se- 3,Rovigo,2015-06-07,https://www.fidal.it/atleta/MANISCALCHI-Stefano/eKiRlZKia2s%3D,https://www.fidal.it/societa/ANA-ATL-FELTRE/BL012
732,23.49,+0.3,23.49,e,DE PAOLI Federico,2002,PM,ANA ATL.FELTRE,1 se- 1,Caorle,2024-05-26,https://www.fidal.it/atleta/DE-PAOLI-Federico/eKmRlJmfcWs%3D,https://www.fidal.it/societa/ANA-ATL-FELTRE/BL012
731,27.44,-0.7,27.44,e,CURIC Tea,1995,AF,ANA ATL.FELTRE,5 se- 2,Bastia Umbra,2011-06-12,https://www.fidal.it/atleta/CURIC-Tea/eKmRlJSnbmc%3D,https://www.fidal.it/societa/ANA-ATL-FELTRE/BL012
731,27.44,+0.0,27.44,e,CURIC Tea,1995,AF,ANA ATL.FELTRE,3 se- 3,Feltre,2011-06-04,https://www.fidal.it/atleta/CURIC-Tea/eKmRlJSnbmc%3D,https://www.fidal.it/societa/ANA-ATL-FELTRE/BL012
731,23.5,-0.5,23.50,e,ZABOT Julian,2002,PM,ANA ATL.FELTRE,1 se- 8,Vittorio Veneto,2022-05-29,https://www.fidal.it/atleta/ZABOT-Julian/eKmRlJelbGY%3D,https://www.fidal.it/societa/ANA-ATL-FELTRE/BL012
730,23.51,-1.1,23.51,e,VELLO Michele,1997,PM,ANA ATL.FELTRE,5 se- 3,Arzignano,2017-06-25,https://www.fidal.it/atleta/VELLO-Michele/eKmRlJSkb2U%3D,https://www.fidal.it/societa/ANA-ATL-FELTRE/BL012
730,27.45,+0.0,27.2,m,DAL PONT Rossella,1988,AF,ANA ATL.FELTRE,1 su- 1,Puos D Alpago,2005-06-11,https://www.fidal.it/atleta/DAL-PONT-Rossella/eKiRlJWjb2w%3D,https://www.fidal.it/societa/ANA-ATL-FELTRE/BL012
730,23.51,-0.3,23.51,e,ZANDOMENEGHI Marco,1997,AM,ANA ATL.FELTRE,3 se- 1,Trento,2013-09-24,https://www.fidal.it/atleta/ZANDOMENEGHI-Marco/eKmRlJWjb2o%3D,https://www.fidal.it/societa/ANA-ATL-FELTRE/BL012
730,23.51,-1.9,23.51,e,ZANDOMENEGHI Marco,1997,AM,ANA ATL.FELTRE,6 se- 1,Caorle,2014-06-01,https://www.fidal.it/atleta/ZANDOMENEGHI-Marco/eKmRlJWjb2o%3D,https://www.fidal.it/societa/ANA-ATL-FELTRE/BL012
729,23.52,+0.4,23.52,e,CRIVELLER Marco,2003,JM,ANA ATL.FELTRE,2 se- 1,Feltre,2022-06-08,https://www.fidal.it/atleta/CRIVELLER-Marco/eKmRlJWlb2Y%3D,https://www.fidal.it/societa/ANA-ATL-FELTRE/BL012
728,27.48,-0.2,27.48,e,BARP Anna asia,2004,JF,ANA ATL.FELTRE,3 se- 2,Caorle,2022-05-22,https://www.fidal.it/atleta/BARP-Anna-asia/eKmRlJekb2c%3D,https://www.fidal.it/societa/ANA-ATL-FELTRE/BL012
727,23.53,-0.7,23.53,e,MANISCALCHI Stefano,1990,SM,ANA ATL.FELTRE,3 se- 2,Vicenza,2016-05-08,https://www.fidal.it/atleta/MANISCALCHI-Stefano/eKiRlZKia2s%3D,https://www.fidal.it/societa/ANA-ATL-FELTRE/BL012
727,23.53,+3.5,23.53,e,DALLA SEGA Andrea,1995,AM,ANA ATL.FELTRE,3 se- 4,Marcon,2011-05-15,https://www.fidal.it/atleta/DALLA-SEGA-Andrea/eKmRlJSgaGY%3D,https://www.fidal.it/societa/ANA-ATL-FELTRE/BL012
725,23.55,-0.4,23.55,e,VELLO Michele,1997,PM,ANA ATL.FELTRE,3 se- 4,Bussolengo,2018-05-27,https://www.fidal.it/atleta/VELLO-Michele/eKmRlJSkb2U%3D,https://www.fidal.it/societa/ANA-ATL-FELTRE/BL012
725,23.55,+1.7,23.55,e,DALLA SEGA Davide,1999,JM,ANA ATL.FELTRE,6 se- 3,Bussolengo,2017-05-07,https://www.fidal.it/atleta/DALLA-SEGA-Davide/eKmRlJala2c%3D,https://www.fidal.it/societa/ANA-ATL-FELTRE/BL012
723,23.57,+2.7,23.57,e,MANISCALCHI Stefano,1990,PM,ANA ATL.FELTRE,4 se- 2,Montebelluna,2011-05-01,https://www.fidal.it/atleta/MANISCALCHI-Stefano/eKiRlZKia2s%3D,https://www.fidal.it/societa/ANA-ATL-FELTRE/BL012
723,27.54,+0.4,27.54,e,SCHENAL Anna,2004,PF,ANA ATL.FELTRE,4 se- 2,Borgo Valbelluna,2024-05-31,https://www.fidal.it/atleta/SCHENAL-Anna/eKmRlJajbWs%3D,https://www.fidal.it/societa/ANA-ATL-FELTRE/BL012
723,23.57,-1.1,23.57,e,DALLA SEGA Davide,1999,JM,ANA ATL.FELTRE,6 se- 3,Arzignano,2017-06-25,https://www.fidal.it/atleta/DALLA-SEGA-Davide/eKmRlJala2c%3D,https://www.fidal.it/societa/ANA-ATL-FELTRE/BL012
722,27.55,+1.6,27.55,e,BARP Anna asia,2004,AF,ANA ATL.FELTRE,4 se- 4,Mestre,2020-09-06,https://www.fidal.it/atleta/BARP-Anna-asia/eKmRlJekb2c%3D,https://www.fidal.it/societa/ANA-ATL-FELTRE/BL012
721,23.58,+1.9,23.58,e,DALLA SEGA Andrea,1995,AM,ANA ATL.FELTRE,1 se- 2,Rovigo,2011-05-08,https://www.fidal.it/atleta/DALLA-SEGA-Andrea/eKmRlJSgaGY%3D,https://www.fidal.it/societa/ANA-ATL-FELTRE/BL012
720,23.59,-0.3,23.59,e,ZANDOMENEGHI Marco,1997,AM,ANA ATL.FELTRE,3 se- 2,Marcon,2013-09-12,https://www.fidal.it/atleta/ZANDOMENEGHI-Marco/eKmRlJWjb2o%3D,https://www.fidal.it/societa/ANA-ATL-FELTRE/BL012
719,27.58,+3.7,27.58,e,DALLA SANTA Angela,1999,PF,ANA ATL.FELTRE,5 se- 4,San Biagio Di Callalta,2019-05-12,https://www.fidal.it/atleta/DALLA-SANTA-Angela/eKmRlJifcWs%3D,https://www.fidal.it/societa/ANA-ATL-FELTRE/BL012
719,27.58,-2.2,27.58,e,BARP Anna asia,2004,JF,ANA ATL.FELTRE,1 se- 1,Feltre,2022-06-08,https://www.fidal.it/atleta/BARP-Anna-asia/eKmRlJekb2c%3D,https://www.fidal.it/societa/ANA-ATL-FELTRE/BL012
718,23.61,-3.0,23.61,e,ZANDOMENEGHI Marco,1997,PM,ANA ATL.FELTRE,6 se- 3,Caorle,2018-05-06,https://www.fidal.it/atleta/ZANDOMENEGHI-Marco/eKmRlJWjb2o%3D,https://www.fidal.it/societa/ANA-ATL-FELTRE/BL012
718,23.61,+0.5,23.61,e,DALLA SEGA Davide,1999,JM,ANA ATL.FELTRE,1 se- 9,Bassano Del Grappa,2017-09-12,https://www.fidal.it/atleta/DALLA-SEGA-Davide/eKmRlJala2c%3D,https://www.fidal.it/societa/ANA-ATL-FELTRE/BL012
718,23.61,-0.3,23.61,e,ZABOT Julian,2002,AM,ANA ATL.FELTRE,3 se- 2,Bolzano,2019-06-01,https://www.fidal.it/atleta/ZABOT-Julian/eKmRlJelbGY%3D,https://www.fidal.it/societa/ANA-ATL-FELTRE/BL012
718,27.6,-0.8,27.60,e,BARP Anna asia,2004,AF,ANA ATL.FELTRE,4 se- 5,Abano Terme,2020-07-31,https://www.fidal.it/atleta/BARP-Anna-asia/eKmRlJekb2c%3D,https://www.fidal.it/societa/ANA-ATL-FELTRE/BL012
718,27.6,+3.1,27.60,e,ZAETTA Chiara,1992,AF,ANA ATL.FELTRE,5 se- 2,Trento,2009-05-28,https://www.fidal.it/atleta/ZAETTA-Chiara/eKmRlJKmbWk%3D,https://www.fidal.it/societa/ANA-ATL-FELTRE/BL012
717,27.61,+0.2,27.61,e,CASSOL Anita,2005,AF,ANA ATL.FELTRE,5 se- 2,Lana,2022-04-23,https://www.fidal.it/atleta/CASSOL-Anita/eKmRlJWjbGY%3D,https://www.fidal.it/societa/ANA-ATL-FELTRE/BL012
716,23.62,-0.6,23.62,e,DALLA SEGA Andrea,1995,AM,ANA ATL.FELTRE,4 se- 1,Saronno,2011-06-12,https://www.fidal.it/atleta/DALLA-SEGA-Andrea/eKmRlJSgaGY%3D,https://www.fidal.it/societa/ANA-ATL-FELTRE/BL012
716,23.62,-1.4,23.62,e,ZIVOJINOVIC Milan,2001,JM,ANA ATL.FELTRE,6 se- 1,San Biagio Di Callalta,2020-07-12,https://www.fidal.it/atleta/ZIVOJINOVIC-Milan/eK6Rkpqja2c%3D,https://www.fidal.it/societa/ANA-ATL-FELTRE/BL012
716,27.62,-2.5,27.62,e,DALLA SANTA Angela,1999,JF,ANA ATL.FELTRE,1 se- 5,San Biagio Di Callalta,2018-04-29,https://www.fidal.it/atleta/DALLA-SANTA-Angela/eKmRlJifcWs%3D,https://www.fidal.it/societa/ANA-ATL-FELTRE/BL012
715,23.63,+0.5,23.63,e,SIRAGNA Lorenzo,2001,AM,ANA ATL.FELTRE,2 se- 9,Bassano Del Grappa,2017-09-12,https://www.fidal.it/atleta/SIRAGNA-Lorenzo/eKmRlJahbmY%3D,https://www.fidal.it/societa/ANA-ATL-FELTRE/BL012
715,23.63,-0.8,23.63,e,VELLO Michele,1997,AM,ANA ATL.FELTRE,4 se- 2,Bassano,2014-04-27,https://www.fidal.it/atleta/VELLO-Michele/eKmRlJSkb2U%3D,https://www.fidal.it/societa/ANA-ATL-FELTRE/BL012
715,23.63,+0.8,23.63,e,ZABOT Alex,1998,AM,ANA ATL.FELTRE,5 se- 1,Vicenza,2015-05-03,https://www.fidal.it/atleta/ZABOT-Alex/eKmRlJWnbWs%3D,https://www.fidal.it/societa/ANA-ATL-FELTRE/BL012
715,23.63,+0.1,23.63,e,ZANDOMENEGHI Marco,1997,AM,ANA ATL.FELTRE,1 se- 2,Vicenza,2013-05-19,https://www.fidal.it/atleta/ZANDOMENEGHI-Marco/eKmRlJWjb2o%3D,https://www.fidal.it/societa/ANA-ATL-FELTRE/BL012
714,23.64,+0.3,23.64,e,ZANDOMENEGHI Marco,1997,AM,ANA ATL.FELTRE,5 se- 1,Marcon,2014-04-06,https://www.fidal.it/atleta/ZANDOMENEGHI-Marco/eKmRlJWjb2o%3D,https://www.fidal.it/societa/ANA-ATL-FELTRE/BL012
713,23.65,-0.6,23.65,e,VELLO Michele,1997,AM,ANA ATL.FELTRE,5 se- 1,Vicenza,2014-05-04,https://www.fidal.it/atleta/VELLO-Michele/eKmRlJSkb2U%3D,https://www.fidal.it/societa/ANA-ATL-FELTRE/BL012
712,23.66,+0.1,23.66,e,VELLO Michele,1997,AM,ANA ATL.FELTRE,4 se- 4,Vicenza,2014-05-11,https://www.fidal.it/atleta/VELLO-Michele/eKmRlJSkb2U%3D,https://www.fidal.it/societa/ANA-ATL-FELTRE/BL012
712,23.66,+2.2,23.66,e,ZABOT Julian,2002,AM,ANA ATL.FELTRE,6 se- 4,San Biagio Di Callalta,2019-05-12,https://www.fidal.it/atleta/ZABOT-Julian/eKmRlJelbGY%3D,https://www.fidal.it/societa/ANA-ATL-FELTRE/BL012
711,27.69,-1.3,27.69,e,CURIC Tea,1995,AF,ANA ATL.FELTRE,3 se- 3,Marcon,2012-05-06,https://www.fidal.it/atleta/CURIC-Tea/eKmRlJSnbmc%3D,https://www.fidal.it/societa/ANA-ATL-FELTRE/BL012
710,23.67,-0.2,23.67,e,BORTOLIN Sebastiano,1998,JM,ANA ATL.FELTRE,5 se- 2,Conegliano,2016-09-25,https://www.fidal.it/atleta/BORTOLIN-Sebastiano/eKyRkpikcWo%3D,https://www.fidal.it/societa/ANA-ATL-FELTRE/BL012
710,23.67,-2.9,23.67,e,MANISCALCHI Stefano,1990,SM,ANA ATL.FELTRE,3 se- 1,Marcon,2016-04-17,https://www.fidal.it/atleta/MANISCALCHI-Stefano/eKiRlZKia2s%3D,https://www.fidal.it/societa/ANA-ATL-FELTRE/BL012
708,23.69,-0.9,23.69,e,VELLO Michele,1997,JM,ANA ATL.FELTRE,1 se- 7,Vicenza,2016-05-08,https://www.fidal.it/atleta/VELLO-Michele/eKmRlJSkb2U%3D,https://www.fidal.it/societa/ANA-ATL-FELTRE/BL012
708,23.69,+0.6,23.69,e,MARIN Pietro,2001,AM,ANA ATL.FELTRE,1 se- 4,Bolzano,2018-06-09,https://www.fidal.it/atleta/MARIN-Pietro/eKmRlJilaWw%3D,https://www.fidal.it/societa/ANA-ATL-FELTRE/BL012
707,23.7,-0.3,23.70,e,DE PAOLI Jacopo,1988,AM,ANA ATL.FELTRE,3 se- 1,Arzignano,2005-09-14,https://www.fidal.it/atleta/DE-PAOLI-Jacopo/eKiRlJWjbmY%3D,https://www.fidal.it/societa/ANA-ATL-FELTRE/BL012
706,27.75,+0.6,27.75,e,SCHENAL Anna,2004,AF,ANA ATL.FELTRE,1 se- 1,Abano Terme,2020-07-31,https://www.fidal.it/atleta/SCHENAL-Anna/eKmRlJajbWs%3D,https://www.fidal.it/societa/ANA-ATL-FELTRE/BL012
706,23.71,-0.3,23.71,e,VELLO Michele,1997,AM,ANA ATL.FELTRE,5 se- 1,Trento,2013-09-24,https://www.fidal.it/atleta/VELLO-Michele/eKmRlJSkb2U%3D,https://www.fidal.it/societa/ANA-ATL-FELTRE/BL012
706,23.71,-1.3,23.71,e,VELLO Michele,1997,AM,ANA ATL.FELTRE,5 se- 2,Caorle,2014-06-01,https://www.fidal.it/atleta/VELLO-Michele/eKmRlJSkb2U%3D,https://www.fidal.it/societa/ANA-ATL-FELTRE/BL012
704,23.72,+0.5,23.72,e,VELLO Michele,1997,AM,ANA ATL.FELTRE,5 se- 2,Trento,2014-09-17,https://www.fidal.it/atleta/VELLO-Michele/eKmRlJSkb2U%3D,https://www.fidal.it/societa/ANA-ATL-FELTRE/BL012
703,23.73,-1.5,23.73,e,MANISCALCHI Stefano,1990,PM,ANA ATL.FELTRE,4 se- 2,Feltre,2011-06-04,https://www.fidal.it/atleta/MANISCALCHI-Stefano/eKiRlZKia2s%3D,https://www.fidal.it/societa/ANA-ATL-FELTRE/BL012
702,23.74,+1.8,23.74,e,CRIVELLER Marco,2003,JM,ANA ATL.FELTRE,3 se- 5,Padova,2022-05-15,https://www.fidal.it/atleta/CRIVELLER-Marco/eKmRlJWlb2Y%3D,https://www.fidal.it/societa/ANA-ATL-FELTRE/BL012
702,23.74,+1.1,23.74,e,DE PAOLI Federico,2002,JM,ANA ATL.FELTRE,4 se- 4,Treviso,2021-04-18,https://www.fidal.it/atleta/DE-PAOLI-Federico/eKmRlJmfcWs%3D,https://www.fidal.it/societa/ANA-ATL-FELTRE/BL012
701,23.75,-0.1,23.75,e,MANISCALCHI Stefano,1990,AM,ANA ATL.FELTRE,5 se- 1,Mestre Venezia,2006-09-21,https://www.fidal.it/atleta/MANISCALCHI-Stefano/eKiRlZKia2s%3D,https://www.fidal.it/societa/ANA-ATL-FELTRE/BL012
701,23.75,-1.9,23.75,e,PARANI Aire,1994,JM,ANA ATL.FELTRE,5 se- 2,Marcon,2012-05-06,https://www.fidal.it/atleta/PARANI-Aire/eKmRlJSgaWo%3D,https://www.fidal.it/societa/ANA-ATL-FELTRE/BL012
701,23.75,,23.5,m,VELLO Michele,1997,AM,ANA ATL.FELTRE,3 se- 1,Feltre,2013-08-28,https://www.fidal.it/atleta/VELLO-Michele/eKmRlJSkb2U%3D,https://www.fidal.it/societa/ANA-ATL-FELTRE/BL012
700,23.76,-2.3,23.76,e,VELLO Michele,1997,PM,ANA ATL.FELTRE,4 se- 4,Caorle,2018-05-06,https://www.fidal.it/atleta/VELLO-Michele/eKmRlJSkb2U%3D,https://www.fidal.it/societa/ANA-ATL-FELTRE/BL012
698,27.85,-0.9,27.85,e,RENTO Ilaria,2001,PF,ANA ATL.FELTRE,1 se- 6,Treviso,2021-04-18,https://www.fidal.it/atleta/RENTO-Ilaria/eKmRlJaha2c%3D,https://www.fidal.it/societa/ANA-ATL-FELTRE/BL012
697,27.86,+0.0,27.86,e,CURIC Tea,1995,AF,ANA ATL.FELTRE,4 se- 2,Vicenza,2011-05-22,https://www.fidal.it/atleta/CURIC-Tea/eKmRlJSnbmc%3D,https://www.fidal.it/societa/ANA-ATL-FELTRE/BL012
694,23.81,+0.4,23.81,e,ZABOT Alex,1998,AM,ANA ATL.FELTRE,1 se- 1,Trento,2014-10-05,https://www.fidal.it/atleta/ZABOT-Alex/eKmRlJWnbWs%3D,https://www.fidal.it/societa/ANA-ATL-FELTRE/BL012
694,23.81,+0.4,23.81,e,CRIVELLER Marco,2003,JM,ANA ATL.FELTRE,4 se- 2,Lana,2022-04-23,https://www.fidal.it/atleta/CRIVELLER-Marco/eKmRlJWlb2Y%3D,https://www.fidal.it/societa/ANA-ATL-FELTRE/BL012
691,23.83,+1.0,23.83,e,SCOPEL Luca,1994,SM,ANA ATL.FELTRE,2 se- 1,Chiari,2018-06-07,https://www.fidal.it/atleta/SCOPEL-Luca/eKmRlJOmbWk%3D,https://www.fidal.it/societa/ANA-ATL-FELTRE/BL012
690,23.84,-0.4,23.84,e,ZANDOMENEGHI Marco,1997,AM,ANA ATL.FELTRE,4 se- 3,Vicenza,2014-05-11,https://www.fidal.it/atleta/ZANDOMENEGHI-Marco/eKmRlJWjb2o%3D,https://www.fidal.it/societa/ANA-ATL-FELTRE/BL012
690,23.84,-1.3,23.84,e,DALLA SEGA Andrea,1995,AM,ANA ATL.FELTRE,2 se- 3,Feltre,2011-06-04,https://www.fidal.it/atleta/DALLA-SEGA-Andrea/eKmRlJSgaGY%3D,https://www.fidal.it/societa/ANA-ATL-FELTRE/BL012
689,23.85,-1.4,23.85,e,GIAZZON Francesco,2000,AM,ANA ATL.FELTRE,1 se- 9,San Biagio Di Callalta,2017-05-21,https://www.fidal.it/atleta/GIAZZON-Francesco/eKmRlJakaGg%3D,https://www.fidal.it/societa/ANA-ATL-FELTRE/BL012
688,27.97,+0.5,27.97,e,DE CARLI Alessandra,2001,AF,ANA ATL.FELTRE,1 se- 5,Trento,2018-06-03,https://www.fidal.it/atleta/DE-CARLI-Alessandra/eKmRlJalbmo%3D,https://www.fidal.it/societa/ANA-ATL-FELTRE/BL012
688,27.97,-0.7,27.97,e,BARP Anna asia,2004,AF,ANA ATL.FELTRE,4 se- 8,San Biagio Di Callalta,2020-07-12,https://www.fidal.it/atleta/BARP-Anna-asia/eKmRlJekb2c%3D,https://www.fidal.it/societa/ANA-ATL-FELTRE/BL012
688,23.86,+3.2,23.86,e,SCOPEL Luca,1994,JM,ANA ATL.FELTRE,3 se- 1,Marcon,2013-09-12,https://www.fidal.it/atleta/SCOPEL-Luca/eKmRlJOmbWk%3D,https://www.fidal.it/societa/ANA-ATL-FELTRE/BL012
688,23.86,,23.86,e,ZABOT Julian,2002,CM,ANA ATL.FELTRE,2 se- 3,Bassano Del Grappa,2017-09-12,https://www.fidal.it/atleta/ZABOT-Julian/eKmRlJelbGY%3D,https://www.fidal.it/societa/ANA-ATL-FELTRE/BL012
688,27.97,-0.6,27.97,e,CURIC Tea,1995,AF,ANA ATL.FELTRE,3 ba- 2,Marcon,2012-09-11,https://www.fidal.it/atleta/CURIC-Tea/eKmRlJSnbmc%3D,https://www.fidal.it/societa/ANA-ATL-FELTRE/BL012
687,23.87,+0.6,23.87,e,GIAZZON Francesco,2000,AM,ANA ATL.FELTRE,3 se- 5,Arzignano,2017-06-25,https://www.fidal.it/atleta/GIAZZON-Francesco/eKmRlJakaGg%3D,https://www.fidal.it/societa/ANA-ATL-FELTRE/BL012
687,23.87,+0.8,23.87,e,DALLA SEGA Davide,1999,PM,ANA ATL.FELTRE,2 se- 1,Treviso,2021-04-18,https://www.fidal.it/atleta/DALLA-SEGA-Davide/eKmRlJala2c%3D,https://www.fidal.it/societa/ANA-ATL-FELTRE/BL012
685,23.88,+1.1,23.88,e,BORTOLIN Sebastiano,1998,JM,ANA ATL.FELTRE,4 se- 7,Arzignano,2016-09-12,https://www.fidal.it/atleta/BORTOLIN-Sebastiano/eKyRkpikcWo%3D,https://www.fidal.it/societa/ANA-ATL-FELTRE/BL012
685,23.88,-0.9,23.88,e,VELLO Michele,1997,AM,ANA ATL.FELTRE,4 se- 2,Bassano Del Grappa,2013-09-22,https://www.fidal.it/atleta/VELLO-Michele/eKmRlJSkb2U%3D,https://www.fidal.it/societa/ANA-ATL-FELTRE/BL012
684,28.03,-1.2,28.03,e,CURIC Tea,1995,AF,ANA ATL.FELTRE,2 se- 6,Rovigo,2011-05-08,https://www.fidal.it/atleta/CURIC-Tea/eKmRlJSnbmc%3D,https://www.fidal.it/societa/ANA-ATL-FELTRE/BL012
683,23.9,+0.8,23.90,e,DE PAOLI Federico,2002,JM,ANA ATL.FELTRE,3 se- 3,Mestre,2020-09-06,https://www.fidal.it/atleta/DE-PAOLI-Federico/eKmRlJmfcWs%3D,https://www.fidal.it/societa/ANA-ATL-FELTRE/BL012
682,23.91,+1.0,23.91,e,GIAZZON Francesco,2000,AM,ANA ATL.FELTRE,6 se- 2,Vicenza,2017-05-14,https://www.fidal.it/atleta/GIAZZON-Francesco/eKmRlJakaGg%3D,https://www.fidal.it/societa/ANA-ATL-FELTRE/BL012
681,23.92,+2.4,23.92,e,MANISCALCHI Stefano,1990,PM,ANA ATL.FELTRE,6 se- 2,Marcon,2011-05-15,https://www.fidal.it/atleta/MANISCALCHI-Stefano/eKiRlZKia2s%3D,https://www.fidal.it/societa/ANA-ATL-FELTRE/BL012
681,23.92,-0.2,23.92,e,TIREL Enrico,1993,AM,ANA ATL.FELTRE,6 se- 1,Verona,2010-05-30,https://www.fidal.it/atleta/TIREL-Enrico/eKmRlJOjaGg%3D,https://www.fidal.it/societa/ANA-ATL-FELTRE/BL012
680,23.93,-1.3,23.93,e,DALLA SEGA Andrea,1995,AM,ANA ATL.FELTRE,5 se- 1,Abano Terme,2011-07-01,https://www.fidal.it/atleta/DALLA-SEGA-Andrea/eKmRlJSgaGY%3D,https://www.fidal.it/societa/ANA-ATL-FELTRE/BL012
678,28.11,+0.6,28.11,e,CRIVELLER Ilaria,1995,AF,ANA ATL.FELTRE,2 se- 3,Vicenza,2012-05-20,https://www.fidal.it/atleta/CRIVELLER-Ilaria/eKmRlJOmbGk%3D,https://www.fidal.it/societa/ANA-ATL-FELTRE/BL012
678,23.94,+0.6,23.94,e,DALLA SEGA Andrea,1995,AM,ANA ATL.FELTRE,4 se- 1,San Giovanni Lupatoto,2011-07-02,https://www.fidal.it/atleta/DALLA-SEGA-Andrea/eKmRlJSgaGY%3D,https://www.fidal.it/societa/ANA-ATL-FELTRE/BL012
678,23.94,-0.3,23.94,e,GIAZZON Francesco,2000,AM,ANA ATL.FELTRE,2 se- 7,Bassano Del Grappa,2017-09-12,https://www.fidal.it/atleta/GIAZZON-Francesco/eKmRlJakaGg%3D,https://www.fidal.it/societa/ANA-ATL-FELTRE/BL012
677,23.95,-2.2,23.95,e,VELLO Michele,1997,JM,ANA ATL.FELTRE,5 se- 3,Marcon,2015-05-10,https://www.fidal.it/atleta/VELLO-Michele/eKmRlJSkb2U%3D,https://www.fidal.it/societa/ANA-ATL-FELTRE/BL012
677,28.12,+1.5,28.12,e,CASSOL Anita,2005,AF,ANA ATL.FELTRE,3 se- 1,Vicenza,2021-05-15,https://www.fidal.it/atleta/CASSOL-Anita/eKmRlJWjbGY%3D,https://www.fidal.it/societa/ANA-ATL-FELTRE/BL012
676,23.96,-2.5,23.96,e,DALLA SEGA Andrea,1995,JM,ANA ATL.FELTRE,6 se- 1,Marcon,2013-05-12,https://www.fidal.it/atleta/DALLA-SEGA-Andrea/eKmRlJSgaGY%3D,https://www.fidal.it/societa/ANA-ATL-FELTRE/BL012
675,23.97,+0.0,23.97,e,MARIN Pietro,2001,AM,ANA ATL.FELTRE,2 se- 3,Vicenza,2018-09-16,https://www.fidal.it/atleta/MARIN-Pietro/eKmRlJilaWw%3D,https://www.fidal.it/societa/ANA-ATL-FELTRE/BL012
668,24.03,-0.6,24.03,e,SCOPEL Simone,2006,AM,ANA ATL.FELTRE,5 se- 3,Rovereto,2023-04-16,https://www.fidal.it/atleta/SCOPEL-Simone/eKmRlJeocGU%3D,https://www.fidal.it/societa/ANA-ATL-FELTRE/BL012
668,28.23,+0.3,28.23,e,RENTO Ilaria,2001,AF,ANA ATL.FELTRE,2 se- 5,San Biagio Di Callalta,2018-05-13,https://www.fidal.it/atleta/RENTO-Ilaria/eKmRlJaha2c%3D,https://www.fidal.it/societa/ANA-ATL-FELTRE/BL012
666,24.05,-1.4,24.05,e,DALLA CORTE Matteo,2001,PM,ANA ATL.FELTRE,1 se- 2,Cassola,2021-09-12,https://www.fidal.it/atleta/DALLA-CORTE-Matteo/eKmRlJWmaWo%3D,https://www.fidal.it/societa/ANA-ATL-FELTRE/BL012
666,24.05,-1.8,24.05,e,VELLO Michele,1997,JM,ANA ATL.FELTRE,6 se- 2,Marcon,2015-04-11,https://www.fidal.it/atleta/VELLO-Michele/eKmRlJSkb2U%3D,https://www.fidal.it/societa/ANA-ATL-FELTRE/BL012
663,28.3,-2.2,28.30,e,COLUSSI Ilary,2006,AF,ANA ATL.FELTRE,2 se- 1,Feltre,2022-06-08,https://www.fidal.it/atleta/COLUSSI-Ilary/eKmRlJeob2w%3D,https://www.fidal.it/societa/ANA-ATL-FELTRE/BL012
657,24.12,-0.8,24.12,e,FERRIGHETTO Ivan,1995,AM,ANA ATL.FELTRE,1 se- 2,Abano Terme,2011-07-01,https://www.fidal.it/atleta/FERRIGHETTO-Ivan/eKmRlJKkaGU%3D,https://www.fidal.it/societa/ANA-ATL-FELTRE/BL012
657,28.37,-2.2,28.37,e,CASSOL Anita,2005,AF,ANA ATL.FELTRE,3 se- 1,Feltre,2022-06-08,https://www.fidal.it/atleta/CASSOL-Anita/eKmRlJWjbGY%3D,https://www.fidal.it/societa/ANA-ATL-FELTRE/BL012
657,28.37,-1.2,28.37,e,CRIVELLER Ilaria,1995,AF,ANA ATL.FELTRE,1 se- 5,Marcon,2012-05-06,https://www.fidal.it/atleta/CRIVELLER-Ilaria/eKmRlJOmbGk%3D,https://www.fidal.it/societa/ANA-ATL-FELTRE/BL012
657,28.38,+1.9,28.38,e,ZABOT Alice,1998,AF,ANA ATL.FELTRE,4 se- 7,Rovigo,2015-06-07,https://www.fidal.it/atleta/ZABOT-Alice/eKmRlJajcGg%3D,https://www.fidal.it/societa/ANA-ATL-FELTRE/BL012
656,24.13,-0.4,24.13,e,ZABOT Alex,1998,AM,ANA ATL.FELTRE,1 se- 4,Trento,2014-09-17,https://www.fidal.it/atleta/ZABOT-Alex/eKmRlJWnbWs%3D,https://www.fidal.it/societa/ANA-ATL-FELTRE/BL012
655,24.14,-0.8,24.14,e,SCOPEL Luca,1994,JM,ANA ATL.FELTRE,1 se- 1,Marcon,2012-09-11,https://www.fidal.it/atleta/SCOPEL-Luca/eKmRlJOmbWk%3D,https://www.fidal.it/societa/ANA-ATL-FELTRE/BL012
655,28.4,+0.0,28.40,e,COLUSSI Ilary,2006,AF,ANA ATL.FELTRE,1 se- 2,Borgo Valbelluna,2023-06-06,https://www.fidal.it/atleta/COLUSSI-Ilary/eKmRlJeob2w%3D,https://www.fidal.it/societa/ANA-ATL-FELTRE/BL012
654,24.15,+0.1,24.15,e,SCOPEL Simone,2006,AM,ANA ATL.FELTRE,4 se- 1,Borgo Valbelluna,2023-06-06,https://www.fidal.it/atleta/SCOPEL-Simone/eKmRlJeocGU%3D,https://www.fidal.it/societa/ANA-ATL-FELTRE/BL012
652,28.44,-1.5,28.44,e,RENTO Ilaria,2001,PF,ANA ATL.FELTRE,4 se- 2,Cassola,2021-09-12,https://www.fidal.it/atleta/RENTO-Ilaria/eKmRlJaha2c%3D,https://www.fidal.it/societa/ANA-ATL-FELTRE/BL012
652,28.44,-1.5,28.44,e,DE PAOLI Camilla,2005,AF,ANA ATL.FELTRE,5 se- 6,San Biagio Di Callalta,2021-07-03,https://www.fidal.it/atleta/DE-PAOLI-Camilla/eKmRlJifbGs%3D,https://www.fidal.it/societa/ANA-ATL-FELTRE/BL012
649,28.48,+3.0,28.48,e,RENTO Ilaria,2001,JF,ANA ATL.FELTRE,2 se- 6,San Biagio Di Callalta,2019-05-12,https://www.fidal.it/atleta/RENTO-Ilaria/eKmRlJaha2c%3D,https://www.fidal.it/societa/ANA-ATL-FELTRE/BL012
647,24.21,-0.7,24.21,e,CRIVELLER Marco,2003,JM,ANA ATL.FELTRE,3 se- 1,Vicenza,2021-05-15,https://www.fidal.it/atleta/CRIVELLER-Marco/eKmRlJWlb2Y%3D,https://www.fidal.it/societa/ANA-ATL-FELTRE/BL012
645,24.23,+1.5,24.23,e,DALLA SEGA Andrea,1995,AM,ANA ATL.FELTRE,2 se- 5,Montebelluna,2011-05-01,https://www.fidal.it/atleta/DALLA-SEGA-Andrea/eKmRlJSgaGY%3D,https://www.fidal.it/societa/ANA-ATL-FELTRE/BL012
641,28.59,-0.3,28.59,e,RENTO Ilaria,2001,JF,ANA ATL.FELTRE,5 se- 8,Vicenza,2019-06-02,https://www.fidal.it/atleta/RENTO-Ilaria/eKmRlJaha2c%3D,https://www.fidal.it/societa/ANA-ATL-FELTRE/BL012
638,24.29,-1.0,24.29,e,VELLO Michele,1997,AM,ANA ATL.FELTRE,2 se- 4,Arzignano,2013-04-27,https://www.fidal.it/atleta/VELLO-Michele/eKmRlJSkb2U%3D,https://www.fidal.it/societa/ANA-ATL-FELTRE/BL012
637,28.64,+0.2,28.64,e,MAHJOUBI Gaia,2004,AF,ANA ATL.FELTRE,2 se- 7,Treviso,2021-04-18,https://www.fidal.it/atleta/MAHJOUBI-Gaia/eKmRlJejamY%3D,https://www.fidal.it/societa/ANA-ATL-FELTRE/BL012
637,24.3,-0.1,24.30,e,ZABOT Julian,2002,AM,ANA ATL.FELTRE,6 se- 6,Rossano Veneto,2018-09-01,https://www.fidal.it/atleta/ZABOT-Julian/eKmRlJelbGY%3D,https://www.fidal.it/societa/ANA-ATL-FELTRE/BL012
636,28.65,+0.2,28.65,e,SPADA Silvia,1995,AF,ANA ATL.FELTRE,1 se- 5,Bassano Del Grappa,2011-09-18,https://www.fidal.it/atleta/SPADA-Silvia/eKmRlJOkaWs%3D,https://www.fidal.it/societa/ANA-ATL-FELTRE/BL012
634,28.68,+0.8,28.68,e,RENTO Ilaria,2001,AF,ANA ATL.FELTRE,2 se- 2,Trento,2018-06-03,https://www.fidal.it/atleta/RENTO-Ilaria/eKmRlJaha2c%3D,https://www.fidal.it/societa/ANA-ATL-FELTRE/BL012
634,24.32,-1.5,24.32,e,ZANDOMENEGHI Marco,1997,AM,ANA ATL.FELTRE,4 se- 2,Montebelluna,2013-05-05,https://www.fidal.it/atleta/ZANDOMENEGHI-Marco/eKmRlJWjb2o%3D,https://www.fidal.it/societa/ANA-ATL-FELTRE/BL012
634,28.68,-0.6,28.68,e,COLUSSI Ilary,2006,AF,ANA ATL.FELTRE,6 se- 5,Vittorio Veneto,2022-05-29,https://www.fidal.it/atleta/COLUSSI-Ilary/eKmRlJeob2w%3D,https://www.fidal.it/societa/ANA-ATL-FELTRE/BL012
634,24.32,-1.0,24.32,e,ZANDOMENEGHI Marco,1997,AM,ANA ATL.FELTRE,3 se- 4,Arzignano,2013-04-27,https://www.fidal.it/atleta/ZANDOMENEGHI-Marco/eKmRlJWjb2o%3D,https://www.fidal.it/societa/ANA-ATL-FELTRE/BL012
634,24.32,-0.3,24.32,e,SCOPEL Simone,2006,AM,ANA ATL.FELTRE,1 se- 2,Feltre,2022-06-08,https://www.fidal.it/atleta/SCOPEL-Simone/eKmRlJeocGU%3D,https://www.fidal.it/societa/ANA-ATL-FELTRE/BL012
634,28.68,+0.6,28.68,e,COMIOTTO Giada,2006,AF,ANA ATL.FELTRE,3 se- 5,Borgo Valbelluna,2023-05-07,https://www.fidal.it/atleta/COMIOTTO-Giada/eKmRlJaoaGc%3D,https://www.fidal.it/societa/ANA-ATL-FELTRE/BL012
633,24.33,+1.9,24.33,e,BARBANTE Lorenzo,1995,AM,ANA ATL.FELTRE,4 se- 2,Rovigo,2011-05-08,https://www.fidal.it/atleta/BARBANTE-Lorenzo/eKmRlJOnbms%3D,https://www.fidal.it/societa/ANA-ATL-FELTRE/BL012
633,24.33,+0.6,24.33,e,EL AOMARI Abderrahmane,1978,SM,ANA ATL.FELTRE,2 se- 1,Vicenza,2012-05-20,https://www.fidal.it/atleta/EL-AOMARI-Abderrahmane/eKmRlJSma2o%3D,https://www.fidal.it/societa/ANA-ATL-FELTRE/BL012
632,28.71,-1.0,28.71,e,CASSOL Anita,2005,AF,ANA ATL.FELTRE,3 se- 1,Treviso,2021-04-18,https://www.fidal.it/atleta/CASSOL-Anita/eKmRlJWjbGY%3D,https://www.fidal.it/societa/ANA-ATL-FELTRE/BL012
632,24.34,+0.8,24.34,e,DALLA CORTE Matteo,2001,JM,ANA ATL.FELTRE,6 se- 3,Mestre,2020-09-06,https://www.fidal.it/atleta/DALLA-CORTE-Matteo/eKmRlJWmaWo%3D,https://www.fidal.it/societa/ANA-ATL-FELTRE/BL012
631,24.35,-1.3,24.35,e,ZABOT Julian,2002,AM,ANA ATL.FELTRE,4 se- 8,Caorle,2018-05-06,https://www.fidal.it/atleta/ZABOT-Julian/eKmRlJelbGY%3D,https://www.fidal.it/societa/ANA-ATL-FELTRE/BL012
631,24.35,+0.8,24.35,e,FERRIGHETTO Ivan,1995,AM,ANA ATL.FELTRE,3 se- 2,San Giovanni Lupatoto,2011-07-02,https://www.fidal.it/atleta/FERRIGHETTO-Ivan/eKmRlJKkaGU%3D,https://www.fidal.it/societa/ANA-ATL-FELTRE/BL012
629,24.37,+0.0,24.37,e,DALLA CORTE Matteo,2001,JM,ANA ATL.FELTRE,1 se- 1,Vicenza,2019-06-02,https://www.fidal.it/atleta/DALLA-CORTE-Matteo/eKmRlJWmaWo%3D,https://www.fidal.it/societa/ANA-ATL-FELTRE/BL012
629,28.75,-2.2,28.75,e,RENTO Ilaria,2001,AF,ANA ATL.FELTRE,2 se- 7,San Biagio Di Callalta,2018-04-29,https://www.fidal.it/atleta/RENTO-Ilaria/eKmRlJaha2c%3D,https://www.fidal.it/societa/ANA-ATL-FELTRE/BL012
629,24.37,-0.2,24.37,e,CRIVELLER Marco,2003,JM,ANA ATL.FELTRE,5 se- 6,Treviso,2021-04-18,https://www.fidal.it/atleta/CRIVELLER-Marco/eKmRlJWlb2Y%3D,https://www.fidal.it/societa/ANA-ATL-FELTRE/BL012
629,28.75,,28.5,m,FACCHIN Alessia,1993,AF,ANA ATL.FELTRE,1 se- 1,Belluno,2010-10-02,https://www.fidal.it/atleta/FACCHIN-Alessia/eKmRlJKna2g%3D,https://www.fidal.it/societa/ANA-ATL-FELTRE/BL012
629,24.37,+1.4,24.37,e,BARBANTE Lorenzo,1995,AM,ANA ATL.FELTRE,5 se- 4,Montebelluna,2011-05-01,https://www.fidal.it/atleta/BARBANTE-Lorenzo/eKmRlJOnbms%3D,https://www.fidal.it/societa/ANA-ATL-FELTRE/BL012
627,24.39,+0.9,24.39,e,DALLA CORTE Matteo,2001,JM,ANA ATL.FELTRE,4 se- 3,Cles,2020-08-22,https://www.fidal.it/atleta/DALLA-CORTE-Matteo/eKmRlJWmaWo%3D,https://www.fidal.it/societa/ANA-ATL-FELTRE/BL012
627,28.77,+0.4,28.77,e,DALLA BALLA Marta,1997,AF,ANA ATL.FELTRE,3 se- 5,Vicenza,2013-05-19,https://www.fidal.it/atleta/DALLA-BALLA-Marta/eKmRlJSlbmY%3D,https://www.fidal.it/societa/ANA-ATL-FELTRE/BL012
626,28.78,+2.2,28.78,e,RENTO Ilaria,2001,AF,ANA ATL.FELTRE,1 se- 1,Vicenza,2017-05-14,https://www.fidal.it/atleta/RENTO-Ilaria/eKmRlJaha2c%3D,https://www.fidal.it/societa/ANA-ATL-FELTRE/BL012
626,28.79,+0.3,28.79,e,CRIVELLER Ilaria,1995,AF,ANA ATL.FELTRE,2 se- 4,Bassano Del Grappa,2011-09-18,https://www.fidal.it/atleta/CRIVELLER-Ilaria/eKmRlJOmbGk%3D,https://www.fidal.it/societa/ANA-ATL-FELTRE/BL012
625,24.4,+0.7,24.40,e,BARBANTE Lorenzo,1995,AM,ANA ATL.FELTRE,3 se- 2,Vicenza,2011-05-22,https://www.fidal.it/atleta/BARBANTE-Lorenzo/eKmRlJOnbms%3D,https://www.fidal.it/societa/ANA-ATL-FELTRE/BL012
624,24.41,+0.2,24.41,e,FERRIGHETTO Ivan,1995,AM,ANA ATL.FELTRE,1 se- 3,Rovigo,2011-05-08,https://www.fidal.it/atleta/FERRIGHETTO-Ivan/eKmRlJKkaGU%3D,https://www.fidal.it/societa/ANA-ATL-FELTRE/BL012
624,24.41,+1.6,24.41,e,EL AOMARI Abderrahmane,1978,SM,ANA ATL.FELTRE,2 se- 2,Vedelago,2012-07-14,https://www.fidal.it/atleta/EL-AOMARI-Abderrahmane/eKmRlJSma2o%3D,https://www.fidal.it/societa/ANA-ATL-FELTRE/BL012
621,28.85,-0.9,28.85,e,FRADA Sarah ludovica,2006,AF,ANA ATL.FELTRE,1 se- 2,Feltre,2022-06-08,https://www.fidal.it/atleta/FRADA-Sarah-ludovica/eKmRlJaocGY%3D,https://www.fidal.it/societa/ANA-ATL-FELTRE/BL012
620,24.45,,24.2,m,SCOPEL Luca,1994,PM,ANA ATL.FELTRE,1 se- 2,Feltre,2014-08-28,https://www.fidal.it/atleta/SCOPEL-Luca/eKmRlJOmbWk%3D,https://www.fidal.it/societa/ANA-ATL-FELTRE/BL012
616,24.48,+1.0,24.48,e,ZABOT Alex,1998,AM,ANA ATL.FELTRE,1 se- 7,Marcon,2014-04-06,https://www.fidal.it/atleta/ZABOT-Alex/eKmRlJWnbWs%3D,https://www.fidal.it/societa/ANA-ATL-FELTRE/BL012
616,24.48,+1.9,24.48,e,SCOPEL Luca,1994,AM,ANA ATL.FELTRE,6 se- 2,Rovigo,2011-05-08,https://www.fidal.it/atleta/SCOPEL-Luca/eKmRlJOmbWk%3D,https://www.fidal.it/societa/ANA-ATL-FELTRE/BL012
616,24.48,-1.2,24.48,e,ZABOT Julian,2002,JM,ANA ATL.FELTRE,5 se- 3,Treviso,2020-07-26,https://www.fidal.it/atleta/ZABOT-Julian/eKmRlJelbGY%3D,https://www.fidal.it/societa/ANA-ATL-FELTRE/BL012
615,24.49,-0.2,24.49,e,SCOPEL Luca,1994,AM,ANA ATL.FELTRE,5 se- 2,Verona,2010-05-30,https://www.fidal.it/atleta/SCOPEL-Luca/eKmRlJOmbWk%3D,https://www.fidal.it/societa/ANA-ATL-FELTRE/BL012
613,24.51,-1.5,24.51,e,ZABOT Alex,1998,AM,ANA ATL.FELTRE,6 se- 3,Marcon,2015-04-11,https://www.fidal.it/atleta/ZABOT-Alex/eKmRlJWnbWs%3D,https://www.fidal.it/societa/ANA-ATL-FELTRE/BL012
611,28.99,+0.8,28.99,e,CRIVELLER Ilaria,1995,AF,ANA ATL.FELTRE,2 se- 5,Rovigo,2011-05-08,https://www.fidal.it/atleta/CRIVELLER-Ilaria/eKmRlJOmbGk%3D,https://www.fidal.it/societa/ANA-ATL-FELTRE/BL012
610,24.54,+1.1,24.54,e,DALLA CORTE Matteo,2001,JM,ANA ATL.FELTRE,5 se- 7,San Giovanni Lupatoto,2019-07-06,https://www.fidal.it/atleta/DALLA-CORTE-Matteo/eKmRlJWmaWo%3D,https://www.fidal.it/societa/ANA-ATL-FELTRE/BL012
609,29.01,+0.4,29.01,e,ZABOT Alice,1998,AF,ANA ATL.FELTRE,6 se- 3,Vicenza,2015-05-03,https://www.fidal.it/atleta/ZABOT-Alice/eKmRlJajcGg%3D,https://www.fidal.it/societa/ANA-ATL-FELTRE/BL012
609,29.01,+0.0,29.01,e,ZATTA Vanessa,2001,AF,ANA ATL.FELTRE,1 se- 4,Vicenza,2018-09-16,https://www.fidal.it/atleta/ZATTA-Vanessa/eKmRlJela2Q%3D,https://www.fidal.it/societa/ANA-ATL-FELTRE/BL012
609,24.55,+1.5,24.55,e,FERRIGHETTO Ivan,1995,AM,ANA ATL.FELTRE,5 se- 5,Montebelluna,2011-05-01,https://www.fidal.it/atleta/FERRIGHETTO-Ivan/eKmRlJKkaGU%3D,https://www.fidal.it/societa/ANA-ATL-FELTRE/BL012
608,29.02,-0.9,29.02,e,COMIOTTO Giada,2006,AF,ANA ATL.FELTRE,5 se- 5,Caorle,2023-05-28,https://www.fidal.it/atleta/COMIOTTO-Giada/eKmRlJaoaGc%3D,https://www.fidal.it/societa/ANA-ATL-FELTRE/BL012
606,24.57,+0.2,24.57,e,DALLA CORTE Matteo,2001,PM,ANA ATL.FELTRE,6 se- 9,Vicenza,2021-05-15,https://www.fidal.it/atleta/DALLA-CORTE-Matteo/eKmRlJWmaWo%3D,https://www.fidal.it/societa/ANA-ATL-FELTRE/BL012
606,24.57,-0.7,24.57,e,DALLA CORTE Matteo,2001,JM,ANA ATL.FELTRE,2 se- 3,Bolzano,2019-08-31,https://www.fidal.it/atleta/DALLA-CORTE-Matteo/eKmRlJWmaWo%3D,https://www.fidal.it/societa/ANA-ATL-FELTRE/BL012
604,24.59,-1.7,24.59,e,AGOSTINETTO Isacco,1999,AM,ANA ATL.FELTRE,1 se- 6,Marcon,2015-04-11,https://www.fidal.it/atleta/AGOSTINETTO-Isacco/eKyRkpaga2g%3D,https://www.fidal.it/societa/ANA-ATL-FELTRE/BL012
603,29.09,+0.4,29.09,e,DE BARBA Elena,2004,AF,ANA ATL.FELTRE,3 se- 1,Vicenza,2021-05-15,https://www.fidal.it/atleta/DE-BARBA-Elena/eKmRlJWfcWg%3D,https://www.fidal.it/societa/ANA-ATL-FELTRE/BL012
602,24.61,-0.8,24.61,e,CRIVELLER Marco,2003,AM,ANA ATL.FELTRE,2 se- 2,San Biagio Di Callalta,2020-09-13,https://www.fidal.it/atleta/CRIVELLER-Marco/eKmRlJWlb2Y%3D,https://www.fidal.it/societa/ANA-ATL-FELTRE/BL012
601,29.12,+1.1,29.12,e,DALLA BALLA Marta,1997,AF,ANA ATL.FELTRE,3 se- 5,Bassano Del Grappa,2013-09-22,https://www.fidal.it/atleta/DALLA-BALLA-Marta/eKmRlJSlbmY%3D,https://www.fidal.it/societa/ANA-ATL-FELTRE/BL012
600,29.13,-1.6,29.13,e,ZABOT Alice,1998,AF,ANA ATL.FELTRE,5 se- 5,Caprino Veronese,2015-06-28,https://www.fidal.it/atleta/ZABOT-Alice/eKmRlJajcGg%3D,https://www.fidal.it/societa/ANA-ATL-FELTRE/BL012
599,29.15,-0.9,29.15,e,DE BARBA Elena,2004,AF,ANA ATL.FELTRE,5 se- 6,Treviso,2021-04-18,https://www.fidal.it/atleta/DE-BARBA-Elena/eKmRlJWfcWg%3D,https://www.fidal.it/societa/ANA-ATL-FELTRE/BL012
598,24.65,,24.4,m,VENDRAME Marco,1995,JM,ANA ATL.FELTRE,1 se- 3,Feltre,2014-08-28,https://www.fidal.it/atleta/VENDRAME-Marco/eKmRlJOkcWY%3D,https://www.fidal.it/societa/ANA-ATL-FELTRE/BL012
598,24.65,+0.8,24.65,e,SCOPEL Luca,1994,AM,ANA ATL.FELTRE,4 se- 2,San Giovanni Lupatoto,2011-07-02,https://www.fidal.it/atleta/SCOPEL-Luca/eKmRlJOmbWk%3D,https://www.fidal.it/societa/ANA-ATL-FELTRE/BL012
596,29.19,-1.5,29.19,e,FACCHIN Alessia,1993,AF,ANA ATL.FELTRE,6 se- 1,Mestre,2009-05-03,https://www.fidal.it/atleta/FACCHIN-Alessia/eKmRlJKna2g%3D,https://www.fidal.it/societa/ANA-ATL-FELTRE/BL012
594,29.21,+1.0,29.21,e,RENTO Ilaria,2001,JF,ANA ATL.FELTRE,4 se- 2,Bolzano,2020-08-23,https://www.fidal.it/atleta/RENTO-Ilaria/eKmRlJaha2c%3D,https://www.fidal.it/societa/ANA-ATL-FELTRE/BL012
594,24.68,+0.7,24.68,e,SCOPEL Luca,1994,AM,ANA ATL.FELTRE,6 se- 2,Vicenza,2011-05-22,https://www.fidal.it/atleta/SCOPEL-Luca/eKmRlJOmbWk%3D,https://www.fidal.it/societa/ANA-ATL-FELTRE/BL012
594,29.22,+0.0,29.22,e,SPADA Anna,2007,AF,ANA ATL.FELTRE,2 se- 2,Borgo Valbelluna,2023-06-06,https://www.fidal.it/atleta/SPADA-Anna/eKmRlJmkaWQ%3D,https://www.fidal.it/societa/ANA-ATL-FELTRE/BL012
592,29.25,+1.1,29.25,e,COMIOTTO Giada,2006,AF,ANA ATL.FELTRE,6 se- 5,Rovereto,2023-04-16,https://www.fidal.it/atleta/COMIOTTO-Giada/eKmRlJaoaGc%3D,https://www.fidal.it/societa/ANA-ATL-FELTRE/BL012
590,24.72,+0.0,24.72,e,MAHJOUBI Amir mattia,2000,AM,ANA ATL.FELTRE,1 se- 4,Bassano Del Grappa,2017-09-12,https://www.fidal.it/atleta/MAHJOUBI-Amir-mattia/eKmRlJWoaGo%3D,https://www.fidal.it/societa/ANA-ATL-FELTRE/BL012
590,29.27,-0.9,29.27,e,COMIOTTO Giada,2006,AF,ANA ATL.FELTRE,2 se- 2,Feltre,2022-06-08,https://www.fidal.it/atleta/COMIOTTO-Giada/eKmRlJaoaGc%3D,https://www.fidal.it/societa/ANA-ATL-FELTRE/BL012
589,24.73,-0.8,24.73,e,ZABOT Alex,1998,AM,ANA ATL.FELTRE,2 se- 1,Aquila,2015-10-04,https://www.fidal.it/atleta/ZABOT-Alex/eKmRlJWnbWs%3D,https://www.fidal.it/societa/ANA-ATL-FELTRE/BL012
588,24.74,-0.2,24.74,e,ZINGALE Giacomo,1994,AM,ANA ATL.FELTRE,6 se- 2,Verona,2010-05-30,https://www.fidal.it/atleta/ZINGALE-Giacomo/eKmRlJOnb2k%3D,https://www.fidal.it/societa/ANA-ATL-FELTRE/BL012
584,29.35,,29.1,m,BERNARD Elisa,1992,AF,ANA ATL.FELTRE,2 se- 1,Belluno,2009-07-17,https://www.fidal.it/atleta/BERNARD-Elisa/eKmRlJKnb2c%3D,https://www.fidal.it/societa/ANA-ATL-FELTRE/BL012
584,29.36,+0.5,29.36,e,CASSOL Anita,2005,AF,ANA ATL.FELTRE,5 se- 8,San Biagio Di Callalta,2021-05-02,https://www.fidal.it/atleta/CASSOL-Anita/eKmRlJWjbGY%3D,https://www.fidal.it/societa/ANA-ATL-FELTRE/BL012
584,29.36,-1.2,29.36,e,CRIVELLER Ilaria,1995,AF,ANA ATL.FELTRE,4 se- 5,Montebelluna,2011-05-01,https://www.fidal.it/atleta/CRIVELLER-Ilaria/eKmRlJOmbGk%3D,https://www.fidal.it/societa/ANA-ATL-FELTRE/BL012
583,29.37,+0.6,29.37,e,DE CARLI Alessandra,2001,JF,ANA ATL.FELTRE,2 se- 1,Abano Terme,2020-07-31,https://www.fidal.it/atleta/DE-CARLI-Alessandra/eKmRlJalbmo%3D,https://www.fidal.it/societa/ANA-ATL-FELTRE/BL012
579,29.42,+0.5,29.42,e,FILOSA Annalisa,1999,AF,ANA ATL.FELTRE,2 se- 5,Vicenza,2015-05-03,https://www.fidal.it/atleta/FILOSA-Annalisa/eKmRlJSjb2w%3D,https://www.fidal.it/societa/ANA-ATL-FELTRE/BL012
579,24.82,-1.4,24.82,e,FERRIGHETTO Ivan,1995,AM,ANA ATL.FELTRE,3 se- 4,Feltre,2011-06-04,https://www.fidal.it/atleta/FERRIGHETTO-Ivan/eKmRlJKkaGU%3D,https://www.fidal.it/societa/ANA-ATL-FELTRE/BL012
578,24.83,+0.3,24.83,e,CRIVELLER Marco,2003,AM,ANA ATL.FELTRE,1 se- 7,Vicenza,2019-05-19,https://www.fidal.it/atleta/CRIVELLER-Marco/eKmRlJWlb2Y%3D,https://www.fidal.it/societa/ANA-ATL-FELTRE/BL012
578,29.43,+0.4,29.43,e,DE BORTOLI Giulia,2004,AF,ANA ATL.FELTRE,5 se- 1,Vicenza,2021-05-15,https://www.fidal.it/atleta/DE-BORTOLI-Giulia/eKmRlJWma2Q%3D,https://www.fidal.it/societa/ANA-ATL-FELTRE/BL012
576,29.47,+0.8,29.47,e,DE BARBA Elena,2004,AF,ANA ATL.FELTRE,2 se- 1,Mestre,2020-09-06,https://www.fidal.it/atleta/DE-BARBA-Elena/eKmRlJWfcWg%3D,https://www.fidal.it/societa/ANA-ATL-FELTRE/BL012
575,29.48,+0.0,29.48,e,COMIOTTO Giada,2006,AF,ANA ATL.FELTRE,4 se- 2,Borgo Valbelluna,2023-06-06,https://www.fidal.it/atleta/COMIOTTO-Giada/eKmRlJaoaGc%3D,https://www.fidal.it/societa/ANA-ATL-FELTRE/BL012
573,29.51,-1.3,29.51,e,BASSANI Rossella,1996,AF,ANA ATL.FELTRE,6 se- 8,Marcon,2012-05-06,https://www.fidal.it/atleta/BASSANI-Rossella/eKmRlJSkcWo%3D,https://www.fidal.it/societa/ANA-ATL-FELTRE/BL012
571,29.53,+0.4,29.53,e,BASSANI Rossella,1996,AF,ANA ATL.FELTRE,5 se- 4,Vicenza,2012-05-27,https://www.fidal.it/atleta/BASSANI-Rossella/eKmRlJSkcWo%3D,https://www.fidal.it/societa/ANA-ATL-FELTRE/BL012
567,29.59,-0.2,29.59,e,COMIOTTO Giada,2006,AF,ANA ATL.FELTRE,4 se- 5,Verona,2022-05-08,https://www.fidal.it/atleta/COMIOTTO-Giada/eKmRlJaoaGc%3D,https://www.fidal.it/societa/ANA-ATL-FELTRE/BL012
563,24.97,-0.8,24.97,e,SCOPEL Luca,1994,AM,ANA ATL.FELTRE,6 se- 2,Abano Terme,2011-07-01,https://www.fidal.it/atleta/SCOPEL-Luca/eKmRlJOmbWk%3D,https://www.fidal.it/societa/ANA-ATL-FELTRE/BL012
562,24.98,-2.3,24.98,e,FERRIGHETTO Ivan,1995,AM,ANA ATL.FELTRE,1 se- 2,Marcon,2012-09-11,https://www.fidal.it/atleta/FERRIGHETTO-Ivan/eKmRlJKkaGU%3D,https://www.fidal.it/societa/ANA-ATL-FELTRE/BL012
562,24.98,+0.2,24.98,e,EL AOMARI Abderrahmane,1978,SM35,ANA ATL.FELTRE,1 se- 6,Bassano Del Grappa,2014-06-29,https://www.fidal.it/atleta/EL-AOMARI-Abderrahmane/eKmRlJSma2o%3D,https://www.fidal.it/societa/ANA-ATL-FELTRE/BL012
561,29.67,-2.2,29.67,e,RENTO Ilaria,2001,AF,ANA ATL.FELTRE,4 se- 5,Arzignano,2018-07-08,https://www.fidal.it/atleta/RENTO-Ilaria/eKmRlJaha2c%3D,https://www.fidal.it/societa/ANA-ATL-FELTRE/BL012
559,29.7,+0.3,29.70,e,DE BORTOLI Giulia,2004,AF,ANA ATL.FELTRE,4 se- 4,Verona,2021-09-12,https://www.fidal.it/atleta/DE-BORTOLI-Giulia/eKmRlJWma2Q%3D,https://www.fidal.it/societa/ANA-ATL-FELTRE/BL012
559,25.01,-0.3,25.01,e,DALLA CORTE Matteo,2001,AM,ANA ATL.FELTRE,5 se- 3,Merano,2018-07-21,https://www.fidal.it/atleta/DALLA-CORTE-Matteo/eKmRlJWmaWo%3D,https://www.fidal.it/societa/ANA-ATL-FELTRE/BL012
559,25.01,+1.1,25.01,e,DEOLA Ruben iavor,2000,AM,ANA ATL.FELTRE,4 se- 1,Bovolone,2016-10-02,https://www.fidal.it/atleta/DEOLA-Ruben-iavor/eKmRlJSfaWk%3D,https://www.fidal.it/societa/ANA-ATL-FELTRE/BL012
558,29.71,+0.5,29.71,e,DALLA CORTE Giada,2001,AF,ANA ATL.FELTRE,3 se- 4,Trento,2018-06-03,https://www.fidal.it/atleta/DALLA-CORTE-Giada/eKmRlJancGk%3D,https://www.fidal.it/societa/ANA-ATL-FELTRE/BL012
556,25.03,-0.8,25.03,e,DE PAOLI Federico,2002,JM,ANA ATL.FELTRE,1 se- 1,Abano Terme,2020-07-31,https://www.fidal.it/atleta/DE-PAOLI-Federico/eKmRlJmfcWs%3D,https://www.fidal.it/societa/ANA-ATL-FELTRE/BL012
554,29.77,-0.9,29.77,e,MOINO Eleonora,2006,AF,ANA ATL.FELTRE,3 se- 2,Feltre,2022-06-08,https://www.fidal.it/atleta/MOINO-Eleonora/eKmRlJiibGg%3D,https://www.fidal.it/societa/ANA-ATL-FELTRE/BL012
554,29.78,+0.2,29.78,e,DE BORTOLI Giulia,2004,AF,ANA ATL.FELTRE,3 se- 7,Treviso,2021-04-18,https://www.fidal.it/atleta/DE-BORTOLI-Giulia/eKmRlJWma2Q%3D,https://www.fidal.it/societa/ANA-ATL-FELTRE/BL012
553,25.06,-1.2,25.06,e,COSTA Edgard,1999,AM,ANA ATL.FELTRE,3 se- 1,Marcon,2015-04-11,https://www.fidal.it/atleta/COSTA-Edgard/eKmRlJSjbmo%3D,https://www.fidal.it/societa/ANA-ATL-FELTRE/BL012
552,25.07,-2.1,25.07,e,DALLA CORTE Matteo,2001,AM,ANA ATL.FELTRE,3 se- 1,Bussolengo,2018-05-27,https://www.fidal.it/atleta/DALLA-CORTE-Matteo/eKmRlJWmaWo%3D,https://www.fidal.it/societa/ANA-ATL-FELTRE/BL012
549,25.1,+0.1,25.10,e,ARGENTA Alessio,2006,AM,ANA ATL.FELTRE,2 se- 3,Pordenone,2023-09-30,https://www.fidal.it/atleta/ARGENTA-Alessio/eKmRlJama2w%3D,https://www.fidal.it/societa/ANA-ATL-FELTRE/BL012
548,29.86,-1.9,29.86,e,BERNARD Elisa,1992,AF,ANA ATL.FELTRE,5 se- 3,Rosa,2009-05-24,https://www.fidal.it/atleta/BERNARD-Elisa/eKmRlJKnb2c%3D,https://www.fidal.it/societa/ANA-ATL-FELTRE/BL012
548,25.11,+0.6,25.11,e,DALLA CORTE Matteo,2001,AM,ANA ATL.FELTRE,2 se- 1,San Biagio Di Callalta,2018-05-13,https://www.fidal.it/atleta/DALLA-CORTE-Matteo/eKmRlJWmaWo%3D,https://www.fidal.it/societa/ANA-ATL-FELTRE/BL012
547,29.88,+0.4,29.88,e,DE BORTOLI Giulia,2004,AF,ANA ATL.FELTRE,5 se- 9,Venezia,2021-05-30,https://www.fidal.it/atleta/DE-BORTOLI-Giulia/eKmRlJWma2Q%3D,https://www.fidal.it/societa/ANA-ATL-FELTRE/BL012
547,29.88,+0.6,29.88,e,DE BARBA Elena,2004,AF,ANA ATL.FELTRE,3 se- 9,San Biagio Di Callalta,2021-05-02,https://www.fidal.it/atleta/DE-BARBA-Elena/eKmRlJWfcWg%3D,https://www.fidal.it/societa/ANA-ATL-FELTRE/BL012
545,25.14,+0.7,25.14,e,MADONNA Donato,1991,SM,ANA ATL.FELTRE,4 se- 9,Agordo,2016-05-22,https://www.fidal.it/atleta/MADONNA-Donato/eKmRlJejaWg%3D,https://www.fidal.it/societa/ANA-ATL-FELTRE/BL012
544,25.15,-0.3,25.15,e,EL AOMARI Abderrahmane,1978,SM35,ANA ATL.FELTRE,1 se- 2,Bassano Del Grappa,2017-09-12,https://www.fidal.it/atleta/EL-AOMARI-Abderrahmane/eKmRlJSma2o%3D,https://www.fidal.it/societa/ANA-ATL-FELTRE/BL012
538,30.0,-1.8,30.00,e,DALLA CORTE Giada,2001,AF,ANA ATL.FELTRE,2 se- 1,San Biagio Di Callalta,2018-04-29,https://www.fidal.it/atleta/DALLA-CORTE-Giada/eKmRlJancGk%3D,https://www.fidal.it/societa/ANA-ATL-FELTRE/BL012
533,30.07,+0.4,30.07,e,MAHJOUBI Gaia,2004,AF,ANA ATL.FELTRE,2 se- 4,San Biagio Di Callalta,2020-09-13,https://www.fidal.it/atleta/MAHJOUBI-Gaia/eKmRlJejamY%3D,https://www.fidal.it/societa/ANA-ATL-FELTRE/BL012
532,30.09,+0.5,30.09,e,COMIOTTO Giada,2006,JF,ANA ATL.FELTRE,6 se- 3,Borgo Valbelluna,2024-05-31,https://www.fidal.it/atleta/COMIOTTO-Giada/eKmRlJaoaGc%3D,https://www.fidal.it/societa/ANA-ATL-FELTRE/BL012
532,25.26,-0.9,25.26,e,LUCA Cristian,2000,AM,ANA ATL.FELTRE,1 se- 9,Vicenza,2016-05-01,https://www.fidal.it/atleta/LUCA-Cristian/eKmRlJegb2M%3D,https://www.fidal.it/societa/ANA-ATL-FELTRE/BL012
532,30.09,+0.0,30.09,e,COMIOTTO Giada,2006,AF,ANA ATL.FELTRE,5 se- 1,Lana,2022-04-23,https://www.fidal.it/atleta/COMIOTTO-Giada/eKmRlJaoaGc%3D,https://www.fidal.it/societa/ANA-ATL-FELTRE/BL012
529,25.29,+0.8,25.29,e,TONO Lorenzo,1994,PM,ANA ATL.FELTRE,5 se- 9,Marcon,2014-04-06,https://www.fidal.it/atleta/TONO-Lorenzo/eKmRlJKna2c%3D,https://www.fidal.it/societa/ANA-ATL-FELTRE/BL012
526,30.18,+0.4,30.18,e,DE BORTOLI Giulia,2004,AF,ANA ATL.FELTRE,3 se- 4,San Biagio Di Callalta,2020-09-13,https://www.fidal.it/atleta/DE-BORTOLI-Giulia/eKmRlJWma2Q%3D,https://www.fidal.it/societa/ANA-ATL-FELTRE/BL012
524,30.21,-1.3,30.21,e,FILOSA Annalisa,1999,AF,ANA ATL.FELTRE,3 se- 7,Marcon,2015-04-11,https://www.fidal.it/atleta/FILOSA-Annalisa/eKmRlJSjb2w%3D,https://www.fidal.it/societa/ANA-ATL-FELTRE/BL012
521,30.25,,30.0,m,MOINO Eleonora,2006,AF,ANA ATL.FELTRE,6 se- 1,Agordo,2022-08-31,https://www.fidal.it/atleta/MOINO-Eleonora/eKmRlJiibGg%3D,https://www.fidal.it/societa/ANA-ATL-FELTRE/BL012
518,25.4,+0.3,25.40,e,MAHJOUBI Amir mattia,2000,AM,ANA ATL.FELTRE,1 se- 8,Rosa,2016-09-18,https://www.fidal.it/atleta/MAHJOUBI-Amir-mattia/eKmRlJWoaGo%3D,https://www.fidal.it/societa/ANA-ATL-FELTRE/BL012
517,30.31,+0.6,30.31,e,DE BORTOLI Giulia,2004,AF,ANA ATL.FELTRE,5 se- 9,San Biagio Di Callalta,2021-05-02,https://www.fidal.it/atleta/DE-BORTOLI-Giulia/eKmRlJWma2Q%3D,https://www.fidal.it/societa/ANA-ATL-FELTRE/BL012
515,30.33,-0.9,30.33,e,DE RIZ Chiara,2005,AF,ANA ATL.FELTRE,4 se- 2,Feltre,2022-06-08,https://www.fidal.it/atleta/DE-RIZ-Chiara/eKmRlJioaWM%3D,https://www.fidal.it/societa/ANA-ATL-FELTRE/BL012
514,25.44,-2.9,25.44,e,DALLA CORTE Matteo,2001,PM,ANA ATL.FELTRE,4 se- 8,Rovereto,2023-04-16,https://www.fidal.it/atleta/DALLA-CORTE-Matteo/eKmRlJWmaWo%3D,https://www.fidal.it/societa/ANA-ATL-FELTRE/BL012
512,25.46,-0.6,25.46,e,EL AOMARI Abderrahmane,1978,SM,ANA ATL.FELTRE,5 se- 3,Spilimbergo,2012-09-16,https://www.fidal.it/atleta/EL-AOMARI-Abderrahmane/eKmRlJSma2o%3D,https://www.fidal.it/societa/ANA-ATL-FELTRE/BL012
509,30.43,-1.9,30.43,e,MALACARNE Veronica,1999,AF,ANA ATL.FELTRE,3 se- 8,Marcon,2015-04-11,https://www.fidal.it/atleta/MALACARNE-Veronica/eKmRlJWlbmQ%3D,https://www.fidal.it/societa/ANA-ATL-FELTRE/BL012
502,30.53,-2.4,30.53,e,FRADA Sarah ludovica,2006,AF,ANA ATL.FELTRE,4 se- 7,Verona,2022-05-08,https://www.fidal.it/atleta/FRADA-Sarah-ludovica/eKmRlJaocGY%3D,https://www.fidal.it/societa/ANA-ATL-FELTRE/BL012
500,30.56,+1.0,30.56,e,GALLON Valentina,1991,AF,ANA ATL.FELTRE,5 se- 2,Bovolone,2008-09-21,https://www.fidal.it/atleta/GALLON-Valentina/eKmRlJOocWQ%3D,https://www.fidal.it/societa/ANA-ATL-FELTRE/BL012
499,25.58,-0.3,25.58,e,BELLUS Riccardo,2008,AM,ANA ATL.FELTRE,3 su- 1,Feltre,2024-08-28,https://www.fidal.it/atleta/BELLUS-Riccardo/eKmRlJekamU%3D,https://www.fidal.it/societa/ANA-ATL-FELTRE/BL012
497,25.6,-0.6,25.60,e,EL AOMARI Abderrahmane,1978,SM35,ANA ATL.FELTRE,2 se- 1,Vicenza,2016-05-08,https://www.fidal.it/atleta/EL-AOMARI-Abderrahmane/eKmRlJSma2o%3D,https://www.fidal.it/societa/ANA-ATL-FELTRE/BL012
485,25.72,+0.3,25.72,e,MADONNA Donato,1991,SM,ANA ATL.FELTRE,6 se- 1,San Biagio Di Callalta,2017-05-21,https://www.fidal.it/atleta/MADONNA-Donato/eKmRlJejaWg%3D,https://www.fidal.it/societa/ANA-ATL-FELTRE/BL012
478,30.89,-1.8,30.89,e,DALLA CORTE Giada,2001,AF,ANA ATL.FELTRE,4 se- 8,Caorle,2017-05-28,https://www.fidal.it/atleta/DALLA-CORTE-Giada/eKmRlJancGk%3D,https://www.fidal.it/societa/ANA-ATL-FELTRE/BL012
463,25.95,,25.7,m,EL AOMARI Abderrahmane,1978,SM35,ANA ATL.FELTRE,4 se- 2,Agordo,2013-10-19,https://www.fidal.it/atleta/EL-AOMARI-Abderrahmane/eKmRlJSma2o%3D,https://www.fidal.it/societa/ANA-ATL-FELTRE/BL012
457,26.01,-2.4,26.01,e,ZUGLIAN Giorgio,2000,JM,ANA ATL.FELTRE,5 se- 1,San Biagio Di Callalta,2018-04-29,https://www.fidal.it/atleta/ZUGLIAN-Giorgio/eKmRlJOkaGo%3D,https://www.fidal.it/societa/ANA-ATL-FELTRE/BL012
455,31.25,,31.0,m,BRUNELLI Diana,1978,SF,ANA ATL.FELTRE,2 se- 1,Belluno,2012-07-12,https://www.fidal.it/atleta/BRUNELLI-Diana/eKiRk5ujb2Q%3D,https://www.fidal.it/societa/ANA-ATL-FELTRE/BL012
453,26.05,,26.05,e,CANOVA Luca,1991,AM,ANA ATL.FELTRE,3 se- 2,Pous D Alpago,2007-09-05,https://www.fidal.it/atleta/CANOVA-Luca/eKiRlZKia2o%3D,https://www.fidal.it/societa/ANA-ATL-FELTRE/BL012
443,31.43,-2.3,31.43,e,PELLINI Giulia,1996,AF,ANA ATL.FELTRE,5 se- 7,Marcon,2012-05-06,https://www.fidal.it/atleta/PELLINI-Giulia/eKmRlJSocWc%3D,https://www.fidal.it/societa/ANA-ATL-FELTRE/BL012
440,26.19,+1.6,26.19,e,EL AOMARI Abderrahmane,1978,SM40,ANA ATL.FELTRE,2 se- 2,Cassola,2020-09-16,https://www.fidal.it/atleta/EL-AOMARI-Abderrahmane/eKmRlJSma2o%3D,https://www.fidal.it/societa/ANA-ATL-FELTRE/BL012
426,31.71,-0.6,31.71,e,GALLON Valentina,1991,AF,ANA ATL.FELTRE,6 se- 2,Piombino Dese,2008-04-26,https://www.fidal.it/atleta/GALLON-Valentina/eKmRlJOocWQ%3D,https://www.fidal.it/societa/ANA-ATL-FELTRE/BL012
416,26.45,,26.2,m,CAPPELLO Massimiliano,1991,JM,ANA ATL.FELTRE,5 se- 1,Belluno,2009-10-03,https://www.fidal.it/atleta/CAPPELLO-Massimiliano/eKmRlJSkcWk%3D,https://www.fidal.it/societa/ANA-ATL-FELTRE/BL012
402,26.6,-0.9,26.60,e,MAHJOUBI Amir mattia,2000,AM,ANA ATL.FELTRE,3 se- 9,Vicenza,2016-05-01,https://www.fidal.it/atleta/MAHJOUBI-Amir-mattia/eKmRlJWoaGo%3D,https://www.fidal.it/societa/ANA-ATL-FELTRE/BL012
400,26.62,-1.0,26.62,e,EL AOMARI Abderrahmane,1978,SM45,ANA ATL.FELTRE,4 se- 4,Borgo Valbelluna,2024-05-31,https://www.fidal.it/atleta/EL-AOMARI-Abderrahmane/eKmRlJSma2o%3D,https://www.fidal.it/societa/ANA-ATL-FELTRE/BL012
388,26.76,-1.5,26.76,e,EL AOMARI Abderrahmane,1978,SM40,ANA ATL.FELTRE,3 se- 2,Agordo,2021-07-25,https://www.fidal.it/atleta/EL-AOMARI-Abderrahmane/eKmRlJSma2o%3D,https://www.fidal.it/societa/ANA-ATL-FELTRE/BL012
385,32.39,-1.4,32.39,e,GALLON Valentina,1991,AF,ANA ATL.FELTRE,4 se- 1,Pous D Alpago,2007-09-05,https://www.fidal.it/atleta/GALLON-Valentina/eKmRlJOocWQ%3D,https://www.fidal.it/societa/ANA-ATL-FELTRE/BL012
375,26.9,+0.1,26.90,e,EL AOMARI Abderrahmane,1978,SM40,ANA ATL.FELTRE,4 se- 9,San Biagio Di Callalta,2021-05-02,https://www.fidal.it/atleta/EL-AOMARI-Abderrahmane/eKmRlJSma2o%3D,https://www.fidal.it/societa/ANA-ATL-FELTRE/BL012
375,26.9,+0.6,26.90,e,EL AOMARI Abderrahmane,1978,SM35,ANA ATL.FELTRE,1 se- 7,Marcon,2013-09-12,https://www.fidal.it/atleta/EL-AOMARI-Abderrahmane/eKmRlJSma2o%3D,https://www.fidal.it/societa/ANA-ATL-FELTRE/BL012
373,32.59,+0.6,32.59,e,DE RIZ Chiara,2005,AF,ANA ATL.FELTRE,6 se- 8,Treviso,2021-04-18,https://www.fidal.it/atleta/DE-RIZ-Chiara/eKmRlJioaWM%3D,https://www.fidal.it/societa/ANA-ATL-FELTRE/BL012
153,30.0,-1.0,30.00,e,DEON Giovanni,2007,AM,ANA ATL.FELTRE,5 se- 4,Borgo Valbelluna,2024-05-31,https://www.fidal.it/atleta/DEON-Giovanni/eKmRlJiiamY%3D,https://www.fidal.it/societa/ANA-ATL-FELTRE/BL012
