punteggio,prestazione,tempo,cronometraggio,atleta,anno,categoria,società,posizione,luogo,data,link_atleta,link_società
974.0,580.62,9:40.62,e,FANTINEL Ilaria,1998,AF,ANA ATL.FELTRE,1 su- 1,Rosa,2015-09-20,https://www.fidal.it/atleta/FANTINEL-Ilaria/eKmRlJWlbWU%3D,https://www.fidal.it/societa/ANA-ATL-FELTRE/BL012
955.0,586.5,9:46.50,e,FANTINEL Ilaria,1998,AF,ANA ATL.FELTRE,4 se- 1,Trento,2015-07-28,https://www.fidal.it/atleta/FANTINEL-Ilaria/eKmRlJWlbWU%3D,https://www.fidal.it/societa/ANA-ATL-FELTRE/BL012
951.0,587.98,9:47.98,e,FANTINEL Ilaria,1998,JF,ANA ATL.FELTRE,6 se- 1,Trento,2016-07-26,https://www.fidal.it/atleta/FANTINEL-Ilaria/eKmRlJWlbWU%3D,https://www.fidal.it/societa/ANA-ATL-FELTRE/BL012
935.0,593.12,9:53.12,e,FANTINEL Ilaria,1998,AF,ANA ATL.FELTRE,4 se- 1,Trento,2014-07-29,https://www.fidal.it/atleta/FANTINEL-Ilaria/eKmRlJWlbWU%3D,https://www.fidal.it/societa/ANA-ATL-FELTRE/BL012
911.0,505.53,8:25.53,e,SACCHET Lucio,1981,SM,ANA ATL.FELTRE,2 su- 1,Mogliano Veneto,2012-05-11,https://www.fidal.it/atleta/SACCHET-Lucio/eKmRk5unb2s%3D,https://www.fidal.it/societa/ANA-ATL-FELTRE/BL012
902.0,603.78,10:03.78,e,FANTINEL Ilaria,1998,AF,ANA ATL.FELTRE,3 se- 2,Rieti,2014-06-21,https://www.fidal.it/atleta/FANTINEL-Ilaria/eKmRlJWlbWU%3D,https://www.fidal.it/societa/ANA-ATL-FELTRE/BL012
894.0,606.45,10:06.2,m,D'ALBERTO Arianna,2000,PF,ANA ATL.FELTRE,1 su- 1,Agordo,2021-09-07,https://www.fidal.it/atleta/D-ALBERTO-Arianna/eKmRlJWmaGs%3D,https://www.fidal.it/societa/ANA-ATL-FELTRE/BL012
884.0,510.64,8:30.64,e,MINELLA Loris,1986,SM35,ANA ATL.FELTRE,11 se- 1,Trento,2023-07-18,https://www.fidal.it/atleta/MINELLA-Loris/eKmRlJKnamo%3D,https://www.fidal.it/societa/ANA-ATL-FELTRE/BL012
878.0,611.67,10:11.67,e,D'ALBERTO Arianna,2000,JF,ANA ATL.FELTRE,2 su- 1,Modena,2018-05-20,https://www.fidal.it/atleta/D-ALBERTO-Arianna/eKmRlJWmaGs%3D,https://www.fidal.it/societa/ANA-ATL-FELTRE/BL012
875.0,512.21,8:32.21,e,MINELLA Loris,1986,SM35,ANA ATL.FELTRE,5 se- 1,San Biagio Di Callalta,2023-06-30,https://www.fidal.it/atleta/MINELLA-Loris/eKmRlJKnamo%3D,https://www.fidal.it/societa/ANA-ATL-FELTRE/BL012
873.0,512.53,8:32.53,e,MINELLA Loris,1986,SM35,ANA ATL.FELTRE,3 se- 1,Feltre,2022-06-08,https://www.fidal.it/atleta/MINELLA-Loris/eKmRlJKnamo%3D,https://www.fidal.it/societa/ANA-ATL-FELTRE/BL012
872.0,613.81,10:13.81,e,D'ALBERTO Arianna,2000,PF,ANA ATL.FELTRE,14 se- 1,Trento,2021-07-20,https://www.fidal.it/atleta/D-ALBERTO-Arianna/eKmRlJWmaGs%3D,https://www.fidal.it/societa/ANA-ATL-FELTRE/BL012
868.0,615.21,10:15.21,e,FANTINEL Ilaria,1998,AF,ANA ATL.FELTRE,1 se- 2,Milano,2015-06-20,https://www.fidal.it/atleta/FANTINEL-Ilaria/eKmRlJWlbWU%3D,https://www.fidal.it/societa/ANA-ATL-FELTRE/BL012
866.0,615.73,10:15.73,e,FANTINEL Ilaria,1998,AF,ANA ATL.FELTRE,1 su- 1,Caorle,2014-06-01,https://www.fidal.it/atleta/FANTINEL-Ilaria/eKmRlJWlbWU%3D,https://www.fidal.it/societa/ANA-ATL-FELTRE/BL012
859.0,515.33,8:35.33,e,DEOLA Ruben iavor,2000,PM,ANA ATL.FELTRE,11 se- 1,Trento,2022-07-26,https://www.fidal.it/atleta/DEOLA-Ruben-iavor/eKmRlJSfaWk%3D,https://www.fidal.it/societa/ANA-ATL-FELTRE/BL012
858.0,618.56,10:18.56,e,D'ALBERTO Arianna,2000,JF,ANA ATL.FELTRE,1 su- 1,Trento,2018-07-17,https://www.fidal.it/atleta/D-ALBERTO-Arianna/eKmRlJWmaGs%3D,https://www.fidal.it/societa/ANA-ATL-FELTRE/BL012
857.0,515.71,8:35.71,e,CAPPELLETTO Pablo luis,2002,PM,ANA ATL.FELTRE,2 se- 3,Rodengo Saiano,2024-05-08,https://www.fidal.it/atleta/CAPPELLETTO-Pablo-luis/eKmRlJSnbmo%3D,https://www.fidal.it/societa/ANA-ATL-FELTRE/BL012
856.0,619.33,10:19.33,e,FANTINEL Ilaria,1998,AF,ANA ATL.FELTRE,1 su- 1,Marcon,2014-04-06,https://www.fidal.it/atleta/FANTINEL-Ilaria/eKmRlJWlbWU%3D,https://www.fidal.it/societa/ANA-ATL-FELTRE/BL012
854.0,516.15,8:35.9,m,MINELLA Loris,1986,SM35,ANA ATL.FELTRE,1 se- 1,Belluno,2023-04-26,https://www.fidal.it/atleta/MINELLA-Loris/eKmRlJKnamo%3D,https://www.fidal.it/societa/ANA-ATL-FELTRE/BL012
853.0,516.35,8:36.1,m,MINELLA Loris,1986,SM35,ANA ATL.FELTRE,3 se- 3,Borgo Valbelluna,2023-06-21,https://www.fidal.it/atleta/MINELLA-Loris/eKmRlJKnamo%3D,https://www.fidal.it/societa/ANA-ATL-FELTRE/BL012
849.0,621.65,10:21.4,m,D'ALBERTO Arianna,2000,PF,ANA ATL.FELTRE,3 su- 1,Feltre,2021-06-16,https://www.fidal.it/atleta/D-ALBERTO-Arianna/eKmRlJWmaGs%3D,https://www.fidal.it/societa/ANA-ATL-FELTRE/BL012
846.0,517.68,8:37.68,e,PERCO Emilio,1994,PM,ANA ATL.FELTRE,5 se- 1,Trento,2015-07-28,https://www.fidal.it/atleta/PERCO-Emilio/eKmRlJOjaGo%3D,https://www.fidal.it/societa/ANA-ATL-FELTRE/BL012
841.0,624.37,10:24.37,e,STALLIVIERE Veronica,1992,AF,ANA ATL.FELTRE,1 su- 1,Vittorio Veneto,2008-05-04,https://www.fidal.it/atleta/STALLIVIERE-Veronica/eKmRlJKna2U%3D,https://www.fidal.it/societa/ANA-ATL-FELTRE/BL012
838.0,519.28,8:39.28,e,DEOLA Ruben iavor,2000,PM,ANA ATL.FELTRE,9 se- 1,Trento,2021-07-20,https://www.fidal.it/atleta/DEOLA-Ruben-iavor/eKmRlJSfaWk%3D,https://www.fidal.it/societa/ANA-ATL-FELTRE/BL012
837.0,519.46,8:39.46,e,POLESANA Federico,1994,PM,ANA ATL.FELTRE,3 se- 1,Padova,2016-04-25,https://www.fidal.it/atleta/POLESANA-Federico/eKmRlJOoaWs%3D,https://www.fidal.it/societa/ANA-ATL-FELTRE/BL012
836.0,625.86,10:25.86,e,FANTINEL Ilaria,1998,AF,ANA ATL.FELTRE,6 su- 1,Trento,2014-05-01,https://www.fidal.it/atleta/FANTINEL-Ilaria/eKmRlJWlbWU%3D,https://www.fidal.it/societa/ANA-ATL-FELTRE/BL012
834.0,520.0,8:40.00,e,POLESANA Federico,1994,JM,ANA ATL.FELTRE,4 se- 1,Trento,2012-08-07,https://www.fidal.it/atleta/POLESANA-Federico/eKmRlJOoaWs%3D,https://www.fidal.it/societa/ANA-ATL-FELTRE/BL012
824.0,521.98,8:41.98,e,DEOLA Ruben iavor,2000,JM,ANA ATL.FELTRE,6 se- 1,Trento,2019-07-23,https://www.fidal.it/atleta/DEOLA-Ruben-iavor/eKmRlJSfaWk%3D,https://www.fidal.it/societa/ANA-ATL-FELTRE/BL012
821.0,522.45,8:42.2,m,DEOLA Ruben iavor,2000,PM,ANA ATL.FELTRE,1 se- 1,Feltre,2021-06-16,https://www.fidal.it/atleta/DEOLA-Ruben-iavor/eKmRlJSfaWk%3D,https://www.fidal.it/societa/ANA-ATL-FELTRE/BL012
818.0,523.19,8:43.19,e,POLESANA Federico,1994,SM,ANA ATL.FELTRE,5 se- 1,Feltre,2022-06-08,https://www.fidal.it/atleta/POLESANA-Federico/eKmRlJOoaWs%3D,https://www.fidal.it/societa/ANA-ATL-FELTRE/BL012
813.0,633.8,10:33.80,e,PRADEL Meryl,1992,SF,ANA ATL.FELTRE,3 se- 2,Padova,2022-05-01,https://www.fidal.it/atleta/PRADEL-Meryl/eKmRlJeoa2M%3D,https://www.fidal.it/societa/ANA-ATL-FELTRE/BL012
813.0,524.08,8:44.08,e,POLESANA Federico,1994,PM,ANA ATL.FELTRE,8 se- 2,Trento,2015-05-01,https://www.fidal.it/atleta/POLESANA-Federico/eKmRlJOoaWs%3D,https://www.fidal.it/societa/ANA-ATL-FELTRE/BL012
812.0,634.35,10:34.35,e,FANTINEL Ilaria,1998,AF,ANA ATL.FELTRE,1 su- 1,Vicenza,2014-05-04,https://www.fidal.it/atleta/FANTINEL-Ilaria/eKmRlJWlbWU%3D,https://www.fidal.it/societa/ANA-ATL-FELTRE/BL012
810.0,524.55,8:44.55,e,SCOPEL Mattia,2000,SM,ANA ATL.FELTRE,7 se- 2,Trento,2024-07-16,https://www.fidal.it/atleta/SCOPEL-Mattia/eKmRlJija2g%3D,https://www.fidal.it/societa/ANA-ATL-FELTRE/BL012
809.0,635.3,10:35.30,e,D'ALBERTO Arianna,2000,PF,ANA ATL.FELTRE,1 se- 3,Cles,2020-08-22,https://www.fidal.it/atleta/D-ALBERTO-Arianna/eKmRlJWmaGs%3D,https://www.fidal.it/societa/ANA-ATL-FELTRE/BL012
808.0,524.95,8:44.7,m,MINELLA Loris,1986,SM35,ANA ATL.FELTRE,3 se- 1,Feltre,2022-04-27,https://www.fidal.it/atleta/MINELLA-Loris/eKmRlJKnamo%3D,https://www.fidal.it/societa/ANA-ATL-FELTRE/BL012
802.0,637.64,10:37.64,e,TONIN Francesca,1994,SF,ANA ATL.FELTRE,6 su- 1,Modena,2018-05-20,https://www.fidal.it/atleta/TONIN-Francesca/eKmRlJOmbWY%3D,https://www.fidal.it/societa/ANA-ATL-FELTRE/BL012
801.0,526.48,8:46.48,e,SCOPEL Mattia,2000,SM,ANA ATL.FELTRE,20 se- 1,Trento,2023-07-18,https://www.fidal.it/atleta/SCOPEL-Mattia/eKmRlJija2g%3D,https://www.fidal.it/societa/ANA-ATL-FELTRE/BL012
798.0,639.1,10:39.10,e,D'ALBERTO Arianna,2000,PF,ANA ATL.FELTRE,2 su- 1,Borgo Valsugana,2020-09-20,https://www.fidal.it/atleta/D-ALBERTO-Arianna/eKmRlJWmaGs%3D,https://www.fidal.it/societa/ANA-ATL-FELTRE/BL012
798.0,526.96,8:46.96,e,DAL SASSO Alberto,1998,PM,ANA ATL.FELTRE,2 se- 2,Trento,2019-07-23,https://www.fidal.it/atleta/DAL-SASSO-Alberto/eKmRlJWfbGs%3D,https://www.fidal.it/societa/ANA-ATL-FELTRE/BL012
795.0,527.59,8:47.59,e,BONAN Marco,2000,JM,ANA ATL.FELTRE,1 su- 1,Copparo,2018-09-26,https://www.fidal.it/atleta/BONAN-Marco/eKmRlJShbGM%3D,https://www.fidal.it/societa/ANA-ATL-FELTRE/BL012
790.0,528.59,8:48.59,e,POLESANA Federico,1994,JM,ANA ATL.FELTRE,4 su- 1,Mogliano Veneto,2012-05-11,https://www.fidal.it/atleta/POLESANA-Federico/eKmRlJOoaWs%3D,https://www.fidal.it/societa/ANA-ATL-FELTRE/BL012
788.0,528.96,8:48.96,e,POLESANA Federico,1994,PM,ANA ATL.FELTRE,11 se- 1,Trento,2015-07-28,https://www.fidal.it/atleta/POLESANA-Federico/eKmRlJOoaWs%3D,https://www.fidal.it/societa/ANA-ATL-FELTRE/BL012
786.0,643.53,10:43.53,e,PRADEL Meryl,1992,SF,ANA ATL.FELTRE,2 su- 1,Feltre,2022-06-08,https://www.fidal.it/atleta/PRADEL-Meryl/eKmRlJeoa2M%3D,https://www.fidal.it/societa/ANA-ATL-FELTRE/BL012
783.0,644.35,10:44.35,e,D'ALBERTO Arianna,2000,JF,ANA ATL.FELTRE,3 se- 1,Piombino Dese,2018-04-25,https://www.fidal.it/atleta/D-ALBERTO-Arianna/eKmRlJWmaGs%3D,https://www.fidal.it/societa/ANA-ATL-FELTRE/BL012
779.0,530.74,8:50.74,e,DEOLA Ruben iavor,2000,JM,ANA ATL.FELTRE,2 su- 1,Copparo,2018-09-26,https://www.fidal.it/atleta/DEOLA-Ruben-iavor/eKmRlJSfaWk%3D,https://www.fidal.it/societa/ANA-ATL-FELTRE/BL012
779.0,530.68,8:50.68,e,DEOLA Ruben iavor,2000,PM,ANA ATL.FELTRE,9 se- 1,Treviso,2020-07-26,https://www.fidal.it/atleta/DEOLA-Ruben-iavor/eKmRlJSfaWk%3D,https://www.fidal.it/societa/ANA-ATL-FELTRE/BL012
776.0,531.3,8:51.30,e,CAPPELLETTO Pablo luis,2002,PM,ANA ATL.FELTRE,6 se- 2,Trento,2023-07-18,https://www.fidal.it/atleta/CAPPELLETTO-Pablo-luis/eKmRlJSnbmo%3D,https://www.fidal.it/societa/ANA-ATL-FELTRE/BL012
775.0,531.47,8:51.47,e,POLESANA Federico,1994,SM,ANA ATL.FELTRE,25 se- 1,Trento,2017-07-25,https://www.fidal.it/atleta/POLESANA-Federico/eKmRlJOoaWs%3D,https://www.fidal.it/societa/ANA-ATL-FELTRE/BL012
775.0,531.52,8:51.52,e,DEOLA Ruben iavor,2000,PM,ANA ATL.FELTRE,2 se- 1,Borgo Valsugana,2020-09-20,https://www.fidal.it/atleta/DEOLA-Ruben-iavor/eKmRlJSfaWk%3D,https://www.fidal.it/societa/ANA-ATL-FELTRE/BL012
774.0,531.77,8:51.77,e,DE PAOLI Nicola,1992,PM,ANA ATL.FELTRE,2 se- 2,Trento,2014-07-29,https://www.fidal.it/atleta/DE-PAOLI-Nicola/eKmRlJWocGU%3D,https://www.fidal.it/societa/ANA-ATL-FELTRE/BL012
772.0,648.49,10:48.49,e,FANTINEL Ilaria,1998,AF,ANA ATL.FELTRE,1 su- 1,Vicenza,2015-05-03,https://www.fidal.it/atleta/FANTINEL-Ilaria/eKmRlJWlbWU%3D,https://www.fidal.it/societa/ANA-ATL-FELTRE/BL012
771.0,532.3,8:52.30,e,POLESANA Federico,1994,JM,ANA ATL.FELTRE,20 se- 6,Trento,2013-08-06,https://www.fidal.it/atleta/POLESANA-Federico/eKmRlJOoaWs%3D,https://www.fidal.it/societa/ANA-ATL-FELTRE/BL012
766.0,533.35,8:53.1,m,CECCHIN Simone,1996,SM,ANA ATL.FELTRE,4 se- 1,Feltre,2022-04-27,https://www.fidal.it/atleta/CECCHIN-Simone/eKmRlJaka2M%3D,https://www.fidal.it/societa/ANA-ATL-FELTRE/BL012
763.0,533.99,8:53.99,e,DE PAOLI Nicola,1992,PM,ANA ATL.FELTRE,1 se- 4,Trento,2013-08-06,https://www.fidal.it/atleta/DE-PAOLI-Nicola/eKmRlJWocGU%3D,https://www.fidal.it/societa/ANA-ATL-FELTRE/BL012
762.0,534.1,8:54.10,e,DEOLA Ruben iavor,2000,JM,ANA ATL.FELTRE,6 se- 1,Trento,2018-07-17,https://www.fidal.it/atleta/DEOLA-Ruben-iavor/eKmRlJSfaWk%3D,https://www.fidal.it/societa/ANA-ATL-FELTRE/BL012
761.0,652.37,10:52.37,e,PAGANIN Agnese,2003,AF,ANA ATL.FELTRE,3 se- 3,Modena,2020-10-18,https://www.fidal.it/atleta/PAGANIN-Agnese/eKmRlJegaWw%3D,https://www.fidal.it/societa/ANA-ATL-FELTRE/BL012
757.0,535.05,8:55.05,e,PERCO Emilio,1994,AM,ANA ATL.FELTRE,7 se- 1,Feltre,2010-05-26,https://www.fidal.it/atleta/PERCO-Emilio/eKmRlJOjaGo%3D,https://www.fidal.it/societa/ANA-ATL-FELTRE/BL012
753.0,535.85,8:55.6,m,SCOPEL Mattia,2000,SM,ANA ATL.FELTRE,6 se- 3,Borgo Valbelluna,2023-06-21,https://www.fidal.it/atleta/SCOPEL-Mattia/eKmRlJija2g%3D,https://www.fidal.it/societa/ANA-ATL-FELTRE/BL012
750.0,536.46,8:56.46,e,POLESANA Filippo,2000,PM,ANA ATL.FELTRE,5 se- 2,Trento,2022-07-26,https://www.fidal.it/atleta/POLESANA-Filippo/eKmRlJSobGY%3D,https://www.fidal.it/societa/ANA-ATL-FELTRE/BL012
750.0,536.56,8:56.56,e,CECCHIN Simone,1996,SM,ANA ATL.FELTRE,8 se- 1,Bologna,2023-06-06,https://www.fidal.it/atleta/CECCHIN-Simone/eKmRlJaka2M%3D,https://www.fidal.it/societa/ANA-ATL-FELTRE/BL012
748.0,536.9,8:56.90,e,CECCHIN Simone,1996,SM,ANA ATL.FELTRE,8 se- 2,Trento,2019-07-23,https://www.fidal.it/atleta/CECCHIN-Simone/eKmRlJaka2M%3D,https://www.fidal.it/societa/ANA-ATL-FELTRE/BL012
746.0,537.3,8:57.30,e,DEOLA Ruben iavor,2000,JM,ANA ATL.FELTRE,15 se- 1,Modena,2018-05-20,https://www.fidal.it/atleta/DEOLA-Ruben-iavor/eKmRlJSfaWk%3D,https://www.fidal.it/societa/ANA-ATL-FELTRE/BL012
742.0,538.18,8:58.18,e,DALLA PALMA Davide,1990,PM,ANA ATL.FELTRE,2 su- 1,Trento,2010-09-22,https://www.fidal.it/atleta/DALLA-PALMA-Davide/eKmRlJSia2s%3D,https://www.fidal.it/societa/ANA-ATL-FELTRE/BL012
741.0,538.46,8:58.46,e,DALLA PALMA Davide,1990,PM,ANA ATL.FELTRE,12 se- 2,Trento,2011-08-02,https://www.fidal.it/atleta/DALLA-PALMA-Davide/eKmRlJSia2s%3D,https://www.fidal.it/societa/ANA-ATL-FELTRE/BL012
741.0,538.37,8:58.37,e,DALLA PALMA Davide,1990,PM,ANA ATL.FELTRE,5 se- 2,Trento,2010-08-10,https://www.fidal.it/atleta/DALLA-PALMA-Davide/eKmRlJSia2s%3D,https://www.fidal.it/societa/ANA-ATL-FELTRE/BL012
741.0,538.45,8:58.45,e,CECCHIN Simone,1996,SM,ANA ATL.FELTRE,7 se- 1,Feltre,2022-06-08,https://www.fidal.it/atleta/CECCHIN-Simone/eKmRlJaka2M%3D,https://www.fidal.it/societa/ANA-ATL-FELTRE/BL012
741.0,538.31,8:58.31,e,SCOPEL Mattia,2000,SM,ANA ATL.FELTRE,8 se- 4,Rodengo Saiano,2024-05-08,https://www.fidal.it/atleta/SCOPEL-Mattia/eKmRlJija2g%3D,https://www.fidal.it/societa/ANA-ATL-FELTRE/BL012
739.0,538.75,8:58.5,m,CAPPELLETTO Pablo luis,2002,PM,ANA ATL.FELTRE,1 se- 2,Belluno,2023-04-26,https://www.fidal.it/atleta/CAPPELLETTO-Pablo-luis/eKmRlJSnbmo%3D,https://www.fidal.it/societa/ANA-ATL-FELTRE/BL012
739.0,538.84,8:58.84,e,CECCHIN Simone,1996,SM,ANA ATL.FELTRE,10 se- 1,San Biagio Di Callalta,2023-06-30,https://www.fidal.it/atleta/CECCHIN-Simone/eKmRlJaka2M%3D,https://www.fidal.it/societa/ANA-ATL-FELTRE/BL012
737.0,539.1,8:59.10,e,POLESANA Federico,1994,PM,ANA ATL.FELTRE,8 se- 2,Trento,2014-07-29,https://www.fidal.it/atleta/POLESANA-Federico/eKmRlJOoaWs%3D,https://www.fidal.it/societa/ANA-ATL-FELTRE/BL012
735.0,539.68,8:59.68,e,PERCO Emilio,1994,AM,ANA ATL.FELTRE,1 su- 1,Feltre,2011-06-18,https://www.fidal.it/atleta/PERCO-Emilio/eKmRlJOjaGo%3D,https://www.fidal.it/societa/ANA-ATL-FELTRE/BL012
735.0,539.68,8:59.68,e,POLESANA Federico,1994,AM,ANA ATL.FELTRE,2 su- 1,Bassano Del Grappa,2011-09-18,https://www.fidal.it/atleta/POLESANA-Federico/eKmRlJOoaWs%3D,https://www.fidal.it/societa/ANA-ATL-FELTRE/BL012
734.0,662.17,11:02.17,e,COLUSSI Leila,2006,AF,ANA ATL.FELTRE,4 se- 2,Padova,2022-05-01,https://www.fidal.it/atleta/COLUSSI-Leila/eKmRlJeob2s%3D,https://www.fidal.it/societa/ANA-ATL-FELTRE/BL012
733.0,540.01,9:00.01,e,CECCHIN Simone,1996,SM,ANA ATL.FELTRE,8 se- 2,Trento,2022-07-26,https://www.fidal.it/atleta/CECCHIN-Simone/eKmRlJaka2M%3D,https://www.fidal.it/societa/ANA-ATL-FELTRE/BL012
733.0,540.05,8:59.8,m,POLESANA Federico,1994,SM,ANA ATL.FELTRE,5 se- 1,Feltre,2021-06-16,https://www.fidal.it/atleta/POLESANA-Federico/eKmRlJOoaWs%3D,https://www.fidal.it/societa/ANA-ATL-FELTRE/BL012
733.0,662.45,11:02.2,m,STALLIVIERE Veronica,1992,AF,ANA ATL.FELTRE,1 se- 1,Belluno,2009-08-22,https://www.fidal.it/atleta/STALLIVIERE-Veronica/eKmRlJKna2U%3D,https://www.fidal.it/societa/ANA-ATL-FELTRE/BL012
732.0,540.12,9:00.12,e,DEOLA Ruben iavor,2000,AM,ANA ATL.FELTRE,7 se- 3,Trento,2017-07-25,https://www.fidal.it/atleta/DEOLA-Ruben-iavor/eKmRlJSfaWk%3D,https://www.fidal.it/societa/ANA-ATL-FELTRE/BL012
732.0,663.06,11:03.06,e,COLUSSI Leila,2006,AF,ANA ATL.FELTRE,2 su- 1,Venezia,2023-09-10,https://www.fidal.it/atleta/COLUSSI-Leila/eKmRlJeob2s%3D,https://www.fidal.it/societa/ANA-ATL-FELTRE/BL012
731.0,663.35,11:03.35,e,PAGANIN Agnese,2003,AF,ANA ATL.FELTRE,3 se- 3,Cles,2020-08-22,https://www.fidal.it/atleta/PAGANIN-Agnese/eKmRlJegaWw%3D,https://www.fidal.it/societa/ANA-ATL-FELTRE/BL012
728.0,664.35,11:04.1,m,COLUSSI Leila,2006,AF,ANA ATL.FELTRE,1 su- 1,Mezzano,2023-08-18,https://www.fidal.it/atleta/COLUSSI-Leila/eKmRlJeob2s%3D,https://www.fidal.it/societa/ANA-ATL-FELTRE/BL012
728.0,664.3,11:04.30,e,COLUSSI Leila,2006,AF,ANA ATL.FELTRE,7 se- 2,Trento,2023-07-18,https://www.fidal.it/atleta/COLUSSI-Leila/eKmRlJeob2s%3D,https://www.fidal.it/societa/ANA-ATL-FELTRE/BL012
722.0,542.31,9:02.31,e,BRUNET Lorenzo,2002,AM,ANA ATL.FELTRE,3 se- 3,Trento,2019-07-23,https://www.fidal.it/atleta/BRUNET-Lorenzo/d6iRk5ukamk%3D,https://www.fidal.it/societa/ANA-ATL-FELTRE/BL012
719.0,542.81,9:02.81,e,POLESANA Federico,1994,AM,ANA ATL.FELTRE,16 se- 2,Trento,2011-08-02,https://www.fidal.it/atleta/POLESANA-Federico/eKmRlJOoaWs%3D,https://www.fidal.it/societa/ANA-ATL-FELTRE/BL012
718.0,667.91,11:07.91,e,STALLIVIERE Veronica,1992,AF,ANA ATL.FELTRE,4 se- 2,Trento,2009-08-04,https://www.fidal.it/atleta/STALLIVIERE-Veronica/eKmRlJKna2U%3D,https://www.fidal.it/societa/ANA-ATL-FELTRE/BL012
718.0,543.01,9:03.01,e,DA RIN DE MONEGO Lorenzo,2000,SM,ANA ATL.FELTRE,23 se- 1,Trento,2023-07-18,https://www.fidal.it/atleta/DA-RIN-DE-MONEGO-Lorenzo/eKmRlJefa2M%3D,https://www.fidal.it/societa/ANA-ATL-FELTRE/BL012
717.0,543.25,9:03.0,m,CECCHIN Simone,1996,SM,ANA ATL.FELTRE,9 se- 3,Borgo Valbelluna,2023-06-21,https://www.fidal.it/atleta/CECCHIN-Simone/eKmRlJaka2M%3D,https://www.fidal.it/societa/ANA-ATL-FELTRE/BL012
717.0,543.33,9:03.33,e,CASSOL Roberto,1998,AM,ANA ATL.FELTRE,3 su- 1,Scorze,2015-05-23,https://www.fidal.it/atleta/CASSOL-Roberto/eKmRlJWfcWk%3D,https://www.fidal.it/societa/ANA-ATL-FELTRE/BL012
717.0,543.34,9:03.34,e,DALLA PALMA Davide,1990,SM,ANA ATL.FELTRE,1 se- 2,Trento,2013-05-01,https://www.fidal.it/atleta/DALLA-PALMA-Davide/eKmRlJSia2s%3D,https://www.fidal.it/societa/ANA-ATL-FELTRE/BL012
717.0,543.25,9:03.25,e,CECCHIN Simone,1996,PM,ANA ATL.FELTRE,5 su- 1,Copparo,2018-09-26,https://www.fidal.it/atleta/CECCHIN-Simone/eKmRlJaka2M%3D,https://www.fidal.it/societa/ANA-ATL-FELTRE/BL012
716.0,543.57,9:03.57,e,POLESANA Federico,1994,AM,ANA ATL.FELTRE,2 su- 1,Saronno,2011-06-12,https://www.fidal.it/atleta/POLESANA-Federico/eKmRlJOoaWs%3D,https://www.fidal.it/societa/ANA-ATL-FELTRE/BL012
713.0,669.74,11:09.74,e,STALLIVIERE Veronica,1992,JF,ANA ATL.FELTRE,5 se- 1,Piombino Dese,2010-04-17,https://www.fidal.it/atleta/STALLIVIERE-Veronica/eKmRlJKna2U%3D,https://www.fidal.it/societa/ANA-ATL-FELTRE/BL012
713.0,544.18,9:04.18,e,CECCHIN Simone,1996,PM,ANA ATL.FELTRE,8 se- 1,Cremona,2018-10-07,https://www.fidal.it/atleta/CECCHIN-Simone/eKmRlJaka2M%3D,https://www.fidal.it/societa/ANA-ATL-FELTRE/BL012
711.0,544.44,9:04.44,e,DEOLA Ruben iavor,2000,JM,ANA ATL.FELTRE,5 se- 1,Piombino Dese,2018-04-25,https://www.fidal.it/atleta/DEOLA-Ruben-iavor/eKmRlJSfaWk%3D,https://www.fidal.it/societa/ANA-ATL-FELTRE/BL012
709.0,545.05,9:05.05,e,POLESANA Federico,1994,AM,ANA ATL.FELTRE,5 su- 1,Feltre,2011-06-18,https://www.fidal.it/atleta/POLESANA-Federico/eKmRlJOoaWs%3D,https://www.fidal.it/societa/ANA-ATL-FELTRE/BL012
709.0,544.91,9:04.91,e,LOSS Nikolas,2001,JM,ANA ATL.FELTRE,5 se- 1,Borgo Valsugana,2020-09-20,https://www.fidal.it/atleta/LOSS-Nikolas/d6iRk5afbGY%3D,https://www.fidal.it/societa/ANA-ATL-FELTRE/BL012
707.0,545.41,9:05.41,e,BRUNET Lorenzo,2002,AM,ANA ATL.FELTRE,10 se- 1,Cles,2019-08-24,https://www.fidal.it/atleta/BRUNET-Lorenzo/d6iRk5ukamk%3D,https://www.fidal.it/societa/ANA-ATL-FELTRE/BL012
706.0,672.35,11:12.35,e,CHIESURIN Gioia,2001,JF,ANA ATL.FELTRE,2 se- 3,Treviso,2020-07-26,https://www.fidal.it/atleta/CHIESURIN-Gioia/eKmRlJilcGk%3D,https://www.fidal.it/societa/ANA-ATL-FELTRE/BL012
706.0,672.36,11:12.36,e,TONIN Francesca,1994,AF,ANA ATL.FELTRE,3 su- 1,Trento,2010-09-22,https://www.fidal.it/atleta/TONIN-Francesca/eKmRlJOmbWY%3D,https://www.fidal.it/societa/ANA-ATL-FELTRE/BL012
704.0,546.05,9:06.05,e,CASSOL Italo,1998,AM,ANA ATL.FELTRE,2 su- 1,Aquila,2015-10-04,https://www.fidal.it/atleta/CASSOL-Italo/eKmRlJWfcWo%3D,https://www.fidal.it/societa/ANA-ATL-FELTRE/BL012
704.0,545.94,9:05.94,e,DA RIN DE MONEGO Lorenzo,2000,SM,ANA ATL.FELTRE,13 se- 3,Trento,2024-07-16,https://www.fidal.it/atleta/DA-RIN-DE-MONEGO-Lorenzo/eKmRlJefa2M%3D,https://www.fidal.it/societa/ANA-ATL-FELTRE/BL012
699.0,546.94,9:06.94,e,CAPPELLETTO Pablo luis,2002,PM,ANA ATL.FELTRE,3 se- 3,Trento,2022-07-26,https://www.fidal.it/atleta/CAPPELLETTO-Pablo-luis/eKmRlJSnbmo%3D,https://www.fidal.it/societa/ANA-ATL-FELTRE/BL012
699.0,547.03,9:07.03,e,DALLA PALMA Davide,1990,PM,ANA ATL.FELTRE,8 se- 1,Montebelluna,2010-07-07,https://www.fidal.it/atleta/DALLA-PALMA-Davide/eKmRlJSia2s%3D,https://www.fidal.it/societa/ANA-ATL-FELTRE/BL012
699.0,547.05,9:07.05,e,ROSSA Matteo,1998,JM,ANA ATL.FELTRE,11 se- 3,Trento,2016-07-26,https://www.fidal.it/atleta/ROSSA-Matteo/eKmRlJWoamo%3D,https://www.fidal.it/societa/ANA-ATL-FELTRE/BL012
698.0,547.19,9:07.19,e,DALLA PALMA Davide,1990,SM,ANA ATL.FELTRE,12 se- 5,Trento,2013-08-06,https://www.fidal.it/atleta/DALLA-PALMA-Davide/eKmRlJSia2s%3D,https://www.fidal.it/societa/ANA-ATL-FELTRE/BL012
698.0,547.21,9:07.21,e,CASSOL Italo,1998,AM,ANA ATL.FELTRE,2 su- 1,Rosa,2015-09-20,https://www.fidal.it/atleta/CASSOL-Italo/eKmRlJWfcWo%3D,https://www.fidal.it/societa/ANA-ATL-FELTRE/BL012
695.0,676.76,11:16.76,e,COLUSSI Leila,2006,AF,ANA ATL.FELTRE,10 se- 2,Trento,2022-07-26,https://www.fidal.it/atleta/COLUSSI-Leila/eKmRlJeob2s%3D,https://www.fidal.it/societa/ANA-ATL-FELTRE/BL012
694.0,676.85,11:16.85,e,COLUSSI Leila,2006,AF,ANA ATL.FELTRE,4 su- 1,Padova,2023-05-01,https://www.fidal.it/atleta/COLUSSI-Leila/eKmRlJeob2s%3D,https://www.fidal.it/societa/ANA-ATL-FELTRE/BL012
689.0,549.24,9:09.24,e,PAULETTI Michele,1999,SM,ANA ATL.FELTRE,10 se- 1,Feltre,2022-06-08,https://www.fidal.it/atleta/PAULETTI-Michele/eKmRlJakamw%3D,https://www.fidal.it/societa/ANA-ATL-FELTRE/BL012
689.0,549.14,9:09.14,e,BATTISTEL Samuele,2004,JM,ANA ATL.FELTRE,9 se- 1,Feltre,2022-06-08,https://www.fidal.it/atleta/BATTISTEL-Samuele/eKmRlJahaGM%3D,https://www.fidal.it/societa/ANA-ATL-FELTRE/BL012
689.0,549.1,9:09.10,e,PERCO Emilio,1994,AM,ANA ATL.FELTRE,2 se- 1,Piombino Dese,2010-04-17,https://www.fidal.it/atleta/PERCO-Emilio/eKmRlJOjaGo%3D,https://www.fidal.it/societa/ANA-ATL-FELTRE/BL012
688.0,549.45,9:09.45,e,POLESANA Federico,1994,AM,ANA ATL.FELTRE,1 su- 1,Vicenza,2011-05-22,https://www.fidal.it/atleta/POLESANA-Federico/eKmRlJOoaWs%3D,https://www.fidal.it/societa/ANA-ATL-FELTRE/BL012
688.0,549.4,9:09.40,e,DALLA PALMA Davide,1990,SM,ANA ATL.FELTRE,5 se- 3,Trento,2015-07-28,https://www.fidal.it/atleta/DALLA-PALMA-Davide/eKmRlJSia2s%3D,https://www.fidal.it/societa/ANA-ATL-FELTRE/BL012
686.0,549.77,9:09.77,e,PAULETTI Michele,1999,SM,ANA ATL.FELTRE,14 se- 2,Trento,2022-07-26,https://www.fidal.it/atleta/PAULETTI-Michele/eKmRlJakamw%3D,https://www.fidal.it/societa/ANA-ATL-FELTRE/BL012
685.0,550.06,9:10.06,e,DEOLA Ruben iavor,2000,AM,ANA ATL.FELTRE,3 su- 1,Jesolo,2017-09-17,https://www.fidal.it/atleta/DEOLA-Ruben-iavor/eKmRlJSfaWk%3D,https://www.fidal.it/societa/ANA-ATL-FELTRE/BL012
684.0,550.11,9:10.11,e,KANDRI Othman,1997,JM,ANA ATL.FELTRE,7 se- 3,Trento,2015-07-28,https://www.fidal.it/atleta/KANDRI-Othman/eKmRlJWhb2s%3D,https://www.fidal.it/societa/ANA-ATL-FELTRE/BL012
684.0,550.24,9:10.24,e,BONAN Marco,2000,JM,ANA ATL.FELTRE,1 se- 2,Modena,2018-05-20,https://www.fidal.it/atleta/BONAN-Marco/eKmRlJShbGM%3D,https://www.fidal.it/societa/ANA-ATL-FELTRE/BL012
683.0,550.48,9:10.48,e,CASSOL Italo,1998,AM,ANA ATL.FELTRE,5 su- 1,Scorze,2015-05-23,https://www.fidal.it/atleta/CASSOL-Italo/eKmRlJWfcWo%3D,https://www.fidal.it/societa/ANA-ATL-FELTRE/BL012
683.0,550.49,9:10.49,e,PERCO Emilio,1994,AM,ANA ATL.FELTRE,1 su- 1,Mestre,2010-05-09,https://www.fidal.it/atleta/PERCO-Emilio/eKmRlJOjaGo%3D,https://www.fidal.it/societa/ANA-ATL-FELTRE/BL012
682.0,550.61,9:10.61,e,CECCHIN Simone,1996,PM,ANA ATL.FELTRE,8 se- 2,Trento,2018-07-17,https://www.fidal.it/atleta/CECCHIN-Simone/eKmRlJaka2M%3D,https://www.fidal.it/societa/ANA-ATL-FELTRE/BL012
680.0,682.11,11:22.11,e,DE SIMOI Genny,1978,SF45,ANA ATL.FELTRE,2 se- 2,Catania,2024-10-12,https://www.fidal.it/atleta/DE-SIMOI-Genny/eKmRlJinams%3D,https://www.fidal.it/societa/ANA-ATL-FELTRE/BL012
678.0,551.46,9:11.46,e,LOSS Nikolas,2001,JM,ANA ATL.FELTRE,1 se- 2,Modena,2019-04-25,https://www.fidal.it/atleta/LOSS-Nikolas/d6iRk5afbGY%3D,https://www.fidal.it/societa/ANA-ATL-FELTRE/BL012
678.0,551.55,9:11.55,e,CAPPELLETTO Pablo luis,2002,JM,ANA ATL.FELTRE,15 se- 2,Trento,2021-07-20,https://www.fidal.it/atleta/CAPPELLETTO-Pablo-luis/eKmRlJSnbmo%3D,https://www.fidal.it/societa/ANA-ATL-FELTRE/BL012
678.0,683.09,11:23.09,e,STALLIVIERE Veronica,1992,AF,ANA ATL.FELTRE,6 su- 1,Trento,2009-08-29,https://www.fidal.it/atleta/STALLIVIERE-Veronica/eKmRlJKna2U%3D,https://www.fidal.it/societa/ANA-ATL-FELTRE/BL012
678.0,551.5,9:11.50,e,ROSSA Matteo,1998,AM,ANA ATL.FELTRE,6 su- 1,Scorze,2015-05-23,https://www.fidal.it/atleta/ROSSA-Matteo/eKmRlJWoamo%3D,https://www.fidal.it/societa/ANA-ATL-FELTRE/BL012
677.0,551.68,9:11.68,e,CASSOL Italo,1998,AM,ANA ATL.FELTRE,2 su- 1,Vicenza,2015-05-03,https://www.fidal.it/atleta/CASSOL-Italo/eKmRlJWfcWo%3D,https://www.fidal.it/societa/ANA-ATL-FELTRE/BL012
675.0,552.15,9:11.9,m,DEOLA Ruben iavor,2000,JM,ANA ATL.FELTRE,1 su- 1,Feltre,2018-06-30,https://www.fidal.it/atleta/DEOLA-Ruben-iavor/eKmRlJSfaWk%3D,https://www.fidal.it/societa/ANA-ATL-FELTRE/BL012
674.0,552.25,9:12.0,m,SACCHET Lucio,1981,SM40,ANA ATL.FELTRE,2 se- 2,Feltre,2021-06-16,https://www.fidal.it/atleta/SACCHET-Lucio/eKmRk5unb2s%3D,https://www.fidal.it/societa/ANA-ATL-FELTRE/BL012
674.0,552.24,9:12.24,e,BRUNET Lorenzo,2002,AM,ANA ATL.FELTRE,6 se- 1,Agropoli,2019-06-22,https://www.fidal.it/atleta/BRUNET-Lorenzo/d6iRk5ukamk%3D,https://www.fidal.it/societa/ANA-ATL-FELTRE/BL012
673.0,552.47,9:12.47,e,BRUNET Lorenzo,2002,AM,ANA ATL.FELTRE,2 se- 2,Modena,2019-04-25,https://www.fidal.it/atleta/BRUNET-Lorenzo/d6iRk5ukamk%3D,https://www.fidal.it/societa/ANA-ATL-FELTRE/BL012
672.0,552.67,9:12.67,e,BATTISTEL Samuele,2004,PM,ANA ATL.FELTRE,2 se- 2,Feltre,2024-04-10,https://www.fidal.it/atleta/BATTISTEL-Samuele/eKmRlJahaGM%3D,https://www.fidal.it/societa/ANA-ATL-FELTRE/BL012
672.0,685.29,11:25.29,e,TONIN Francesca,1994,AF,ANA ATL.FELTRE,3 su- 1,Mogliano Veneto,2010-09-19,https://www.fidal.it/atleta/TONIN-Francesca/eKmRlJOmbWY%3D,https://www.fidal.it/societa/ANA-ATL-FELTRE/BL012
671.0,552.96,9:12.96,e,PERCO Emilio,1994,AM,ANA ATL.FELTRE,2 su- 1,Mogliano Veneto,2010-09-19,https://www.fidal.it/atleta/PERCO-Emilio/eKmRlJOjaGo%3D,https://www.fidal.it/societa/ANA-ATL-FELTRE/BL012
670.0,553.17,9:13.17,e,POLESANA Federico,1994,AM,ANA ATL.FELTRE,1 su- 1,Rovigo,2011-05-08,https://www.fidal.it/atleta/POLESANA-Federico/eKmRlJOoaWs%3D,https://www.fidal.it/societa/ANA-ATL-FELTRE/BL012
668.0,686.75,11:26.5,m,GIOVANELLI Anna,1997,JF,ANA ATL.FELTRE,1 se- 1,Feltre,2015-05-12,https://www.fidal.it/atleta/GIOVANELLI-Anna/eKmRlJSjbGY%3D,https://www.fidal.it/societa/ANA-ATL-FELTRE/BL012
667.0,687.21,11:27.21,e,COLUSSI Leila,2006,AF,ANA ATL.FELTRE,2 su- 1,Caorle,2022-05-22,https://www.fidal.it/atleta/COLUSSI-Leila/eKmRlJeob2s%3D,https://www.fidal.it/societa/ANA-ATL-FELTRE/BL012
664.0,554.44,9:14.44,e,CECCHIN Simone,1996,SM,ANA ATL.FELTRE,4 se- 3,Trento,2021-07-20,https://www.fidal.it/atleta/CECCHIN-Simone/eKmRlJaka2M%3D,https://www.fidal.it/societa/ANA-ATL-FELTRE/BL012
662.0,689.16,11:29.16,e,STALLIVIERE Veronica,1992,AF,ANA ATL.FELTRE,3 su- 1,Mestre,2009-05-03,https://www.fidal.it/atleta/STALLIVIERE-Veronica/eKmRlJKna2U%3D,https://www.fidal.it/societa/ANA-ATL-FELTRE/BL012
661.0,689.6,11:29.60,e,TONIN Francesca,1994,AF,ANA ATL.FELTRE,18 su- 1,Rieti,2010-10-02,https://www.fidal.it/atleta/TONIN-Francesca/eKmRlJOmbWY%3D,https://www.fidal.it/societa/ANA-ATL-FELTRE/BL012
659.0,690.44,11:30.44,e,GIOVANELLI Anna,1997,AF,ANA ATL.FELTRE,2 su- 1,Vicenza,2014-05-04,https://www.fidal.it/atleta/GIOVANELLI-Anna/eKmRlJSjbGY%3D,https://www.fidal.it/societa/ANA-ATL-FELTRE/BL012
658.0,555.74,9:15.74,e,CAPPELLETTO Pablo luis,2002,JM,ANA ATL.FELTRE,12 se- 1,Padova,2021-04-24,https://www.fidal.it/atleta/CAPPELLETTO-Pablo-luis/eKmRlJSnbmo%3D,https://www.fidal.it/societa/ANA-ATL-FELTRE/BL012
656.0,556.15,9:15.9,m,SCOPEL Mattia,2000,SM,ANA ATL.FELTRE,2 se- 2,Belluno,2023-04-26,https://www.fidal.it/atleta/SCOPEL-Mattia/eKmRlJija2g%3D,https://www.fidal.it/societa/ANA-ATL-FELTRE/BL012
656.0,556.25,9:16.25,e,LOSS Nikolas,2001,JM,ANA ATL.FELTRE,8 se- 2,Treviso,2020-07-26,https://www.fidal.it/atleta/LOSS-Nikolas/d6iRk5afbGY%3D,https://www.fidal.it/societa/ANA-ATL-FELTRE/BL012
656.0,556.28,9:16.28,e,DALLA PALMA Davide,1990,SM,ANA ATL.FELTRE,10 se- 1,Padova,2016-04-25,https://www.fidal.it/atleta/DALLA-PALMA-Davide/eKmRlJSia2s%3D,https://www.fidal.it/societa/ANA-ATL-FELTRE/BL012
656.0,691.6,11:31.60,e,COLMANET Elena,1996,JF,ANA ATL.FELTRE,3 su- 1,Scorze,2015-05-23,https://www.fidal.it/atleta/COLMANET-Elena/eKmRlJSocGU%3D,https://www.fidal.it/societa/ANA-ATL-FELTRE/BL012
655.0,556.39,9:16.39,e,CASSOL Roberto,1998,AM,ANA ATL.FELTRE,6 su- 1,Rosa,2015-09-20,https://www.fidal.it/atleta/CASSOL-Roberto/eKmRlJWfcWk%3D,https://www.fidal.it/societa/ANA-ATL-FELTRE/BL012
655.0,556.35,9:16.35,e,CECCHIN Simone,1996,PM,ANA ATL.FELTRE,11 se- 1,Padova,2016-04-25,https://www.fidal.it/atleta/CECCHIN-Simone/eKmRlJaka2M%3D,https://www.fidal.it/societa/ANA-ATL-FELTRE/BL012
655.0,556.37,9:16.37,e,DE PAOLI Nicola,1992,PM,ANA ATL.FELTRE,1 se- 4,Trento,2012-08-07,https://www.fidal.it/atleta/DE-PAOLI-Nicola/eKmRlJWocGU%3D,https://www.fidal.it/societa/ANA-ATL-FELTRE/BL012
654.0,692.3,11:32.30,e,TONIN Francesca,1994,AF,ANA ATL.FELTRE,4 su- 1,Bastia Umbra,2011-06-12,https://www.fidal.it/atleta/TONIN-Francesca/eKmRlJOmbWY%3D,https://www.fidal.it/societa/ANA-ATL-FELTRE/BL012
648.0,557.91,9:17.91,e,RECH Omar,1987,PM,ANA ATL.FELTRE,22 se- 1,Trento,2007-08-07,https://www.fidal.it/atleta/RECH-Omar/eKmRlJKjcGQ%3D,https://www.fidal.it/societa/ANA-ATL-FELTRE/BL012
648.0,694.72,11:34.72,e,COLMANET Elena,1996,PF,ANA ATL.FELTRE,9 se- 1,Padova,2016-04-25,https://www.fidal.it/atleta/COLMANET-Elena/eKmRlJSocGU%3D,https://www.fidal.it/societa/ANA-ATL-FELTRE/BL012
648.0,557.82,9:17.82,e,ROSSA Matteo,1998,AM,ANA ATL.FELTRE,2 su- 1,Caorle,2014-06-01,https://www.fidal.it/atleta/ROSSA-Matteo/eKmRlJWoamo%3D,https://www.fidal.it/societa/ANA-ATL-FELTRE/BL012
647.0,558.15,9:17.9,m,RECH Omar,1987,JM,ANA ATL.FELTRE,5 se- 3,Trento,2005-08-02,https://www.fidal.it/atleta/RECH-Omar/eKmRlJKjcGQ%3D,https://www.fidal.it/societa/ANA-ATL-FELTRE/BL012
647.0,695.16,11:35.16,e,TONIN Francesca,1994,AF,ANA ATL.FELTRE,9 se- 2,Trento,2010-08-10,https://www.fidal.it/atleta/TONIN-Francesca/eKmRlJOmbWY%3D,https://www.fidal.it/societa/ANA-ATL-FELTRE/BL012
646.0,695.46,11:35.46,e,TONIN Francesca,1994,AF,ANA ATL.FELTRE,16 se- 2,Trento,2011-08-02,https://www.fidal.it/atleta/TONIN-Francesca/eKmRlJOmbWY%3D,https://www.fidal.it/societa/ANA-ATL-FELTRE/BL012
645.0,695.65,11:35.65,e,ROSSA Marilena,2002,JF,ANA ATL.FELTRE,5 se- 2,Treviso,2020-07-26,https://www.fidal.it/atleta/ROSSA-Marilena/eKmRlJSlbWM%3D,https://www.fidal.it/societa/ANA-ATL-FELTRE/BL012
645.0,558.53,9:18.53,e,DEOLA Ruben iavor,2000,AM,ANA ATL.FELTRE,1 se- 4,Trento,2016-07-26,https://www.fidal.it/atleta/DEOLA-Ruben-iavor/eKmRlJSfaWk%3D,https://www.fidal.it/societa/ANA-ATL-FELTRE/BL012
645.0,695.93,11:35.93,e,DE SIMOI Genny,1978,SF45,ANA ATL.FELTRE,4 su- 1,Feltre,2024-04-10,https://www.fidal.it/atleta/DE-SIMOI-Genny/eKmRlJinams%3D,https://www.fidal.it/societa/ANA-ATL-FELTRE/BL012
642.0,697.05,11:36.8,m,TONIN Francesca,1994,AF,ANA ATL.FELTRE,1 se- 1,Feltre,2010-08-25,https://www.fidal.it/atleta/TONIN-Francesca/eKmRlJOmbWY%3D,https://www.fidal.it/societa/ANA-ATL-FELTRE/BL012
642.0,696.96,11:36.96,e,STALLIVIERE Veronica,1992,AF,ANA ATL.FELTRE,5 su- 1,Mogliano Veneto,2009-09-20,https://www.fidal.it/atleta/STALLIVIERE-Veronica/eKmRlJKna2U%3D,https://www.fidal.it/societa/ANA-ATL-FELTRE/BL012
641.0,697.17,11:37.17,e,GIOVANELLI Anna,1997,JF,ANA ATL.FELTRE,10 se- 1,Padova,2016-04-25,https://www.fidal.it/atleta/GIOVANELLI-Anna/eKmRlJSjbGY%3D,https://www.fidal.it/societa/ANA-ATL-FELTRE/BL012
641.0,559.47,9:19.47,e,CASSOL Italo,1998,AM,ANA ATL.FELTRE,2 se- 1,Trento,2014-05-01,https://www.fidal.it/atleta/CASSOL-Italo/eKmRlJWfcWo%3D,https://www.fidal.it/societa/ANA-ATL-FELTRE/BL012
640.0,559.65,9:19.4,m,PAULETTI Michele,1999,SM,ANA ATL.FELTRE,10 se- 3,Borgo Valbelluna,2023-06-21,https://www.fidal.it/atleta/PAULETTI-Michele/eKmRlJakamw%3D,https://www.fidal.it/societa/ANA-ATL-FELTRE/BL012
639.0,559.87,9:19.87,e,POLESANA Federico,1994,AM,ANA ATL.FELTRE,10 su- 1,Trento,2010-09-22,https://www.fidal.it/atleta/POLESANA-Federico/eKmRlJOoaWs%3D,https://www.fidal.it/societa/ANA-ATL-FELTRE/BL012
639.0,559.88,9:19.88,e,CASSOL Roberto,1998,AM,ANA ATL.FELTRE,4 su- 1,Trento,2014-10-05,https://www.fidal.it/atleta/CASSOL-Roberto/eKmRlJWfcWk%3D,https://www.fidal.it/societa/ANA-ATL-FELTRE/BL012
638.0,560.07,9:20.07,e,CASSOL Roberto,1998,AM,ANA ATL.FELTRE,4 su- 1,Vicenza,2015-05-03,https://www.fidal.it/atleta/CASSOL-Roberto/eKmRlJWfcWk%3D,https://www.fidal.it/societa/ANA-ATL-FELTRE/BL012
638.0,560.07,9:20.07,e,PAULETTI Michele,1999,PM,ANA ATL.FELTRE,11 se- 3,Trento,2021-07-20,https://www.fidal.it/atleta/PAULETTI-Michele/eKmRlJakamw%3D,https://www.fidal.it/societa/ANA-ATL-FELTRE/BL012
637.0,560.24,9:20.24,e,CASSOL Italo,1998,AM,ANA ATL.FELTRE,1 su- 1,Treviso,2015-09-13,https://www.fidal.it/atleta/CASSOL-Italo/eKmRlJWfcWo%3D,https://www.fidal.it/societa/ANA-ATL-FELTRE/BL012
637.0,698.95,11:38.7,m,DE SIMOI Genny,1978,SF45,ANA ATL.FELTRE,6 su- 1,Borgo Valbelluna,2023-06-21,https://www.fidal.it/atleta/DE-SIMOI-Genny/eKmRlJinams%3D,https://www.fidal.it/societa/ANA-ATL-FELTRE/BL012
632.0,561.46,9:21.46,e,RECH Omar,1987,PM,ANA ATL.FELTRE,15 se- 2,Trento,2008-08-05,https://www.fidal.it/atleta/RECH-Omar/eKmRlJKjcGQ%3D,https://www.fidal.it/societa/ANA-ATL-FELTRE/BL012
632.0,561.33,9:21.33,e,POLESANA Federico,1994,AM,ANA ATL.FELTRE,4 su- 1,Mogliano Veneto,2010-09-19,https://www.fidal.it/atleta/POLESANA-Federico/eKmRlJOoaWs%3D,https://www.fidal.it/societa/ANA-ATL-FELTRE/BL012
630.0,561.77,9:21.77,e,RIGA Stefano,1991,JM,ANA ATL.FELTRE,2 se- 2,Feltre,2010-05-26,https://www.fidal.it/atleta/RIGA-Stefano/eKmRlJOjaWM%3D,https://www.fidal.it/societa/ANA-ATL-FELTRE/BL012
630.0,561.91,9:21.91,e,DALLA PALMA Davide,1990,PM,ANA ATL.FELTRE,15 se- 1,Feltre,2010-05-26,https://www.fidal.it/atleta/DALLA-PALMA-Davide/eKmRlJSia2s%3D,https://www.fidal.it/societa/ANA-ATL-FELTRE/BL012
630.0,561.77,9:21.77,e,CASSOL Italo,1998,AM,ANA ATL.FELTRE,4 su- 1,Vicenza,2014-05-04,https://www.fidal.it/atleta/CASSOL-Italo/eKmRlJWfcWo%3D,https://www.fidal.it/societa/ANA-ATL-FELTRE/BL012
630.0,561.8,9:21.80,e,CAPPELLETTO Pablo luis,2002,PM,ANA ATL.FELTRE,13 se- 1,Feltre,2022-06-08,https://www.fidal.it/atleta/CAPPELLETTO-Pablo-luis/eKmRlJSnbmo%3D,https://www.fidal.it/societa/ANA-ATL-FELTRE/BL012
630.0,701.72,11:41.72,e,MENEGAZZO Silvia,2007,AF,ANA ATL.FELTRE,15 se- 2,Trento,2023-07-18,https://www.fidal.it/atleta/MENEGAZZO-Silvia/eKmRlJeocGM%3D,https://www.fidal.it/societa/ANA-ATL-FELTRE/BL012
629.0,701.88,11:41.88,e,TONIN Francesca,1994,AF,ANA ATL.FELTRE,1 su- 1,Vicenza,2011-05-22,https://www.fidal.it/atleta/TONIN-Francesca/eKmRlJOmbWY%3D,https://www.fidal.it/societa/ANA-ATL-FELTRE/BL012
628.0,562.25,9:22.0,m,RECH Omar,1987,JM,ANA ATL.FELTRE,2 se- 1,Feltre,2006-08-22,https://www.fidal.it/atleta/RECH-Omar/eKmRlJKjcGQ%3D,https://www.fidal.it/societa/ANA-ATL-FELTRE/BL012
627.0,702.71,11:42.71,e,GIOVANELLI Anna,1997,AF,ANA ATL.FELTRE,2 su- 1,Merano,2014-05-24,https://www.fidal.it/atleta/GIOVANELLI-Anna/eKmRlJSjbGY%3D,https://www.fidal.it/societa/ANA-ATL-FELTRE/BL012
626.0,562.65,9:22.4,m,POLESANA Filippo,2000,PM,ANA ATL.FELTRE,8 se- 1,Feltre,2021-06-16,https://www.fidal.it/atleta/POLESANA-Filippo/eKmRlJSobGY%3D,https://www.fidal.it/societa/ANA-ATL-FELTRE/BL012
625.0,562.93,9:22.93,e,CASSOL Roberto,1998,AM,ANA ATL.FELTRE,5 su- 1,Merano,2014-05-24,https://www.fidal.it/atleta/CASSOL-Roberto/eKmRlJWfcWk%3D,https://www.fidal.it/societa/ANA-ATL-FELTRE/BL012
624.0,563.25,9:23.0,m,CECCHIN Simone,1996,SM,ANA ATL.FELTRE,4 se- 2,Feltre,2021-06-16,https://www.fidal.it/atleta/CECCHIN-Simone/eKmRlJaka2M%3D,https://www.fidal.it/societa/ANA-ATL-FELTRE/BL012
624.0,563.29,9:23.29,e,CECCHIN Simone,1996,SM,ANA ATL.FELTRE,1 se- 4,Padova,2021-04-24,https://www.fidal.it/atleta/CECCHIN-Simone/eKmRlJaka2M%3D,https://www.fidal.it/societa/ANA-ATL-FELTRE/BL012
624.0,563.19,9:23.19,e,CAPPELLETTO Pablo luis,2002,JM,ANA ATL.FELTRE,3 se- 3,Treviso,2020-07-26,https://www.fidal.it/atleta/CAPPELLETTO-Pablo-luis/eKmRlJSnbmo%3D,https://www.fidal.it/societa/ANA-ATL-FELTRE/BL012
623.0,704.44,11:44.44,e,GIOVANELLI Anna,1997,PF,ANA ATL.FELTRE,8 se- 2,Piombino Dese,2018-04-25,https://www.fidal.it/atleta/GIOVANELLI-Anna/eKmRlJSjbGY%3D,https://www.fidal.it/societa/ANA-ATL-FELTRE/BL012
621.0,563.83,9:23.83,e,SCOPEL Mattia,2000,PM,ANA ATL.FELTRE,1 se- 2,Borgo Valsugana,2020-09-20,https://www.fidal.it/atleta/SCOPEL-Mattia/eKmRlJija2g%3D,https://www.fidal.it/societa/ANA-ATL-FELTRE/BL012
620.0,564.1,9:24.10,e,BRUNET Lorenzo,2002,AM,ANA ATL.FELTRE,4 su- 1,Bovolone,2018-09-30,https://www.fidal.it/atleta/BRUNET-Lorenzo/d6iRk5ukamk%3D,https://www.fidal.it/societa/ANA-ATL-FELTRE/BL012
620.0,564.01,9:24.01,e,CORSO Lorenzo,1999,AM,ANA ATL.FELTRE,4 su- 1,Vicenza,2016-05-01,https://www.fidal.it/atleta/CORSO-Lorenzo/eKmRlJWkbWc%3D,https://www.fidal.it/societa/ANA-ATL-FELTRE/BL012
619.0,564.37,9:24.37,e,CASSOL Roberto,1998,AM,ANA ATL.FELTRE,4 se- 1,Trento,2014-05-01,https://www.fidal.it/atleta/CASSOL-Roberto/eKmRlJWfcWk%3D,https://www.fidal.it/societa/ANA-ATL-FELTRE/BL012
619.0,706.08,11:46.08,e,MENEGAZZO Silvia,2007,AF,ANA ATL.FELTRE,7 su- 1,Padova,2023-05-01,https://www.fidal.it/atleta/MENEGAZZO-Silvia/eKmRlJeocGM%3D,https://www.fidal.it/societa/ANA-ATL-FELTRE/BL012
618.0,564.51,9:24.51,e,BONAN Marco,2000,AM,ANA ATL.FELTRE,6 se- 4,Trento,2016-07-26,https://www.fidal.it/atleta/BONAN-Marco/eKmRlJShbGM%3D,https://www.fidal.it/societa/ANA-ATL-FELTRE/BL012
618.0,564.48,9:24.48,e,BONAN Marco,2000,AM,ANA ATL.FELTRE,17 se- 2,Trento,2017-07-25,https://www.fidal.it/atleta/BONAN-Marco/eKmRlJShbGM%3D,https://www.fidal.it/societa/ANA-ATL-FELTRE/BL012
615.0,565.21,9:25.21,e,CASSOL Italo,1998,AM,ANA ATL.FELTRE,11 se- 1,Marcon,2014-04-06,https://www.fidal.it/atleta/CASSOL-Italo/eKmRlJWfcWo%3D,https://www.fidal.it/societa/ANA-ATL-FELTRE/BL012
613.0,565.65,9:25.4,m,BATTISTEL Samuele,2004,JM,ANA ATL.FELTRE,7 se- 1,Feltre,2022-04-27,https://www.fidal.it/atleta/BATTISTEL-Samuele/eKmRlJahaGM%3D,https://www.fidal.it/societa/ANA-ATL-FELTRE/BL012
609.0,566.62,9:26.62,e,BONAN Marco,2000,AM,ANA ATL.FELTRE,5 su- 1,Conegliano,2016-04-25,https://www.fidal.it/atleta/BONAN-Marco/eKmRlJShbGM%3D,https://www.fidal.it/societa/ANA-ATL-FELTRE/BL012
609.0,566.62,9:26.62,e,CAPPELLETTO Pablo luis,2002,AM,ANA ATL.FELTRE,8 se- 4,Trento,2019-07-23,https://www.fidal.it/atleta/CAPPELLETTO-Pablo-luis/eKmRlJSnbmo%3D,https://www.fidal.it/societa/ANA-ATL-FELTRE/BL012
609.0,566.51,9:26.51,e,COSTA Edgard,1999,AM,ANA ATL.FELTRE,5 se- 6,Trento,2016-07-26,https://www.fidal.it/atleta/COSTA-Edgard/eKmRlJSjbmo%3D,https://www.fidal.it/societa/ANA-ATL-FELTRE/BL012
604.0,567.75,9:27.75,e,CAPPELLETTO Pablo luis,2002,JM,ANA ATL.FELTRE,5 su- 1,Venezia,2021-06-05,https://www.fidal.it/atleta/CAPPELLETTO-Pablo-luis/eKmRlJSnbmo%3D,https://www.fidal.it/societa/ANA-ATL-FELTRE/BL012
603.0,567.88,9:27.88,e,CECCHIN Simone,1996,PM,ANA ATL.FELTRE,16 su- 1,Conegliano,2017-06-16,https://www.fidal.it/atleta/CECCHIN-Simone/eKmRlJaka2M%3D,https://www.fidal.it/societa/ANA-ATL-FELTRE/BL012
603.0,567.8,9:27.80,e,CORSO Lorenzo,1999,AM,ANA ATL.FELTRE,18 se- 3,Trento,2016-07-26,https://www.fidal.it/atleta/CORSO-Lorenzo/eKmRlJWkbWc%3D,https://www.fidal.it/societa/ANA-ATL-FELTRE/BL012
602.0,568.01,9:28.01,e,CASSOL Roberto,1998,AM,ANA ATL.FELTRE,4 su- 1,Padova,2014-09-21,https://www.fidal.it/atleta/CASSOL-Roberto/eKmRlJWfcWk%3D,https://www.fidal.it/societa/ANA-ATL-FELTRE/BL012
602.0,568.19,9:28.19,e,BONAN Marco,2000,JM,ANA ATL.FELTRE,8 se- 1,Piombino Dese,2018-04-25,https://www.fidal.it/atleta/BONAN-Marco/eKmRlJShbGM%3D,https://www.fidal.it/societa/ANA-ATL-FELTRE/BL012
601.0,568.4,9:28.40,e,CORSO Lorenzo,1999,AM,ANA ATL.FELTRE,6 su- 1,Conegliano,2016-04-25,https://www.fidal.it/atleta/CORSO-Lorenzo/eKmRlJWkbWc%3D,https://www.fidal.it/societa/ANA-ATL-FELTRE/BL012
600.0,568.65,9:28.4,m,PAULETTI Michele,1999,SM,ANA ATL.FELTRE,8 se- 1,Belluno,2023-04-26,https://www.fidal.it/atleta/PAULETTI-Michele/eKmRlJakamw%3D,https://www.fidal.it/societa/ANA-ATL-FELTRE/BL012
600.0,713.65,11:53.65,e,NICOLETTO Giada,1994,AF,ANA ATL.FELTRE,5 su- 1,Mestre,2010-05-09,https://www.fidal.it/atleta/NICOLETTO-Giada/eKmRlJSjaWM%3D,https://www.fidal.it/societa/ANA-ATL-FELTRE/BL012
599.0,568.69,9:28.69,e,RIGA Stefano,1991,JM,ANA ATL.FELTRE,1 se- 2,Montebelluna,2010-07-07,https://www.fidal.it/atleta/RIGA-Stefano/eKmRlJOjaWM%3D,https://www.fidal.it/societa/ANA-ATL-FELTRE/BL012
599.0,568.73,9:28.73,e,CASSOL Italo,1998,AM,ANA ATL.FELTRE,5 su- 1,Padova,2014-09-21,https://www.fidal.it/atleta/CASSOL-Italo/eKmRlJWfcWo%3D,https://www.fidal.it/societa/ANA-ATL-FELTRE/BL012
598.0,569.05,9:28.8,m,PAULETTI Michele,1999,SM,ANA ATL.FELTRE,8 se- 1,Feltre,2022-04-27,https://www.fidal.it/atleta/PAULETTI-Michele/eKmRlJakamw%3D,https://www.fidal.it/societa/ANA-ATL-FELTRE/BL012
598.0,714.32,11:54.32,e,DA RIN DE MONEGO Beatrice,2003,JF,ANA ATL.FELTRE,5 su- 1,Venezia,2021-06-05,https://www.fidal.it/atleta/DA-RIN-DE-MONEGO-Beatrice/eKmRlJSmbmM%3D,https://www.fidal.it/societa/ANA-ATL-FELTRE/BL012
598.0,569.0,9:29.00,e,DA RIN DE MONEGO Lorenzo,2000,JM,ANA ATL.FELTRE,13 se- 3,Trento,2019-07-23,https://www.fidal.it/atleta/DA-RIN-DE-MONEGO-Lorenzo/eKmRlJefa2M%3D,https://www.fidal.it/societa/ANA-ATL-FELTRE/BL012
598.0,569.11,9:29.11,e,CAPPELLETTO Pablo luis,2002,AM,ANA ATL.FELTRE,5 se- 2,Modena,2019-04-25,https://www.fidal.it/atleta/CAPPELLETTO-Pablo-luis/eKmRlJSnbmo%3D,https://www.fidal.it/societa/ANA-ATL-FELTRE/BL012
595.0,715.85,11:55.85,e,DE CARLI Matilde,2005,AF,ANA ATL.FELTRE,7 su- 1,Cles,2021-09-26,https://www.fidal.it/atleta/DE-CARLI-Matilde/eKmRlJWma2U%3D,https://www.fidal.it/societa/ANA-ATL-FELTRE/BL012
595.0,569.78,9:29.78,e,BRUNET Lorenzo,2002,AM,ANA ATL.FELTRE,6 su- 1,Vicenza,2018-09-16,https://www.fidal.it/atleta/BRUNET-Lorenzo/d6iRk5ukamk%3D,https://www.fidal.it/societa/ANA-ATL-FELTRE/BL012
591.0,570.5,9:30.50,e,BATTISTEL Samuele,2004,JM,ANA ATL.FELTRE,17 se- 2,Trento,2022-07-26,https://www.fidal.it/atleta/BATTISTEL-Samuele/eKmRlJahaGM%3D,https://www.fidal.it/societa/ANA-ATL-FELTRE/BL012
588.0,571.23,9:31.23,e,RIGA Stefano,1991,JM,ANA ATL.FELTRE,7 se- 3,Bussolengo,2010-06-05,https://www.fidal.it/atleta/RIGA-Stefano/eKmRlJOjaWM%3D,https://www.fidal.it/societa/ANA-ATL-FELTRE/BL012
588.0,718.49,11:58.49,e,DUCATI Marianna,1985,SF,ANA ATL.FELTRE,12 se- 3,Trento,2012-08-07,https://www.fidal.it/atleta/DUCATI-Marianna/eKmRkpKgaGo%3D,https://www.fidal.it/societa/ANA-ATL-FELTRE/BL012
588.0,571.31,9:31.31,e,ZANOLLA Paolo,1985,SM,ANA ATL.FELTRE,5 se- 1,Trento,2013-08-06,https://www.fidal.it/atleta/ZANOLLA-Paolo/eKmRlJOocWo%3D,https://www.fidal.it/societa/ANA-ATL-FELTRE/BL012
587.0,571.45,9:31.2,m,PAULETTI Michele,1999,PM,ANA ATL.FELTRE,6 se- 2,Feltre,2021-06-16,https://www.fidal.it/atleta/PAULETTI-Michele/eKmRlJakamw%3D,https://www.fidal.it/societa/ANA-ATL-FELTRE/BL012
587.0,571.55,9:31.55,e,DEOLA Ruben iavor,2000,AM,ANA ATL.FELTRE,7 su- 1,Conegliano,2016-04-25,https://www.fidal.it/atleta/DEOLA-Ruben-iavor/eKmRlJSfaWk%3D,https://www.fidal.it/societa/ANA-ATL-FELTRE/BL012
584.0,572.23,9:32.23,e,ROSSA Matteo,1998,AM,ANA ATL.FELTRE,12 se- 1,Marcon,2014-04-06,https://www.fidal.it/atleta/ROSSA-Matteo/eKmRlJWoamo%3D,https://www.fidal.it/societa/ANA-ATL-FELTRE/BL012
583.0,572.5,9:32.50,e,CAPPELLETTO Pablo luis,2002,AM,ANA ATL.FELTRE,8 se- 1,Vicenza,2019-05-19,https://www.fidal.it/atleta/CAPPELLETTO-Pablo-luis/eKmRlJSnbmo%3D,https://www.fidal.it/societa/ANA-ATL-FELTRE/BL012
582.0,572.75,9:32.75,e,RIGA Stefano,1991,JM,ANA ATL.FELTRE,8 se- 1,Piombino Dese,2010-04-17,https://www.fidal.it/atleta/RIGA-Stefano/eKmRlJOjaWM%3D,https://www.fidal.it/societa/ANA-ATL-FELTRE/BL012
582.0,572.62,9:32.62,e,RECH Omar,1987,JM,ANA ATL.FELTRE,8 se- 2,Scorze,2005-05-07,https://www.fidal.it/atleta/RECH-Omar/eKmRlJKjcGQ%3D,https://www.fidal.it/societa/ANA-ATL-FELTRE/BL012
581.0,721.45,12:01.45,e,STALLIVIERE Veronica,1992,JF,ANA ATL.FELTRE,4 su- 1,Feltre,2010-05-26,https://www.fidal.it/atleta/STALLIVIERE-Veronica/eKmRlJKna2U%3D,https://www.fidal.it/societa/ANA-ATL-FELTRE/BL012
580.0,573.21,9:33.21,e,POLESANA Filippo,2000,JM,ANA ATL.FELTRE,3 se- 3,Trento,2018-07-17,https://www.fidal.it/atleta/POLESANA-Filippo/eKmRlJSobGY%3D,https://www.fidal.it/societa/ANA-ATL-FELTRE/BL012
579.0,573.41,9:33.41,e,CORSO Lorenzo,1999,JM,ANA ATL.FELTRE,3 se- 5,Trento,2017-07-25,https://www.fidal.it/atleta/CORSO-Lorenzo/eKmRlJWkbWc%3D,https://www.fidal.it/societa/ANA-ATL-FELTRE/BL012
574.0,574.48,9:34.48,e,SOMMARIVA Alberto,1994,SM,ANA ATL.FELTRE,3 se- 3,Trento,2018-07-17,https://www.fidal.it/atleta/SOMMARIVA-Alberto/eKmRlJijcGQ%3D,https://www.fidal.it/societa/ANA-ATL-FELTRE/BL012
571.0,575.15,9:34.9,m,BATTISTEL Samuele,2004,AM,ANA ATL.FELTRE,5 se- 1,Agordo,2021-09-07,https://www.fidal.it/atleta/BATTISTEL-Samuele/eKmRlJahaGM%3D,https://www.fidal.it/societa/ANA-ATL-FELTRE/BL012
568.0,575.97,9:35.97,e,DALLA PALMA Davide,1990,SM,ANA ATL.FELTRE,2 se- 2,Feltre,2022-06-08,https://www.fidal.it/atleta/DALLA-PALMA-Davide/eKmRlJSia2s%3D,https://www.fidal.it/societa/ANA-ATL-FELTRE/BL012
567.0,727.43,12:07.43,e,DE CARLI Matilde,2005,AF,ANA ATL.FELTRE,5 su- 1,Mezzano,2022-09-14,https://www.fidal.it/atleta/DE-CARLI-Matilde/eKmRlJWma2U%3D,https://www.fidal.it/societa/ANA-ATL-FELTRE/BL012
567.0,576.17,9:36.17,e,MASET Nicolo',2003,PM,ANA ATL.FELTRE,7 se- 3,Trento,2023-07-18,https://www.fidal.it/atleta/MASET-Nicolo-/eKmRlJqhbmo%3D,https://www.fidal.it/societa/ANA-ATL-FELTRE/BL012
566.0,576.31,9:36.31,e,BRUNET Lorenzo,2002,AM,ANA ATL.FELTRE,5 se- 3,Trento,2018-07-17,https://www.fidal.it/atleta/BRUNET-Lorenzo/d6iRk5ukamk%3D,https://www.fidal.it/societa/ANA-ATL-FELTRE/BL012
565.0,576.58,9:36.58,e,CORSO Lorenzo,1999,AM,ANA ATL.FELTRE,9 su- 1,Rosa,2016-09-18,https://www.fidal.it/atleta/CORSO-Lorenzo/eKmRlJWkbWc%3D,https://www.fidal.it/societa/ANA-ATL-FELTRE/BL012
565.0,576.56,9:36.56,e,CASSOL Roberto,1998,AM,ANA ATL.FELTRE,3 su- 1,Treviso,2015-09-13,https://www.fidal.it/atleta/CASSOL-Roberto/eKmRlJWfcWk%3D,https://www.fidal.it/societa/ANA-ATL-FELTRE/BL012
562.0,577.39,9:37.39,e,CASSOL Italo,1998,AM,ANA ATL.FELTRE,6 su- 1,Merano,2014-05-24,https://www.fidal.it/atleta/CASSOL-Italo/eKmRlJWfcWo%3D,https://www.fidal.it/societa/ANA-ATL-FELTRE/BL012
558.0,730.96,12:10.96,e,GIOVANELLI Anna,1997,AF,ANA ATL.FELTRE,5 su- 1,Vicenza,2013-05-19,https://www.fidal.it/atleta/GIOVANELLI-Anna/eKmRlJSjbGY%3D,https://www.fidal.it/societa/ANA-ATL-FELTRE/BL012
556.0,578.75,9:38.5,m,MASET Nicolo',2003,PM,ANA ATL.FELTRE,3 se- 1,Borgo Valbelluna,2023-06-21,https://www.fidal.it/atleta/MASET-Nicolo-/eKmRlJqhbmo%3D,https://www.fidal.it/societa/ANA-ATL-FELTRE/BL012
555.0,578.95,9:38.7,m,RIGA Stefano,1991,JM,ANA ATL.FELTRE,1 se- 1,Feltre,2010-08-25,https://www.fidal.it/atleta/RIGA-Stefano/eKmRlJOjaWM%3D,https://www.fidal.it/societa/ANA-ATL-FELTRE/BL012
555.0,578.85,9:38.6,m,PAULETTI Michele,1999,PM,ANA ATL.FELTRE,9 se- 1,Agordo,2021-09-07,https://www.fidal.it/atleta/PAULETTI-Michele/eKmRlJakamw%3D,https://www.fidal.it/societa/ANA-ATL-FELTRE/BL012
554.0,579.17,9:39.17,e,PIZZOLOTTO Edoardo,1996,AM,ANA ATL.FELTRE,7 se- 1,Trento,2013-08-06,https://www.fidal.it/atleta/PIZZOLOTTO-Edoardo/eKmRlJOnb2o%3D,https://www.fidal.it/societa/ANA-ATL-FELTRE/BL012
551.0,733.95,12:13.7,m,DE CARLI Matilde,2005,JF,ANA ATL.FELTRE,8 su- 1,Borgo Valbelluna,2023-06-21,https://www.fidal.it/atleta/DE-CARLI-Matilde/eKmRlJWma2U%3D,https://www.fidal.it/societa/ANA-ATL-FELTRE/BL012
547.0,580.88,9:40.88,e,CORSO Lorenzo,1999,AM,ANA ATL.FELTRE,8 se- 4,Trento,2015-07-28,https://www.fidal.it/atleta/CORSO-Lorenzo/eKmRlJWkbWc%3D,https://www.fidal.it/societa/ANA-ATL-FELTRE/BL012
546.0,581.1,9:41.10,e,CORSO Lorenzo,1999,AM,ANA ATL.FELTRE,8 su- 1,Bovolone,2016-10-02,https://www.fidal.it/atleta/CORSO-Lorenzo/eKmRlJWkbWc%3D,https://www.fidal.it/societa/ANA-ATL-FELTRE/BL012
544.0,581.6,9:41.60,e,CORSO Lorenzo,1999,AM,ANA ATL.FELTRE,8 su- 1,Scorze,2015-05-23,https://www.fidal.it/atleta/CORSO-Lorenzo/eKmRlJWkbWc%3D,https://www.fidal.it/societa/ANA-ATL-FELTRE/BL012
543.0,581.85,9:41.85,e,KANDRI Othman,1997,AM,ANA ATL.FELTRE,5 su- 1,Vicenza,2014-05-04,https://www.fidal.it/atleta/KANDRI-Othman/eKmRlJWhb2s%3D,https://www.fidal.it/societa/ANA-ATL-FELTRE/BL012
541.0,582.33,9:42.33,e,SCOPEL Mattia,2000,PM,ANA ATL.FELTRE,4 se- 8,Treviso,2020-07-26,https://www.fidal.it/atleta/SCOPEL-Mattia/eKmRlJija2g%3D,https://www.fidal.it/societa/ANA-ATL-FELTRE/BL012
541.0,582.2,9:42.20,e,FANTINEL Davide,2005,JM,ANA ATL.FELTRE,11 se- 3,Trento,2023-07-18,https://www.fidal.it/atleta/FANTINEL-Davide/eKmRlJmjcGQ%3D,https://www.fidal.it/societa/ANA-ATL-FELTRE/BL012
540.0,738.53,12:18.53,e,STACH Marta,1995,AF,ANA ATL.FELTRE,6 su- 1,Rovigo,2011-05-08,https://www.fidal.it/atleta/STACH-Marta/eKmRlJKna2Q%3D,https://www.fidal.it/societa/ANA-ATL-FELTRE/BL012
539.0,738.85,12:18.85,e,DALLA GASPERINA Nadia,1998,AF,ANA ATL.FELTRE,6 su- 1,Vicenza,2014-05-04,https://www.fidal.it/atleta/DALLA-GASPERINA-Nadia/eKmRlJajcGk%3D,https://www.fidal.it/societa/ANA-ATL-FELTRE/BL012
538.0,739.45,12:19.45,e,FANTINEL Mara,1998,AF,ANA ATL.FELTRE,7 su- 1,Vicenza,2014-05-04,https://www.fidal.it/atleta/FANTINEL-Mara/eKmRlJaia2w%3D,https://www.fidal.it/societa/ANA-ATL-FELTRE/BL012
535.0,583.66,9:43.66,e,CECCHIN Simone,1996,JM,ANA ATL.FELTRE,3 se- 6,Trento,2015-07-28,https://www.fidal.it/atleta/CECCHIN-Simone/eKmRlJaka2M%3D,https://www.fidal.it/societa/ANA-ATL-FELTRE/BL012
534.0,583.9,9:43.90,e,SCHENAL Alessandro,1996,AM,ANA ATL.FELTRE,5 su- 1,Bastia Umbra,2012-06-24,https://www.fidal.it/atleta/SCHENAL-Alessandro/eKmRlJOja2s%3D,https://www.fidal.it/societa/ANA-ATL-FELTRE/BL012
534.0,583.86,9:43.86,e,CASSOL Roberto,1998,AM,ANA ATL.FELTRE,14 se- 1,Marcon,2014-04-06,https://www.fidal.it/atleta/CASSOL-Roberto/eKmRlJWfcWk%3D,https://www.fidal.it/societa/ANA-ATL-FELTRE/BL012
534.0,740.98,12:20.98,e,COMIOTTO Lara,1982,SF40,ANA ATL.FELTRE,6 su- 1,Feltre,2024-04-10,https://www.fidal.it/atleta/COMIOTTO-Lara/eKmRkpKhb2s%3D,https://www.fidal.it/societa/ANA-ATL-FELTRE/BL012
533.0,741.76,12:21.76,e,MENEGAZZO Silvia,2007,AF,ANA ATL.FELTRE,5 su- 1,Venezia,2023-09-10,https://www.fidal.it/atleta/MENEGAZZO-Silvia/eKmRlJeocGM%3D,https://www.fidal.it/societa/ANA-ATL-FELTRE/BL012
531.0,584.55,9:44.55,e,CORSO Lorenzo,1999,AM,ANA ATL.FELTRE,11 se- 1,Caorle,2016-05-29,https://www.fidal.it/atleta/CORSO-Lorenzo/eKmRlJWkbWc%3D,https://www.fidal.it/societa/ANA-ATL-FELTRE/BL012
528.0,743.95,12:23.7,m,MENEGAZZO Silvia,2007,AF,ANA ATL.FELTRE,2 su- 1,Mezzano,2023-08-18,https://www.fidal.it/atleta/MENEGAZZO-Silvia/eKmRlJeocGM%3D,https://www.fidal.it/societa/ANA-ATL-FELTRE/BL012
528.0,585.35,9:45.1,m,RIGA Stefano,1991,AM,ANA ATL.FELTRE,3 su- 1,Abano Terme,2007-05-27,https://www.fidal.it/atleta/RIGA-Stefano/eKmRlJOjaWM%3D,https://www.fidal.it/societa/ANA-ATL-FELTRE/BL012
526.0,744.83,12:24.83,e,DE CARLI Matilde,2005,AF,ANA ATL.FELTRE,8 su- 1,Vicenza,2021-05-09,https://www.fidal.it/atleta/DE-CARLI-Matilde/eKmRlJWma2U%3D,https://www.fidal.it/societa/ANA-ATL-FELTRE/BL012
523.0,586.5,9:46.50,e,CAPPELLETTO Pablo luis,2002,JM,ANA ATL.FELTRE,10 se- 1,Borgo Valsugana,2020-09-20,https://www.fidal.it/atleta/CAPPELLETTO-Pablo-luis/eKmRlJSnbmo%3D,https://www.fidal.it/societa/ANA-ATL-FELTRE/BL012
521.0,746.96,12:26.96,e,DALLA GASPERINA Nadia,1998,AF,ANA ATL.FELTRE,4 su- 1,Merano,2014-05-24,https://www.fidal.it/atleta/DALLA-GASPERINA-Nadia/eKmRlJajcGk%3D,https://www.fidal.it/societa/ANA-ATL-FELTRE/BL012
521.0,586.95,9:46.7,m,POLESANA Federico,1994,AM,ANA ATL.FELTRE,1 se- 1,Feltre,2010-08-25,https://www.fidal.it/atleta/POLESANA-Federico/eKmRlJOoaWs%3D,https://www.fidal.it/societa/ANA-ATL-FELTRE/BL012
514.0,588.79,9:48.79,e,PAULETTI Michele,1999,PM,ANA ATL.FELTRE,3 se- 3,Padova,2021-04-24,https://www.fidal.it/atleta/PAULETTI-Michele/eKmRlJakamw%3D,https://www.fidal.it/societa/ANA-ATL-FELTRE/BL012
513.0,588.88,9:48.88,e,RIGA Stefano,1991,AM,ANA ATL.FELTRE,4 su- 1,Vittorio Veneto,2008-05-04,https://www.fidal.it/atleta/RIGA-Stefano/eKmRlJOjaWM%3D,https://www.fidal.it/societa/ANA-ATL-FELTRE/BL012
513.0,589.05,9:48.8,m,RIGA Stefano,1991,AM,ANA ATL.FELTRE,2 se- 1,Belluno,2007-05-05,https://www.fidal.it/atleta/RIGA-Stefano/eKmRlJOjaWM%3D,https://www.fidal.it/societa/ANA-ATL-FELTRE/BL012
511.0,589.42,9:49.42,e,BRUNET Fabio,1998,JM,ANA ATL.FELTRE,5 se- 3,Padova,2016-04-25,https://www.fidal.it/atleta/BRUNET-Fabio/d6iRk5mibmo%3D,https://www.fidal.it/societa/ANA-ATL-FELTRE/BL012
510.0,589.64,9:49.64,e,DA RIN DE MONEGO Lorenzo,2000,AM,ANA ATL.FELTRE,7 su- 1,Chiari,2017-10-01,https://www.fidal.it/atleta/DA-RIN-DE-MONEGO-Lorenzo/eKmRlJefa2M%3D,https://www.fidal.it/societa/ANA-ATL-FELTRE/BL012
509.0,752.0,12:32.00,e,COLMANET Elena,1996,JF,ANA ATL.FELTRE,20 su- 1,Trento,2014-05-01,https://www.fidal.it/atleta/COLMANET-Elena/eKmRlJSocGU%3D,https://www.fidal.it/societa/ANA-ATL-FELTRE/BL012
508.0,590.23,9:50.23,e,DA RIN DE MONEGO Lorenzo,2000,JM,ANA ATL.FELTRE,10 se- 2,Cremona,2018-10-07,https://www.fidal.it/atleta/DA-RIN-DE-MONEGO-Lorenzo/eKmRlJefa2M%3D,https://www.fidal.it/societa/ANA-ATL-FELTRE/BL012
506.0,590.8,9:50.80,e,CAPPELLETTO Pablo luis,2002,AM,ANA ATL.FELTRE,14 su- 1,Vicenza,2018-09-16,https://www.fidal.it/atleta/CAPPELLETTO-Pablo-luis/eKmRlJSnbmo%3D,https://www.fidal.it/societa/ANA-ATL-FELTRE/BL012
502.0,591.73,9:51.73,e,CORSO Lorenzo,1999,JM,ANA ATL.FELTRE,8 su- 1,Bovolone,2017-04-30,https://www.fidal.it/atleta/CORSO-Lorenzo/eKmRlJWkbWc%3D,https://www.fidal.it/societa/ANA-ATL-FELTRE/BL012
499.0,592.42,9:52.42,e,DA RIN DE MONEGO Lorenzo,2000,PM,ANA ATL.FELTRE,5 se- 2,Borgo Valsugana,2020-09-20,https://www.fidal.it/atleta/DA-RIN-DE-MONEGO-Lorenzo/eKmRlJefa2M%3D,https://www.fidal.it/societa/ANA-ATL-FELTRE/BL012
493.0,593.93,9:53.93,e,DA RIN DE MONEGO Lorenzo,2000,JM,ANA ATL.FELTRE,9 su- 1,Copparo,2018-09-26,https://www.fidal.it/atleta/DA-RIN-DE-MONEGO-Lorenzo/eKmRlJefa2M%3D,https://www.fidal.it/societa/ANA-ATL-FELTRE/BL012
492.0,594.1,9:54.10,e,RIGA Stefano,1991,AM,ANA ATL.FELTRE,6 su- 1,Vicenza,2007-05-13,https://www.fidal.it/atleta/RIGA-Stefano/eKmRlJOjaWM%3D,https://www.fidal.it/societa/ANA-ATL-FELTRE/BL012
492.0,594.2,9:54.20,e,ROSSI Mattia,1993,AM,ANA ATL.FELTRE,6 se- 2,Feltre,2010-05-26,https://www.fidal.it/atleta/ROSSI-Mattia/eKmRlJSlaWU%3D,https://www.fidal.it/societa/ANA-ATL-FELTRE/BL012
488.0,595.14,9:55.14,e,POLESANA Filippo,2000,JM,ANA ATL.FELTRE,11 se- 2,Piombino Dese,2018-04-25,https://www.fidal.it/atleta/POLESANA-Filippo/eKmRlJSobGY%3D,https://www.fidal.it/societa/ANA-ATL-FELTRE/BL012
486.0,762.23,12:42.23,e,DE CARLI Matilde,2005,AF,ANA ATL.FELTRE,6 su- 1,Verona,2022-05-08,https://www.fidal.it/atleta/DE-CARLI-Matilde/eKmRlJWma2U%3D,https://www.fidal.it/societa/ANA-ATL-FELTRE/BL012
485.0,595.94,9:55.94,e,CORSO Lorenzo,1999,AM,ANA ATL.FELTRE,10 su- 1,Vicenza,2015-05-03,https://www.fidal.it/atleta/CORSO-Lorenzo/eKmRlJWkbWc%3D,https://www.fidal.it/societa/ANA-ATL-FELTRE/BL012
484.0,596.08,9:56.08,e,SCOPEL Mattia,2000,JM,ANA ATL.FELTRE,13 se- 3,Trento,2018-07-17,https://www.fidal.it/atleta/SCOPEL-Mattia/eKmRlJija2g%3D,https://www.fidal.it/societa/ANA-ATL-FELTRE/BL012
482.0,764.25,12:44.0,m,DE CARLI Matilde,2005,JF,ANA ATL.FELTRE,3 su- 1,Mezzano,2023-08-18,https://www.fidal.it/atleta/DE-CARLI-Matilde/eKmRlJWma2U%3D,https://www.fidal.it/societa/ANA-ATL-FELTRE/BL012
482.0,764.02,12:44.02,e,FANTINEL Mara,1998,AF,ANA ATL.FELTRE,5 su- 1,Merano,2014-05-24,https://www.fidal.it/atleta/FANTINEL-Mara/eKmRlJaia2w%3D,https://www.fidal.it/societa/ANA-ATL-FELTRE/BL012
475.0,598.51,9:58.51,e,RIGA Stefano,1991,AM,ANA ATL.FELTRE,7 su- 1,Abano Terme,2008-05-25,https://www.fidal.it/atleta/RIGA-Stefano/eKmRlJOjaWM%3D,https://www.fidal.it/societa/ANA-ATL-FELTRE/BL012
472.0,768.59,12:48.59,e,DE CARLI Matilde,2005,JF,ANA ATL.FELTRE,14 su- 1,Padova,2023-05-01,https://www.fidal.it/atleta/DE-CARLI-Matilde/eKmRlJWma2U%3D,https://www.fidal.it/societa/ANA-ATL-FELTRE/BL012
471.0,599.55,9:59.55,e,PERENZIN Luca,1994,AM,ANA ATL.FELTRE,4 su- 1,Saronno,2010-06-27,https://www.fidal.it/atleta/PERENZIN-Luca/eKmRlJOgbWM%3D,https://www.fidal.it/societa/ANA-ATL-FELTRE/BL012
465.0,601.09,10:01.09,e,RIGA Stefano,1991,AM,ANA ATL.FELTRE,4 se- 1,Piombino Dese,2008-04-26,https://www.fidal.it/atleta/RIGA-Stefano/eKmRlJOjaWM%3D,https://www.fidal.it/societa/ANA-ATL-FELTRE/BL012
461.0,602.1,10:02.10,e,CAPPELLETTO Pablo luis,2002,AM,ANA ATL.FELTRE,13 se- 2,Cremona,2018-10-07,https://www.fidal.it/atleta/CAPPELLETTO-Pablo-luis/eKmRlJSnbmo%3D,https://www.fidal.it/societa/ANA-ATL-FELTRE/BL012
460.0,602.25,10:02.25,e,PERENZIN Luca,1994,AM,ANA ATL.FELTRE,12 se- 1,Piombino Dese,2010-04-17,https://www.fidal.it/atleta/PERENZIN-Luca/eKmRlJOgbWM%3D,https://www.fidal.it/societa/ANA-ATL-FELTRE/BL012
456.0,775.95,12:55.7,m,DE BACCO Emma,2006,AF,ANA ATL.FELTRE,10 su- 1,Borgo Valbelluna,2023-06-21,https://www.fidal.it/atleta/DE-BACCO-Emma/eKmRlJelbmU%3D,https://www.fidal.it/societa/ANA-ATL-FELTRE/BL012
453.0,604.08,10:04.08,e,LIRA Riccardo,1995,AM,ANA ATL.FELTRE,12 se- 6,Trento,2011-08-02,https://www.fidal.it/atleta/LIRA-Riccardo/eKmRlJOja2g%3D,https://www.fidal.it/societa/ANA-ATL-FELTRE/BL012
453.0,604.15,10:03.9,m,FANTINEL Davide,2005,JM,ANA ATL.FELTRE,1 se- 2,Borgo Valbelluna,2023-06-21,https://www.fidal.it/atleta/FANTINEL-Davide/eKmRlJmjcGQ%3D,https://www.fidal.it/societa/ANA-ATL-FELTRE/BL012
452.0,604.47,10:04.47,e,CAPPELLETTO Pablo luis,2002,AM,ANA ATL.FELTRE,8 se- 3,Piombino Dese,2018-04-25,https://www.fidal.it/atleta/CAPPELLETTO-Pablo-luis/eKmRlJSnbmo%3D,https://www.fidal.it/societa/ANA-ATL-FELTRE/BL012
445.0,781.05,13:00.8,m,ZABOT Gigliola,1973,SF50,ANA ATL.FELTRE,11 su- 1,Borgo Valbelluna,2023-06-21,https://www.fidal.it/atleta/ZABOT-Gigliola/eKmRlJWmb2o%3D,https://www.fidal.it/societa/ANA-ATL-FELTRE/BL012
441.0,607.24,10:07.24,e,CAPPELLETTO Pablo luis,2002,AM,ANA ATL.FELTRE,5 se- 2,San Biagio Di Callalta,2018-05-13,https://www.fidal.it/atleta/CAPPELLETTO-Pablo-luis/eKmRlJSnbmo%3D,https://www.fidal.it/societa/ANA-ATL-FELTRE/BL012
436.0,785.45,13:05.45,e,FANTINEL Sara,2005,AF,ANA ATL.FELTRE,15 se- 3,Trento,2022-07-26,https://www.fidal.it/atleta/FANTINEL-Sara/eKmRlJihamo%3D,https://www.fidal.it/societa/ANA-ATL-FELTRE/BL012
435.0,608.75,10:08.75,e,DA RIN DE MONEGO Lorenzo,2000,AM,ANA ATL.FELTRE,12 su- 1,Jesolo,2017-09-17,https://www.fidal.it/atleta/DA-RIN-DE-MONEGO-Lorenzo/eKmRlJefa2M%3D,https://www.fidal.it/societa/ANA-ATL-FELTRE/BL012
429.0,610.55,10:10.3,m,FANTINEL Davide,2005,JM,ANA ATL.FELTRE,4 se- 2,Belluno,2023-04-26,https://www.fidal.it/atleta/FANTINEL-Davide/eKmRlJmjcGQ%3D,https://www.fidal.it/societa/ANA-ATL-FELTRE/BL012
427.0,610.86,10:10.86,e,GAZ Giovanni,1997,AM,ANA ATL.FELTRE,16 su- 1,Bassano Del Grappa,2013-09-22,https://www.fidal.it/atleta/GAZ-Giovanni/eKmRlJafaGg%3D,https://www.fidal.it/societa/ANA-ATL-FELTRE/BL012
424.0,611.71,10:11.71,e,PERENZIN Luca,1994,AM,ANA ATL.FELTRE,7 su- 1,Mestre,2010-05-09,https://www.fidal.it/atleta/PERENZIN-Luca/eKmRlJOgbWM%3D,https://www.fidal.it/societa/ANA-ATL-FELTRE/BL012
424.0,611.85,10:11.6,m,POLLONI Michele,1991,SM,ANA ATL.FELTRE,3 se- 2,Feltre,2022-04-27,https://www.fidal.it/atleta/POLLONI-Michele/eKmRlJijb2o%3D,https://www.fidal.it/societa/ANA-ATL-FELTRE/BL012
423.0,791.68,13:11.68,e,MONDIN Sara,2001,AF,ANA ATL.FELTRE,10 se- 2,Piombino Dese,2018-04-25,https://www.fidal.it/atleta/MONDIN-Sara/eKmRlJWoa2s%3D,https://www.fidal.it/societa/ANA-ATL-FELTRE/BL012
416.0,613.84,10:13.84,e,PERENZIN Luca,1994,AM,ANA ATL.FELTRE,13 se- 5,Trento,2011-08-02,https://www.fidal.it/atleta/PERENZIN-Luca/eKmRlJOgbWM%3D,https://www.fidal.it/societa/ANA-ATL-FELTRE/BL012
416.0,613.85,10:13.85,e,CASSOL Roberto,1998,AM,ANA ATL.FELTRE,8 su- 1,Vicenza,2014-05-04,https://www.fidal.it/atleta/CASSOL-Roberto/eKmRlJWfcWk%3D,https://www.fidal.it/societa/ANA-ATL-FELTRE/BL012
412.0,797.05,13:17.05,e,FANTINEL Sara,2005,AF,ANA ATL.FELTRE,17 se- 4,Trento,2021-07-20,https://www.fidal.it/atleta/FANTINEL-Sara/eKmRlJihamo%3D,https://www.fidal.it/societa/ANA-ATL-FELTRE/BL012
410.0,615.67,10:15.67,e,GAZ Giovanni,1997,AM,ANA ATL.FELTRE,9 su- 1,Trento,2013-06-09,https://www.fidal.it/atleta/GAZ-Giovanni/eKmRlJafaGg%3D,https://www.fidal.it/societa/ANA-ATL-FELTRE/BL012
408.0,616.06,10:16.06,e,POLESANA Giacomo,2005,AM,ANA ATL.FELTRE,4 se- 5,Trento,2021-07-20,https://www.fidal.it/atleta/POLESANA-Giacomo/eKmRlJaha2Y%3D,https://www.fidal.it/societa/ANA-ATL-FELTRE/BL012
402.0,617.68,10:17.68,e,POLLONI Michele,1991,SM,ANA ATL.FELTRE,17 se- 4,Trento,2023-07-18,https://www.fidal.it/atleta/POLLONI-Michele/eKmRlJijb2o%3D,https://www.fidal.it/societa/ANA-ATL-FELTRE/BL012
401.0,618.07,10:18.07,e,DALLA CORTE Christian,1982,SM40,ANA ATL.FELTRE,11 se- 5,Trento,2022-07-26,https://www.fidal.it/atleta/DALLA-CORTE-Christian/eKmRlJala2w%3D,https://www.fidal.it/societa/ANA-ATL-FELTRE/BL012
399.0,618.69,10:18.69,e,FANTINEL Davide,2005,AM,ANA ATL.FELTRE,12 se- 5,Trento,2022-07-26,https://www.fidal.it/atleta/FANTINEL-Davide/eKmRlJmjcGQ%3D,https://www.fidal.it/societa/ANA-ATL-FELTRE/BL012
395.0,619.72,10:19.72,e,STEFANEL Davide,1999,AM,ANA ATL.FELTRE,12 su- 1,Conegliano,2016-04-25,https://www.fidal.it/atleta/STEFANEL-Davide/eKyRkpuhcWw%3D,https://www.fidal.it/societa/ANA-ATL-FELTRE/BL012
393.0,620.36,10:20.36,e,PERENZIN Luca,1994,AM,ANA ATL.FELTRE,14 se- 4,Trento,2010-08-10,https://www.fidal.it/atleta/PERENZIN-Luca/eKmRlJOgbWM%3D,https://www.fidal.it/societa/ANA-ATL-FELTRE/BL012
393.0,620.18,10:20.18,e,ANTONIOL Samuel,2002,AM,ANA ATL.FELTRE,9 se- 2,San Biagio Di Callalta,2018-05-13,https://www.fidal.it/atleta/ANTONIOL-Samuel/eKmRlJaobWU%3D,https://www.fidal.it/societa/ANA-ATL-FELTRE/BL012
389.0,621.25,10:21.25,e,BRUSATI Alex,2004,JM,ANA ATL.FELTRE,8 se- 3,Padova,2023-05-01,https://www.fidal.it/atleta/BRUSATI-Alex/eKmRlJWfaGs%3D,https://www.fidal.it/societa/ANA-ATL-FELTRE/BL012
379.0,624.29,10:24.29,e,FANTINEL Davide,2005,AM,ANA ATL.FELTRE,7 se- 3,Padova,2022-05-01,https://www.fidal.it/atleta/FANTINEL-Davide/eKmRlJmjcGQ%3D,https://www.fidal.it/societa/ANA-ATL-FELTRE/BL012
379.0,624.07,10:24.07,e,GAZ Giovanni,1997,AM,ANA ATL.FELTRE,10 su- 1,Vicenza,2013-05-19,https://www.fidal.it/atleta/GAZ-Giovanni/eKmRlJafaGg%3D,https://www.fidal.it/societa/ANA-ATL-FELTRE/BL012
374.0,625.77,10:25.77,e,MALACARNE Rudy,1998,AM,ANA ATL.FELTRE,8 su- 1,Caorle,2014-06-01,https://www.fidal.it/atleta/MALACARNE-Rudy/eKmRlJSnbGk%3D,https://www.fidal.it/societa/ANA-ATL-FELTRE/BL012
369.0,626.95,10:26.7,m,POLESANA Giacomo,2005,AM,ANA ATL.FELTRE,2 su- 1,Alpago,2021-10-16,https://www.fidal.it/atleta/POLESANA-Giacomo/eKmRlJaha2Y%3D,https://www.fidal.it/societa/ANA-ATL-FELTRE/BL012
366.0,628.01,10:28.01,e,FANTINEL Davide,2005,AM,ANA ATL.FELTRE,5 se- 2,Feltre,2022-06-08,https://www.fidal.it/atleta/FANTINEL-Davide/eKmRlJmjcGQ%3D,https://www.fidal.it/societa/ANA-ATL-FELTRE/BL012
365.0,628.15,10:27.9,m,DE RIZ Eddy,1975,SM45,ANA ATL.FELTRE,2 se- 2,Borgo Valbelluna,2023-06-21,https://www.fidal.it/atleta/DE-RIZ-Eddy/eKmRlJKlaWk%3D,https://www.fidal.it/societa/ANA-ATL-FELTRE/BL012
363.0,628.75,10:28.75,e,FANTINEL Davide,2005,AM,ANA ATL.FELTRE,12 su- 1,Mezzano,2022-09-14,https://www.fidal.it/atleta/FANTINEL-Davide/eKmRlJmjcGQ%3D,https://www.fidal.it/societa/ANA-ATL-FELTRE/BL012
357.0,630.5,10:30.50,e,FANTINEL Davide,2005,AM,ANA ATL.FELTRE,6 se- 1,Verona,2022-05-08,https://www.fidal.it/atleta/FANTINEL-Davide/eKmRlJmjcGQ%3D,https://www.fidal.it/societa/ANA-ATL-FELTRE/BL012
351.0,632.27,10:32.27,e,MAZZOCCO Simone,2006,AM,ANA ATL.FELTRE,9 se- 2,Padova,2023-05-01,https://www.fidal.it/atleta/MAZZOCCO-Simone/eKmRlJegaGM%3D,https://www.fidal.it/societa/ANA-ATL-FELTRE/BL012
348.0,633.35,10:33.1,m,BRUSATI Alex,2004,JM,ANA ATL.FELTRE,5 se- 3,Belluno,2023-04-26,https://www.fidal.it/atleta/BRUSATI-Alex/eKmRlJWfaGs%3D,https://www.fidal.it/societa/ANA-ATL-FELTRE/BL012
345.0,634.15,10:33.9,m,BRUSATI Alex,2004,JM,ANA ATL.FELTRE,3 se- 2,Borgo Valbelluna,2023-06-21,https://www.fidal.it/atleta/BRUSATI-Alex/eKmRlJWfaGs%3D,https://www.fidal.it/societa/ANA-ATL-FELTRE/BL012
344.0,634.4,10:34.40,e,FANTINEL Davide,2005,AM,ANA ATL.FELTRE,9 su- 1,Caorle,2022-05-22,https://www.fidal.it/atleta/FANTINEL-Davide/eKmRlJmjcGQ%3D,https://www.fidal.it/societa/ANA-ATL-FELTRE/BL012
341.0,635.33,10:35.33,e,POLESANA Giacomo,2005,AM,ANA ATL.FELTRE,15 se- 5,Trento,2022-07-26,https://www.fidal.it/atleta/POLESANA-Giacomo/eKmRlJaha2Y%3D,https://www.fidal.it/societa/ANA-ATL-FELTRE/BL012
341.0,635.45,10:35.45,e,MAZZOCCO Simone,2006,AM,ANA ATL.FELTRE,24 se- 3,Trento,2023-07-18,https://www.fidal.it/atleta/MAZZOCCO-Simone/eKmRlJegaGM%3D,https://www.fidal.it/societa/ANA-ATL-FELTRE/BL012
335.0,637.05,10:36.8,m,ROSSI Mattia,1993,AM,ANA ATL.FELTRE,2 se- 1,Feltre,2010-08-25,https://www.fidal.it/atleta/ROSSI-Mattia/eKmRlJSlaWU%3D,https://www.fidal.it/societa/ANA-ATL-FELTRE/BL012
333.0,637.65,10:37.4,m,MAZZOCCO Simone,2006,AM,ANA ATL.FELTRE,4 se- 2,Borgo Valbelluna,2023-06-21,https://www.fidal.it/atleta/MAZZOCCO-Simone/eKmRlJegaGM%3D,https://www.fidal.it/societa/ANA-ATL-FELTRE/BL012
328.0,639.15,10:38.9,m,MAZZOCCO Simone,2006,AM,ANA ATL.FELTRE,5 se- 2,Belluno,2023-04-26,https://www.fidal.it/atleta/MAZZOCCO-Simone/eKmRlJegaGM%3D,https://www.fidal.it/societa/ANA-ATL-FELTRE/BL012
325.0,640.05,10:39.8,m,POLESANA Filippo,2000,JM,ANA ATL.FELTRE,4 su- 1,Feltre,2018-06-30,https://www.fidal.it/atleta/POLESANA-Filippo/eKmRlJSobGY%3D,https://www.fidal.it/societa/ANA-ATL-FELTRE/BL012
325.0,640.05,10:39.8,m,PETITTO Claudio,1975,SM45,ANA ATL.FELTRE,8 se- 1,Borgo Valbelluna,2023-06-21,https://www.fidal.it/atleta/PETITTO-Claudio/eKmRlJihaGM%3D,https://www.fidal.it/societa/ANA-ATL-FELTRE/BL012
317.0,642.65,10:42.4,m,FANTINEL Daniele,1969,SM50,ANA ATL.FELTRE,9 se- 1,Borgo Valbelluna,2023-06-21,https://www.fidal.it/atleta/FANTINEL-Daniele/eKmRlJWmb2k%3D,https://www.fidal.it/societa/ANA-ATL-FELTRE/BL012
315.0,643.26,10:43.26,e,FANTINEL Davide,2005,AM,ANA ATL.FELTRE,8 se- 6,Trento,2021-07-20,https://www.fidal.it/atleta/FANTINEL-Davide/eKmRlJmjcGQ%3D,https://www.fidal.it/societa/ANA-ATL-FELTRE/BL012
315.0,643.35,10:43.1,m,GRAVA Paride,1995,PM,ANA ATL.FELTRE,2 se- 1,Feltre,2015-05-12,https://www.fidal.it/atleta/GRAVA-Paride/eKmRlJajcGs%3D,https://www.fidal.it/societa/ANA-ATL-FELTRE/BL012
314.0,643.55,10:43.3,m,POLESANA Giacomo,2005,AM,ANA ATL.FELTRE,11 se- 1,Feltre,2021-06-16,https://www.fidal.it/atleta/POLESANA-Giacomo/eKmRlJaha2Y%3D,https://www.fidal.it/societa/ANA-ATL-FELTRE/BL012
307.0,645.74,10:45.74,e,DA RIN DE MONEGO Lorenzo,2000,AM,ANA ATL.FELTRE,9 se- 2,Caorle,2016-05-29,https://www.fidal.it/atleta/DA-RIN-DE-MONEGO-Lorenzo/eKmRlJefa2M%3D,https://www.fidal.it/societa/ANA-ATL-FELTRE/BL012
303.0,647.08,10:47.08,e,DA RIN DE MONEGO Lorenzo,2000,AM,ANA ATL.FELTRE,17 su- 1,Rosa,2016-09-18,https://www.fidal.it/atleta/DA-RIN-DE-MONEGO-Lorenzo/eKmRlJefa2M%3D,https://www.fidal.it/societa/ANA-ATL-FELTRE/BL012
299.0,648.34,10:48.34,e,PETITTO Claudio,1975,SM45,ANA ATL.FELTRE,6 se- 1,Feltre,2024-04-10,https://www.fidal.it/atleta/PETITTO-Claudio/eKmRlJihaGM%3D,https://www.fidal.it/societa/ANA-ATL-FELTRE/BL012
297.0,648.94,10:48.94,e,MAZZOCCO Simone,2006,JM,ANA ATL.FELTRE,18 se- 5,Trento,2024-07-16,https://www.fidal.it/atleta/MAZZOCCO-Simone/eKmRlJegaGM%3D,https://www.fidal.it/societa/ANA-ATL-FELTRE/BL012
285.0,652.75,10:52.5,m,FANTINEL Davide,2005,AM,ANA ATL.FELTRE,4 su- 1,Alpago,2021-10-16,https://www.fidal.it/atleta/FANTINEL-Davide/eKmRlJmjcGQ%3D,https://www.fidal.it/societa/ANA-ATL-FELTRE/BL012
281.0,654.22,10:54.22,e,DA RIN DE MONEGO Lorenzo,2000,AM,ANA ATL.FELTRE,13 su- 1,Bovolone,2017-04-30,https://www.fidal.it/atleta/DA-RIN-DE-MONEGO-Lorenzo/eKmRlJefa2M%3D,https://www.fidal.it/societa/ANA-ATL-FELTRE/BL012
269.0,658.15,10:58.15,e,ZANIN Fabio,2001,AM,ANA ATL.FELTRE,15 su- 1,Caorle,2017-05-28,https://www.fidal.it/atleta/ZANIN-Fabio/eKmRlJejaWU%3D,https://www.fidal.it/societa/ANA-ATL-FELTRE/BL012
269.0,658.05,10:57.8,m,COLUSSI Riki,1978,SM45,ANA ATL.FELTRE,9 se- 2,Borgo Valbelluna,2023-06-21,https://www.fidal.it/atleta/COLUSSI-Riki/eKmRlJifaWk%3D,https://www.fidal.it/societa/ANA-ATL-FELTRE/BL012
258.0,661.78,11:01.78,e,FANTINEL Daniele,1969,SM55,ANA ATL.FELTRE,7 se- 1,Feltre,2024-04-10,https://www.fidal.it/atleta/FANTINEL-Daniele/eKmRlJWmb2k%3D,https://www.fidal.it/societa/ANA-ATL-FELTRE/BL012
247.0,665.6,11:05.60,e,COLUSSI Riki,1978,SM45,ANA ATL.FELTRE,8 se- 1,Feltre,2024-04-10,https://www.fidal.it/atleta/COLUSSI-Riki/eKmRlJifaWk%3D,https://www.fidal.it/societa/ANA-ATL-FELTRE/BL012
239.0,668.6,11:08.60,e,DA RIN DE MONEGO Lorenzo,2000,AM,ANA ATL.FELTRE,13 su- 1,Vicenza,2016-05-01,https://www.fidal.it/atleta/DA-RIN-DE-MONEGO-Lorenzo/eKmRlJefa2M%3D,https://www.fidal.it/societa/ANA-ATL-FELTRE/BL012
236.0,669.5,11:09.50,e,POLESANA Filippo,2000,AM,ANA ATL.FELTRE,6 se- 2,Vicenza,2017-05-14,https://www.fidal.it/atleta/POLESANA-Filippo/eKmRlJSobGY%3D,https://www.fidal.it/societa/ANA-ATL-FELTRE/BL012
234.0,670.35,11:10.1,m,NOSIGLIA Alessio,1983,SM40,ANA ATL.FELTRE,12 se- 1,Borgo Valbelluna,2023-06-21,https://www.fidal.it/atleta/NOSIGLIA-Alessio/eKAAARk5Kha2k%3D,https://www.fidal.it/societa/ANA-ATL-FELTRE/BL012
229.0,672.15,11:11.9,m,RUBIN Mauro,1973,SM45,ANA ATL.FELTRE,10 se- 2,Feltre,2021-06-16,https://www.fidal.it/atleta/RUBIN-Mauro/eKmRlJKlcGw%3D,https://www.fidal.it/societa/ANA-ATL-FELTRE/BL012
225.0,673.75,11:13.5,m,DALLA CORTE Christian,1982,SM40,ANA ATL.FELTRE,4 se- 2,Feltre,2022-04-27,https://www.fidal.it/atleta/DALLA-CORTE-Christian/eKmRlJala2w%3D,https://www.fidal.it/societa/ANA-ATL-FELTRE/BL012
218.0,676.28,11:16.28,e,MADONNA Donato,1991,SM,ANA ATL.FELTRE,13 su- 1,Feltre,2024-08-28,https://www.fidal.it/atleta/MADONNA-Donato/eKmRlJejaWg%3D,https://www.fidal.it/societa/ANA-ATL-FELTRE/BL012
217.0,676.49,11:16.49,e,ZANIN Fabio,2001,AM,ANA ATL.FELTRE,7 se- 2,Vicenza,2017-05-14,https://www.fidal.it/atleta/ZANIN-Fabio/eKmRlJejaWU%3D,https://www.fidal.it/societa/ANA-ATL-FELTRE/BL012
214.0,677.95,11:17.7,m,BRUSATI Alex,2004,AM,ANA ATL.FELTRE,5 su- 1,Alpago,2021-10-16,https://www.fidal.it/atleta/BRUSATI-Alex/eKmRlJWfaGs%3D,https://www.fidal.it/societa/ANA-ATL-FELTRE/BL012
188.0,687.95,11:27.7,m,GIOVANELLI Valter,1964,SM50,ANA ATL.FELTRE,3 se- 1,Feltre,2015-05-12,https://www.fidal.it/atleta/GIOVANELLI-Valter/eKmRlJSnbGc%3D,https://www.fidal.it/societa/ANA-ATL-FELTRE/BL012
184.0,689.72,11:29.72,e,MAZZOCCO Simone,2006,AM,ANA ATL.FELTRE,14 se- 6,Trento,2022-07-26,https://www.fidal.it/atleta/MAZZOCCO-Simone/eKmRlJegaGM%3D,https://www.fidal.it/societa/ANA-ATL-FELTRE/BL012
170.0,695.24,11:35.24,e,PAULETTI Luca,1970,SM50,ANA ATL.FELTRE,5 se- 2,Feltre,2024-04-10,https://www.fidal.it/atleta/PAULETTI-Luca/eKmRlJaiamM%3D,https://www.fidal.it/societa/ANA-ATL-FELTRE/BL012
165.0,697.65,11:37.4,m,ZANNIN Denis,1979,SM40,ANA ATL.FELTRE,5 se- 2,Feltre,2022-04-27,https://www.fidal.it/atleta/ZANNIN-Denis/eKmRlJqfbmM%3D,https://www.fidal.it/societa/ANA-ATL-FELTRE/BL012
163.0,698.15,11:37.9,m,DALLA CORTE Christian,1982,SM35,ANA ATL.FELTRE,12 se- 2,Feltre,2021-06-16,https://www.fidal.it/atleta/DALLA-CORTE-Christian/eKmRlJala2w%3D,https://www.fidal.it/societa/ANA-ATL-FELTRE/BL012
155.0,701.75,11:41.5,m,IRITTI Massimo,1973,SM50,ANA ATL.FELTRE,14 se- 1,Borgo Valbelluna,2023-06-21,https://www.fidal.it/atleta/IRITTI-Massimo/eKmRlJilaGk%3D,https://www.fidal.it/societa/ANA-ATL-FELTRE/BL012
153.0,702.75,11:42.5,m,ARGENIO Luca,1982,SM40,ANA ATL.FELTRE,6 se- 2,Feltre,2022-04-27,https://www.fidal.it/atleta/ARGENIO-Luca/eKmRlJmocGg%3D,https://www.fidal.it/societa/ANA-ATL-FELTRE/BL012
152.0,703.1,11:43.10,e,PIU Andrea,1974,SM50,ANA ATL.FELTRE,7 se- 2,Feltre,2024-04-10,https://www.fidal.it/atleta/PIU-Andrea/eKmRlJqlbWs%3D,https://www.fidal.it/societa/ANA-ATL-FELTRE/BL012
145.0,706.16,11:46.16,e,PERENZIN Paolo,1978,SM45,ANA ATL.FELTRE,8 se- 2,Feltre,2024-04-10,https://www.fidal.it/atleta/PERENZIN-Paolo/eKiRkpifcGQ%3D,https://www.fidal.it/societa/ANA-ATL-FELTRE/BL012
131.0,713.09,11:53.09,e,DE BARBA Costantino,1968,SM50,ANA ATL.FELTRE,9 se- 2,Feltre,2022-06-08,https://www.fidal.it/atleta/DE-BARBA-Costantino/eKmRlJmlbmc%3D,https://www.fidal.it/societa/ANA-ATL-FELTRE/BL012
130.0,713.55,11:53.3,m,DE BARBA Costantino,1968,SM55,ANA ATL.FELTRE,7 se- 2,Belluno,2023-04-26,https://www.fidal.it/atleta/DE-BARBA-Costantino/eKmRlJmlbmc%3D,https://www.fidal.it/societa/ANA-ATL-FELTRE/BL012
119.0,718.91,11:58.91,e,ZANNIN Denis,1979,SM40,ANA ATL.FELTRE,10 se- 2,Feltre,2022-06-08,https://www.fidal.it/atleta/ZANNIN-Denis/eKmRlJqfbmM%3D,https://www.fidal.it/societa/ANA-ATL-FELTRE/BL012
108.0,724.74,12:04.74,e,TONET Stefano,1972,SM50,ANA ATL.FELTRE,10 se- 1,Feltre,2024-04-10,https://www.fidal.it/atleta/TONET-Stefano/eKmRlJqfbmQ%3D,https://www.fidal.it/societa/ANA-ATL-FELTRE/BL012
108.0,724.75,12:04.5,m,DE BARBA Costantino,1968,SM50,ANA ATL.FELTRE,13 se- 2,Feltre,2021-06-16,https://www.fidal.it/atleta/DE-BARBA-Costantino/eKmRlJmlbmc%3D,https://www.fidal.it/societa/ANA-ATL-FELTRE/BL012
105.0,726.07,12:06.07,e,ARGENIO Luca,1982,SM40,ANA ATL.FELTRE,11 se- 2,Feltre,2022-06-08,https://www.fidal.it/atleta/ARGENIO-Luca/eKmRlJmocGg%3D,https://www.fidal.it/societa/ANA-ATL-FELTRE/BL012
101.0,728.25,12:08.0,m,TONET Stefano,1972,SM50,ANA ATL.FELTRE,13 se- 2,Borgo Valbelluna,2023-06-21,https://www.fidal.it/atleta/TONET-Stefano/eKmRlJqfbmQ%3D,https://www.fidal.it/societa/ANA-ATL-FELTRE/BL012
100.0,728.75,12:08.5,m,TONET Stefano,1972,SM50,ANA ATL.FELTRE,8 se- 3,Belluno,2023-04-26,https://www.fidal.it/atleta/TONET-Stefano/eKmRlJqfbmQ%3D,https://www.fidal.it/societa/ANA-ATL-FELTRE/BL012
95.0,731.55,12:11.3,m,MOINO Alessandro,1974,SM45,ANA ATL.FELTRE,7 se- 2,Feltre,2022-04-27,https://www.fidal.it/atleta/MOINO-Alessandro/eKmRlJmkcWU%3D,https://www.fidal.it/societa/ANA-ATL-FELTRE/BL012
91.0,733.95,12:13.7,m,DE BARBA Costantino,1968,SM50,ANA ATL.FELTRE,8 se- 2,Feltre,2022-04-27,https://www.fidal.it/atleta/DE-BARBA-Costantino/eKmRlJmlbmc%3D,https://www.fidal.it/societa/ANA-ATL-FELTRE/BL012
87.0,736.52,12:16.52,e,PIU Andrea,1974,SM50,ANA ATL.FELTRE,15 su- 1,Feltre,2024-08-28,https://www.fidal.it/atleta/PIU-Andrea/eKmRlJqlbWs%3D,https://www.fidal.it/societa/ANA-ATL-FELTRE/BL012
58.0,755.35,12:35.1,m,MOINO Alessandro,1974,SM45,ANA ATL.FELTRE,14 se- 2,Feltre,2021-06-16,https://www.fidal.it/atleta/MOINO-Alessandro/eKmRlJmkcWU%3D,https://www.fidal.it/societa/ANA-ATL-FELTRE/BL012
53.0,759.05,12:38.8,m,PIAZZA Fabio,1982,SM40,ANA ATL.FELTRE,8 se- 2,Belluno,2023-04-26,https://www.fidal.it/atleta/PIAZZA-Fabio/eKmRlJeoaWY%3D,https://www.fidal.it/societa/ANA-ATL-FELTRE/BL012
50.0,761.55,12:41.3,m,PIAZZA Fabio,1982,SM40,ANA ATL.FELTRE,16 se- 1,Borgo Valbelluna,2023-06-21,https://www.fidal.it/atleta/PIAZZA-Fabio/eKmRlJeoaWY%3D,https://www.fidal.it/societa/ANA-ATL-FELTRE/BL012
43.0,766.95,12:46.7,m,PIAZZA Fabio,1982,SM40,ANA ATL.FELTRE,9 se- 2,Feltre,2022-04-27,https://www.fidal.it/atleta/PIAZZA-Fabio/eKmRlJeoaWY%3D,https://www.fidal.it/societa/ANA-ATL-FELTRE/BL012
,846.05,14:05.8,m,PIAZZA Fabio,1982,SM35,ANA ATL.FELTRE,15 se- 2,Feltre,2021-06-16,https://www.fidal.it/atleta/PIAZZA-Fabio/eKmRlJeoaWY%3D,https://www.fidal.it/societa/ANA-ATL-FELTRE/BL012
