punteggio,prestazione,tempo,cronometraggio,atleta,anno,categoria,società,posizione,luogo,data,link_atleta,link_società
937,40.4,40.40,e,DALLO Francesca,1990,CF,ANA ATL.FELTRE,2 se- 1,Fidenza,2005-06-19,https://www.fidal.it/atleta/DALLO-Francesca/eKiRlZSfamQ%3D,https://www.fidal.it/societa/ANA-ATL-FELTRE/BL012
935,40.45,40.2,m,DALLO Francesca,1990,CF,ANA ATL.FELTRE,1 se- 1,Verona,2005-06-02,https://www.fidal.it/atleta/DALLO-Francesca/eKiRlZSfamQ%3D,https://www.fidal.it/societa/ANA-ATL-FELTRE/BL012
933,40.49,40.49,e,DALLO Francesca,1990,CF,ANA ATL.FELTRE,3 se- 4,Bisceglie,2005-10-07,https://www.fidal.it/atleta/DALLO-Francesca/eKiRlZSfamQ%3D,https://www.fidal.it/societa/ANA-ATL-FELTRE/BL012
879,41.55,41.3,m,DALLO Francesca,1990,CF,ANA ATL.FELTRE,1 se- 1,Tezze Sul Brenta,2005-09-18,https://www.fidal.it/atleta/DALLO-Francesca/eKiRlZSfamQ%3D,https://www.fidal.it/societa/ANA-ATL-FELTRE/BL012
878,41.58,41.58,e,GIUSTI Lovely,2009,CF,ANA ATL.FELTRE,1 se- 2,San Biagio Di Callalta,2024-05-19,https://www.fidal.it/atleta/GIUSTI-Lovely/eKmRlJiiaWg%3D,https://www.fidal.it/societa/ANA-ATL-FELTRE/BL012
877,41.59,41.59,e,GIUSTI Lovely,2009,CF,ANA ATL.FELTRE,4 se- 1,Vittorio Veneto,2024-09-22,https://www.fidal.it/atleta/GIUSTI-Lovely/eKmRlJiiaWg%3D,https://www.fidal.it/societa/ANA-ATL-FELTRE/BL012
877,35.3,35.30,e,SIRAGNA Lorenzo,2001,JM,ANA ATL.FELTRE,2 se- 1,Rovereto,2019-04-14,https://www.fidal.it/atleta/SIRAGNA-Lorenzo/eKmRlJahbmY%3D,https://www.fidal.it/societa/ANA-ATL-FELTRE/BL012
874,41.65,41.4,m,DALLO Francesca,1990,CF,ANA ATL.FELTRE,1 se- 1,Cassola,2005-04-30,https://www.fidal.it/atleta/DALLO-Francesca/eKiRlZSfamQ%3D,https://www.fidal.it/societa/ANA-ATL-FELTRE/BL012
869,41.75,41.5,m,GIUSTI Lovely,2009,CF,ANA ATL.FELTRE,1 se- 1,Borgo Valbelluna,2024-06-16,https://www.fidal.it/atleta/GIUSTI-Lovely/eKmRlJiiaWg%3D,https://www.fidal.it/societa/ANA-ATL-FELTRE/BL012
850,42.15,41.9,m,DALLO Francesca,1990,CF,ANA ATL.FELTRE,1 se- 2,Belluno,2005-04-23,https://www.fidal.it/atleta/DALLO-Francesca/eKiRlZSfamQ%3D,https://www.fidal.it/societa/ANA-ATL-FELTRE/BL012
842,42.31,42.31,e,SCHENAL Anna,2004,CF,ANA ATL.FELTRE,2 se- 1,Bovolone,2019-09-22,https://www.fidal.it/atleta/SCHENAL-Anna/eKmRlJajbWs%3D,https://www.fidal.it/societa/ANA-ATL-FELTRE/BL012
833,35.86,35.86,e,MANISCALCHI Stefano,1990,PM,ANA ATL.FELTRE,1 se- 9,Conegliano,2010-04-10,https://www.fidal.it/atleta/MANISCALCHI-Stefano/eKiRlZKia2s%3D,https://www.fidal.it/societa/ANA-ATL-FELTRE/BL012
833,42.5,42.50,e,SCHENAL Anna,2004,CF,ANA ATL.FELTRE,2 se- 1,Bassano Del Grappa,2019-05-26,https://www.fidal.it/atleta/SCHENAL-Anna/eKmRlJajbWs%3D,https://www.fidal.it/societa/ANA-ATL-FELTRE/BL012
827,35.93,35.93,e,ZANDOMENEGHI Marco,1997,PM,ANA ATL.FELTRE,4 se- 1,Rovereto,2017-04-22,https://www.fidal.it/atleta/ZANDOMENEGHI-Marco/eKmRlJWjb2o%3D,https://www.fidal.it/societa/ANA-ATL-FELTRE/BL012
826,35.95,35.7,m,TIREL Enrico,1993,AM,ANA ATL.FELTRE,1 se- 1,Belluno,2010-10-16,https://www.fidal.it/atleta/TIREL-Enrico/eKmRlJOjaGg%3D,https://www.fidal.it/societa/ANA-ATL-FELTRE/BL012
825,42.65,42.4,m,GIUSTI Lovely,2009,CF,ANA ATL.FELTRE,1 se- 1,Borgo Valbelluna,2023-06-21,https://www.fidal.it/atleta/GIUSTI-Lovely/eKmRlJiiaWg%3D,https://www.fidal.it/societa/ANA-ATL-FELTRE/BL012
811,42.95,42.7,m,GIUSTI Lovely,2009,CF,ANA ATL.FELTRE,1 se- 1,Agordo,2023-05-27,https://www.fidal.it/atleta/GIUSTI-Lovely/eKmRlJiiaWg%3D,https://www.fidal.it/societa/ANA-ATL-FELTRE/BL012
810,36.15,35.9,m,ZANDOMENEGHI Marco,1997,PM,ANA ATL.FELTRE,1 se- 1,Feltre,2017-10-14,https://www.fidal.it/atleta/ZANDOMENEGHI-Marco/eKmRlJWjb2o%3D,https://www.fidal.it/societa/ANA-ATL-FELTRE/BL012
803,36.25,36.0,m,MANISCALCHI Stefano,1990,JM,ANA ATL.FELTRE,2 se- 1,Belluno,2008-10-18,https://www.fidal.it/atleta/MANISCALCHI-Stefano/eKiRlZKia2s%3D,https://www.fidal.it/societa/ANA-ATL-FELTRE/BL012
795,36.35,36.1,m,VELLO Michele,1997,PM,ANA ATL.FELTRE,2 se- 1,Feltre,2017-10-14,https://www.fidal.it/atleta/VELLO-Michele/eKmRlJSkb2U%3D,https://www.fidal.it/societa/ANA-ATL-FELTRE/BL012
787,43.45,43.2,m,SCHENAL Anna,2004,CF,ANA ATL.FELTRE,1 se- 1,Agordo,2019-09-15,https://www.fidal.it/atleta/SCHENAL-Anna/eKmRlJajbWs%3D,https://www.fidal.it/societa/ANA-ATL-FELTRE/BL012
787,43.45,43.2,m,FANTINEL Ilaria,1998,CF,ANA ATL.FELTRE,1 se- 1,Belluno,2013-05-12,https://www.fidal.it/atleta/FANTINEL-Ilaria/eKmRlJWlbWU%3D,https://www.fidal.it/societa/ANA-ATL-FELTRE/BL012
780,36.55,36.3,m,ZANDOMENEGHI Marco,1997,AM,ANA ATL.FELTRE,2 se- 1,Agordo,2014-10-18,https://www.fidal.it/atleta/ZANDOMENEGHI-Marco/eKmRlJWjb2o%3D,https://www.fidal.it/societa/ANA-ATL-FELTRE/BL012
772,36.65,36.4,m,SIRAGNA Lorenzo,2001,AM,ANA ATL.FELTRE,1 su- 1,Feltre,2018-03-24,https://www.fidal.it/atleta/SIRAGNA-Lorenzo/eKmRlJahbmY%3D,https://www.fidal.it/societa/ANA-ATL-FELTRE/BL012
772,43.78,43.78,e,BARP Anna asia,2004,CF,ANA ATL.FELTRE,1 se- 3,Bovolone,2019-09-22,https://www.fidal.it/atleta/BARP-Anna-asia/eKmRlJekb2c%3D,https://www.fidal.it/societa/ANA-ATL-FELTRE/BL012
772,36.65,36.4,m,ZIVOJINOVIC Milan,2001,JM,ANA ATL.FELTRE,1 se- 1,Belluno,2019-10-19,https://www.fidal.it/atleta/ZIVOJINOVIC-Milan/eK6Rkpqja2c%3D,https://www.fidal.it/societa/ANA-ATL-FELTRE/BL012
772,36.65,36.4,m,COSTA Edgard,1999,JM,ANA ATL.FELTRE,3 se- 1,Feltre,2017-10-14,https://www.fidal.it/atleta/COSTA-Edgard/eKmRlJSjbmo%3D,https://www.fidal.it/societa/ANA-ATL-FELTRE/BL012
765,36.75,36.5,m,ZANDOMENEGHI Marco,1997,PM,ANA ATL.FELTRE,2 su- 1,Feltre,2018-03-24,https://www.fidal.it/atleta/ZANDOMENEGHI-Marco/eKmRlJWjb2o%3D,https://www.fidal.it/societa/ANA-ATL-FELTRE/BL012
764,43.95,43.7,m,ZAETTA Chiara,1992,CF,ANA ATL.FELTRE,2 se- 1,Longarone,2007-05-12,https://www.fidal.it/atleta/ZAETTA-Chiara/eKmRlJKmbWk%3D,https://www.fidal.it/societa/ANA-ATL-FELTRE/BL012
764,43.95,43.7,m,SCHENAL Anna,2004,CF,ANA ATL.FELTRE,1 se- 2,Domegge Di Cadore,2019-04-13,https://www.fidal.it/atleta/SCHENAL-Anna/eKmRlJajbWs%3D,https://www.fidal.it/societa/ANA-ATL-FELTRE/BL012
757,36.85,36.6,m,ZABOT Julian,2002,AM,ANA ATL.FELTRE,2 se- 1,Belluno,2019-10-19,https://www.fidal.it/atleta/ZABOT-Julian/eKmRlJelbGY%3D,https://www.fidal.it/societa/ANA-ATL-FELTRE/BL012
754,44.18,44.18,e,BARP Anna asia,2004,CF,ANA ATL.FELTRE,3 se- 1,Verona,2019-06-08,https://www.fidal.it/atleta/BARP-Anna-asia/eKmRlJekb2c%3D,https://www.fidal.it/societa/ANA-ATL-FELTRE/BL012
750,44.25,44.0,m,GIUSTI Lovely,2009,CF,ANA ATL.FELTRE,1 se- 2,Domegge Di Cadore,2023-04-22,https://www.fidal.it/atleta/GIUSTI-Lovely/eKmRlJiiaWg%3D,https://www.fidal.it/societa/ANA-ATL-FELTRE/BL012
750,36.95,36.7,m,SIRAGNA Lorenzo,2001,AM,ANA ATL.FELTRE,1 se- 2,Feltre,2017-10-14,https://www.fidal.it/atleta/SIRAGNA-Lorenzo/eKmRlJahbmY%3D,https://www.fidal.it/societa/ANA-ATL-FELTRE/BL012
743,37.05,36.8,m,DALLA SEGA Davide,1999,JM,ANA ATL.FELTRE,4 se- 1,Feltre,2017-10-14,https://www.fidal.it/atleta/DALLA-SEGA-Davide/eKmRlJala2c%3D,https://www.fidal.it/societa/ANA-ATL-FELTRE/BL012
737,44.55,44.3,m,FANTINEL Ilaria,1998,CF,ANA ATL.FELTRE,2 se- 1,Feltre,2012-05-20,https://www.fidal.it/atleta/FANTINEL-Ilaria/eKmRlJWlbWU%3D,https://www.fidal.it/societa/ANA-ATL-FELTRE/BL012
737,44.55,44.3,m,ZATTA Alessia,1993,CF,ANA ATL.FELTRE,1 su- 1,Longarone,2008-05-25,https://www.fidal.it/atleta/ZATTA-Alessia/eKmRlJOhbWk%3D,https://www.fidal.it/societa/ANA-ATL-FELTRE/BL012
735,37.15,36.9,m,ZABOT Julian,2002,CM,ANA ATL.FELTRE,1 se- 1,Feltre,2017-10-14,https://www.fidal.it/atleta/ZABOT-Julian/eKmRlJelbGY%3D,https://www.fidal.it/societa/ANA-ATL-FELTRE/BL012
733,44.64,44.64,e,TURRIN Lucia,2009,CF,ANA ATL.FELTRE,1 se- 1,San Biagio Di Callalta,2023-05-21,https://www.fidal.it/atleta/TURRIN-Lucia/eKmRlJiibGo%3D,https://www.fidal.it/societa/ANA-ATL-FELTRE/BL012
732,44.65,44.4,m,BARP Anna asia,2004,CF,ANA ATL.FELTRE,1 se- 1,Domegge Di Cadore,2019-04-13,https://www.fidal.it/atleta/BARP-Anna-asia/eKmRlJekb2c%3D,https://www.fidal.it/societa/ANA-ATL-FELTRE/BL012
732,44.65,44.4,m,TURRIN Lucia,2009,CF,ANA ATL.FELTRE,2 se- 1,Agordo,2023-05-27,https://www.fidal.it/atleta/TURRIN-Lucia/eKmRlJiibGo%3D,https://www.fidal.it/societa/ANA-ATL-FELTRE/BL012
728,37.25,37.25,e,ZANDOMENEGHI Marco,1997,PM,ANA ATL.FELTRE,5 se- 1,Rovereto,2019-04-14,https://www.fidal.it/atleta/ZANDOMENEGHI-Marco/eKmRlJWjb2o%3D,https://www.fidal.it/societa/ANA-ATL-FELTRE/BL012
723,44.85,44.6,m,ZAETTA Chiara,1992,CF,ANA ATL.FELTRE,3 se- 1,Abano Terme,2006-06-11,https://www.fidal.it/atleta/ZAETTA-Chiara/eKmRlJKmbWk%3D,https://www.fidal.it/societa/ANA-ATL-FELTRE/BL012
721,37.35,37.1,m,ZABOT Julian,2002,AM,ANA ATL.FELTRE,3 su- 1,Feltre,2018-03-24,https://www.fidal.it/atleta/ZABOT-Julian/eKmRlJelbGY%3D,https://www.fidal.it/societa/ANA-ATL-FELTRE/BL012
719,37.37,37.37,e,ZABOT Julian,2002,CM,ANA ATL.FELTRE,3 fi- 2,Cles,2017-10-08,https://www.fidal.it/atleta/ZABOT-Julian/eKmRlJelbGY%3D,https://www.fidal.it/societa/ANA-ATL-FELTRE/BL012
714,45.05,44.8,m,BASSANI Hilary,1992,CF,ANA ATL.FELTRE,2 se- 1,Belluno,2006-06-21,https://www.fidal.it/atleta/BASSANI-Hilary/eKmRlJKmbWs%3D,https://www.fidal.it/societa/ANA-ATL-FELTRE/BL012
713,37.45,37.45,e,ZANDOMENEGHI Marco,1997,CM,ANA ATL.FELTRE,2 se- 9,Marostica,2012-09-23,https://www.fidal.it/atleta/ZANDOMENEGHI-Marco/eKmRlJWjb2o%3D,https://www.fidal.it/societa/ANA-ATL-FELTRE/BL012
713,37.46,37.46,e,ZABOT Julian,2002,CM,ANA ATL.FELTRE,3 ba- 1,Cles,2017-10-07,https://www.fidal.it/atleta/ZABOT-Julian/eKmRlJelbGY%3D,https://www.fidal.it/societa/ANA-ATL-FELTRE/BL012
713,37.45,37.2,m,ZABOT Julian,2002,CM,ANA ATL.FELTRE,1 se- 1,S.giuseppe Di Cassola,2017-09-06,https://www.fidal.it/atleta/ZABOT-Julian/eKmRlJelbGY%3D,https://www.fidal.it/societa/ANA-ATL-FELTRE/BL012
713,37.45,37.2,m,VELLO Michele,1997,AM,ANA ATL.FELTRE,4 se- 1,Agordo,2014-10-18,https://www.fidal.it/atleta/VELLO-Michele/eKmRlJSkb2U%3D,https://www.fidal.it/societa/ANA-ATL-FELTRE/BL012
706,37.55,37.3,m,MANISCALCHI Stefano,1990,PM,ANA ATL.FELTRE,3 se- 1,Belluno,2010-10-16,https://www.fidal.it/atleta/MANISCALCHI-Stefano/eKiRlZKia2s%3D,https://www.fidal.it/societa/ANA-ATL-FELTRE/BL012
705,45.25,45.0,m,DALLA SANTA Angela,1999,JF,ANA ATL.FELTRE,1 su- 1,Feltre,2018-03-24,https://www.fidal.it/atleta/DALLA-SANTA-Angela/eKmRlJifcWs%3D,https://www.fidal.it/societa/ANA-ATL-FELTRE/BL012
705,45.25,45.0,m,COLUSSI Ilary,2006,CF,ANA ATL.FELTRE,3 se- 1,Alpago,2021-09-25,https://www.fidal.it/atleta/COLUSSI-Ilary/eKmRlJeob2w%3D,https://www.fidal.it/societa/ANA-ATL-FELTRE/BL012
705,37.56,37.56,e,POLESANA Filippo,2000,SM,ANA ATL.FELTRE,1 se- 2,Rovereto,2024-04-14,https://www.fidal.it/atleta/POLESANA-Filippo/eKmRlJSobGY%3D,https://www.fidal.it/societa/ANA-ATL-FELTRE/BL012
705,45.25,45.0,m,ZAETTA Chiara,1992,CF,ANA ATL.FELTRE,1 se- 1,Belluno,2007-04-21,https://www.fidal.it/atleta/ZAETTA-Chiara/eKmRlJKmbWk%3D,https://www.fidal.it/societa/ANA-ATL-FELTRE/BL012
704,45.27,45.27,e,COLUSSI Ilary,2006,CF,ANA ATL.FELTRE,4 se- 3,Verona,2021-06-02,https://www.fidal.it/atleta/COLUSSI-Ilary/eKmRlJeob2w%3D,https://www.fidal.it/societa/ANA-ATL-FELTRE/BL012
701,45.35,45.1,m,COLUSSI Ilary,2006,CF,ANA ATL.FELTRE,3 se- 1,Borgo Valbelluna,2021-09-01,https://www.fidal.it/atleta/COLUSSI-Ilary/eKmRlJeob2w%3D,https://www.fidal.it/societa/ANA-ATL-FELTRE/BL012
699,45.39,45.39,e,ZAETTA Chiara,1992,CF,ANA ATL.FELTRE,5 se- 2,Fidenza,2006-06-18,https://www.fidal.it/atleta/ZAETTA-Chiara/eKmRlJKmbWk%3D,https://www.fidal.it/societa/ANA-ATL-FELTRE/BL012
698,37.67,37.67,e,ZABOT Julian,2002,CM,ANA ATL.FELTRE,3 se- 1,Caprino Veronese,2017-09-24,https://www.fidal.it/atleta/ZABOT-Julian/eKmRlJelbGY%3D,https://www.fidal.it/societa/ANA-ATL-FELTRE/BL012
698,45.4,45.40,e,TURRIN Lucia,2009,CF,ANA ATL.FELTRE,5 se- 8,Montebelluna,2023-07-13,https://www.fidal.it/atleta/TURRIN-Lucia/eKmRlJiibGo%3D,https://www.fidal.it/societa/ANA-ATL-FELTRE/BL012
692,45.54,45.54,e,FACCHIN Alessia,1993,CF,ANA ATL.FELTRE,1 se- 2,Mogliano Veneto,2007-09-30,https://www.fidal.it/atleta/FACCHIN-Alessia/eKmRlJKna2g%3D,https://www.fidal.it/societa/ANA-ATL-FELTRE/BL012
692,45.55,45.3,m,VALENTE Erika,1990,CF,ANA ATL.FELTRE,3 su- 1,Longarone,2005-06-22,https://www.fidal.it/atleta/VALENTE-Erika/eKiRlZSfaWU%3D,https://www.fidal.it/societa/ANA-ATL-FELTRE/BL012
687,45.65,45.4,m,FANTINEL Ilaria,1998,CF,ANA ATL.FELTRE,1 se- 2,Belluno,2012-08-29,https://www.fidal.it/atleta/FANTINEL-Ilaria/eKmRlJWlbWU%3D,https://www.fidal.it/societa/ANA-ATL-FELTRE/BL012
685,37.85,37.6,m,POLESANA Filippo,2000,SM,ANA ATL.FELTRE,3 se- 2,Borgo Valbelluna,2023-06-21,https://www.fidal.it/atleta/POLESANA-Filippo/eKmRlJSobGY%3D,https://www.fidal.it/societa/ANA-ATL-FELTRE/BL012
684,45.74,45.74,e,FANTINEL Matilde,2010,CF,ANA ATL.FELTRE,2 se- 5,Brugnera,2024-07-13,https://www.fidal.it/atleta/FANTINEL-Matilde/eKmRlJmnbWY%3D,https://www.fidal.it/societa/ANA-ATL-FELTRE/BL012
684,45.72,45.72,e,ZINGALE Caterina,1998,CF,ANA ATL.FELTRE,3 se- 4,Bassano Del Grappa,2013-06-02,https://www.fidal.it/atleta/ZINGALE-Caterina/eKmRlJSha2w%3D,https://www.fidal.it/societa/ANA-ATL-FELTRE/BL012
683,45.75,45.5,m,ZINGALE Caterina,1998,CF,ANA ATL.FELTRE,3 se- 1,Belluno,2013-05-12,https://www.fidal.it/atleta/ZINGALE-Caterina/eKmRlJSha2w%3D,https://www.fidal.it/societa/ANA-ATL-FELTRE/BL012
681,45.8,45.80,e,ZATTA Alessia,1993,CF,ANA ATL.FELTRE,6 se- 1,Verona,2008-06-02,https://www.fidal.it/atleta/ZATTA-Alessia/eKmRlJOhbWk%3D,https://www.fidal.it/societa/ANA-ATL-FELTRE/BL012
678,37.95,37.7,m,SCOPEL Simone,2006,JM,ANA ATL.FELTRE,1 su- 1,Belluno,2024-04-06,https://www.fidal.it/atleta/SCOPEL-Simone/eKmRlJeocGU%3D,https://www.fidal.it/societa/ANA-ATL-FELTRE/BL012
674,45.95,45.7,m,FACCHIN Alessia,1993,CF,ANA ATL.FELTRE,1 se- 1,Belluno,2008-10-18,https://www.fidal.it/atleta/FACCHIN-Alessia/eKmRlJKna2g%3D,https://www.fidal.it/societa/ANA-ATL-FELTRE/BL012
672,38.03,38.03,e,ZABOT Julian,2002,CM,ANA ATL.FELTRE,4 se- 1,Vicenza,2017-06-04,https://www.fidal.it/atleta/ZABOT-Julian/eKmRlJelbGY%3D,https://www.fidal.it/societa/ANA-ATL-FELTRE/BL012
671,46.03,46.03,e,COLUSSI Ilary,2006,CF,ANA ATL.FELTRE,4 se- 4,Vittorio Veneto,2021-09-19,https://www.fidal.it/atleta/COLUSSI-Ilary/eKmRlJeob2w%3D,https://www.fidal.it/societa/ANA-ATL-FELTRE/BL012
670,46.05,45.8,m,COLUSSI Ilary,2006,CF,ANA ATL.FELTRE,4 se- 1,Domegge Di Cadore,2021-07-10,https://www.fidal.it/atleta/COLUSSI-Ilary/eKmRlJeob2w%3D,https://www.fidal.it/societa/ANA-ATL-FELTRE/BL012
670,46.05,45.8,m,BASSANI Rossella,1996,CF,ANA ATL.FELTRE,2 se- 2,Feltre,2011-06-01,https://www.fidal.it/atleta/BASSANI-Rossella/eKmRlJSkcWo%3D,https://www.fidal.it/societa/ANA-ATL-FELTRE/BL012
670,46.05,45.8,m,COLUSSI Ilary,2006,AF,ANA ATL.FELTRE,1 se- 1,Feltre,2022-04-13,https://www.fidal.it/atleta/COLUSSI-Ilary/eKmRlJeob2w%3D,https://www.fidal.it/societa/ANA-ATL-FELTRE/BL012
669,38.08,38.08,e,BARBANTE Lorenzo,1995,CM,ANA ATL.FELTRE,1 se- 1,Rovigo,2010-06-06,https://www.fidal.it/atleta/BARBANTE-Lorenzo/eKmRlJOnbms%3D,https://www.fidal.it/societa/ANA-ATL-FELTRE/BL012
666,46.15,45.9,m,BERTONI Alessandra,1991,CF,ANA ATL.FELTRE,5 se- 1,Bassano Del Grappa,2005-10-15,https://www.fidal.it/atleta/BERTONI-Alessandra/eKmRlJKlamw%3D,https://www.fidal.it/societa/ANA-ATL-FELTRE/BL012
664,38.15,37.9,m,MANISCALCHI Stefano,1990,JM,ANA ATL.FELTRE,1 se- 1,Belluno,2009-10-17,https://www.fidal.it/atleta/MANISCALCHI-Stefano/eKiRlZKia2s%3D,https://www.fidal.it/societa/ANA-ATL-FELTRE/BL012
664,38.15,37.9,m,ZABOT Julian,2002,CM,ANA ATL.FELTRE,1 se- 1,Agordo,2017-08-30,https://www.fidal.it/atleta/ZABOT-Julian/eKmRlJelbGY%3D,https://www.fidal.it/societa/ANA-ATL-FELTRE/BL012
662,46.24,46.24,e,BASSANI Rossella,1996,CF,ANA ATL.FELTRE,1 se- 3,Feltre,2011-06-18,https://www.fidal.it/atleta/BASSANI-Rossella/eKmRlJSkcWo%3D,https://www.fidal.it/societa/ANA-ATL-FELTRE/BL012
661,46.25,46.0,m,ZATTA Alessia,1993,CF,ANA ATL.FELTRE,3 se- 1,Longarone,2007-05-12,https://www.fidal.it/atleta/ZATTA-Alessia/eKmRlJOhbWk%3D,https://www.fidal.it/societa/ANA-ATL-FELTRE/BL012
661,46.25,46.0,m,DE CARLI Alessandra,2001,AF,ANA ATL.FELTRE,2 se- 2,Feltre,2017-10-14,https://www.fidal.it/atleta/DE-CARLI-Alessandra/eKmRlJalbmo%3D,https://www.fidal.it/societa/ANA-ATL-FELTRE/BL012
661,46.25,46.0,m,BARP Anna asia,2004,CF,ANA ATL.FELTRE,2 se- 1,Agordo,2018-10-06,https://www.fidal.it/atleta/BARP-Anna-asia/eKmRlJekb2c%3D,https://www.fidal.it/societa/ANA-ATL-FELTRE/BL012
659,38.21,38.21,e,BARBANTE Lorenzo,1995,CM,ANA ATL.FELTRE,1 se- 1,Pordenone,2010-10-09,https://www.fidal.it/atleta/BARBANTE-Lorenzo/eKmRlJOnbms%3D,https://www.fidal.it/societa/ANA-ATL-FELTRE/BL012
658,38.23,38.23,e,PARANI Aire,1994,CM,ANA ATL.FELTRE,3 se- 1,Vicenza,2009-06-07,https://www.fidal.it/atleta/PARANI-Aire/eKmRlJSgaWo%3D,https://www.fidal.it/societa/ANA-ATL-FELTRE/BL012
657,38.25,38.0,m,PARANI Aire,1994,CM,ANA ATL.FELTRE,1 se- 1,Feltre,2009-08-26,https://www.fidal.it/atleta/PARANI-Aire/eKmRlJSgaWo%3D,https://www.fidal.it/societa/ANA-ATL-FELTRE/BL012
653,46.44,46.44,e,D'ALBERTO Arianna,2000,CF,ANA ATL.FELTRE,2 se- 4,San Giovanni Lupatoto,2014-07-05,https://www.fidal.it/atleta/D-ALBERTO-Arianna/eKmRlJWmaGs%3D,https://www.fidal.it/societa/ANA-ATL-FELTRE/BL012
653,46.45,46.2,m,ZINGALE Caterina,1998,CF,ANA ATL.FELTRE,2 se- 2,Belluno,2013-05-04,https://www.fidal.it/atleta/ZINGALE-Caterina/eKmRlJSha2w%3D,https://www.fidal.it/societa/ANA-ATL-FELTRE/BL012
650,38.35,38.1,m,COLLE Nicola,1996,CM,ANA ATL.FELTRE,2 se- 4,Belluno,2011-10-15,https://www.fidal.it/atleta/COLLE-Nicola/eKmRlJSla2o%3D,https://www.fidal.it/societa/ANA-ATL-FELTRE/BL012
650,38.34,38.34,e,ZANDOMENEGHI Marco,1997,CM,ANA ATL.FELTRE,3 se- 1,Rossano Veneto,2012-09-02,https://www.fidal.it/atleta/ZANDOMENEGHI-Marco/eKmRlJWjb2o%3D,https://www.fidal.it/societa/ANA-ATL-FELTRE/BL012
650,38.35,38.1,m,ZABOT Julian,2002,CM,ANA ATL.FELTRE,1 se- 1,Belluno,2017-04-30,https://www.fidal.it/atleta/ZABOT-Julian/eKmRlJelbGY%3D,https://www.fidal.it/societa/ANA-ATL-FELTRE/BL012
649,46.55,46.3,m,VALENTE Erika,1990,CF,ANA ATL.FELTRE,2 su- 1,Longarone,2005-05-08,https://www.fidal.it/atleta/VALENTE-Erika/eKiRlZSfaWU%3D,https://www.fidal.it/societa/ANA-ATL-FELTRE/BL012
640,46.75,46.5,m,COLUSSI Ilary,2006,CF,ANA ATL.FELTRE,2 se- 1,Agordo,2020-09-12,https://www.fidal.it/atleta/COLUSSI-Ilary/eKmRlJeob2w%3D,https://www.fidal.it/societa/ANA-ATL-FELTRE/BL012
640,46.75,46.5,m,ZATTA Alessia,1993,CF,ANA ATL.FELTRE,1 se- 2,Belluno,2007-04-21,https://www.fidal.it/atleta/ZATTA-Alessia/eKmRlJOhbWk%3D,https://www.fidal.it/societa/ANA-ATL-FELTRE/BL012
640,46.75,46.5,m,FACCHIN Alessia,1993,CF,ANA ATL.FELTRE,2 se- 1,Belluno,2008-08-26,https://www.fidal.it/atleta/FACCHIN-Alessia/eKmRlJKna2g%3D,https://www.fidal.it/societa/ANA-ATL-FELTRE/BL012
636,46.85,46.6,m,ZATTA Alessia,1993,CF,ANA ATL.FELTRE,6 se- 1,Mogliano Veneto,2008-09-28,https://www.fidal.it/atleta/ZATTA-Alessia/eKmRlJOhbWk%3D,https://www.fidal.it/societa/ANA-ATL-FELTRE/BL012
633,38.6,38.60,e,COSTA Edgard,1999,CM,ANA ATL.FELTRE,1 se- 1,San Giovanni Lupatoto,2014-07-05,https://www.fidal.it/atleta/COSTA-Edgard/eKmRlJSjbmo%3D,https://www.fidal.it/societa/ANA-ATL-FELTRE/BL012
632,46.95,46.7,m,BERTONI Alessandra,1991,CF,ANA ATL.FELTRE,2 se- 2,Belluno,2005-04-23,https://www.fidal.it/atleta/BERTONI-Alessandra/eKmRlJKlamw%3D,https://www.fidal.it/societa/ANA-ATL-FELTRE/BL012
632,46.95,46.7,m,COLUSSI Ilary,2006,CF,ANA ATL.FELTRE,3 se- 1,Domegge Di Cadore,2021-05-15,https://www.fidal.it/atleta/COLUSSI-Ilary/eKmRlJeob2w%3D,https://www.fidal.it/societa/ANA-ATL-FELTRE/BL012
632,46.95,46.95,e,CRIVELLER Ilaria,1995,CF,ANA ATL.FELTRE,3 se- 4,Rovigo,2010-06-06,https://www.fidal.it/atleta/CRIVELLER-Ilaria/eKmRlJOmbGk%3D,https://www.fidal.it/societa/ANA-ATL-FELTRE/BL012
631,46.97,46.97,e,TURRIN Lucia,2009,CF,ANA ATL.FELTRE,1 se- 6,Sacile,2024-06-29,https://www.fidal.it/atleta/TURRIN-Lucia/eKmRlJiibGo%3D,https://www.fidal.it/societa/ANA-ATL-FELTRE/BL012
629,38.65,38.4,m,MAHJOUBI Amir mattia,2000,AM,ANA ATL.FELTRE,3 se- 2,Feltre,2017-10-14,https://www.fidal.it/atleta/MAHJOUBI-Amir-mattia/eKmRlJWoaGo%3D,https://www.fidal.it/societa/ANA-ATL-FELTRE/BL012
629,38.65,38.4,m,ZABOT Julian,2002,CM,ANA ATL.FELTRE,1 se- 1,Vallesella,2017-05-13,https://www.fidal.it/atleta/ZABOT-Julian/eKmRlJelbGY%3D,https://www.fidal.it/societa/ANA-ATL-FELTRE/BL012
629,38.65,38.4,m,DAL SASSO Alberto,1998,CM,ANA ATL.FELTRE,1 se- 2,Belluno,2013-05-12,https://www.fidal.it/atleta/DAL-SASSO-Alberto/eKmRlJWfbGs%3D,https://www.fidal.it/societa/ANA-ATL-FELTRE/BL012
629,38.65,38.4,m,DAL SASSO Alberto,1998,CM,ANA ATL.FELTRE,1 se- 1,Feltre,2013-08-28,https://www.fidal.it/atleta/DAL-SASSO-Alberto/eKmRlJWfbGs%3D,https://www.fidal.it/societa/ANA-ATL-FELTRE/BL012
629,38.65,38.4,m,ZABOT Julian,2002,CM,ANA ATL.FELTRE,1 se- 1,Vallesella Di Cadore,2017-05-13,https://www.fidal.it/atleta/ZABOT-Julian/eKmRlJelbGY%3D,https://www.fidal.it/societa/ANA-ATL-FELTRE/BL012
628,38.67,38.67,e,BARBANTE Lorenzo,1995,CM,ANA ATL.FELTRE,3 se- 2,Fidenza,2010-06-13,https://www.fidal.it/atleta/BARBANTE-Lorenzo/eKmRlJOnbms%3D,https://www.fidal.it/societa/ANA-ATL-FELTRE/BL012
626,47.09,47.09,e,FILOSA Annalisa,1999,CF,ANA ATL.FELTRE,3 se- 4,San Giovanni Lupatoto,2014-07-05,https://www.fidal.it/atleta/FILOSA-Annalisa/eKmRlJSjb2w%3D,https://www.fidal.it/societa/ANA-ATL-FELTRE/BL012
624,47.14,47.14,e,CASSOL Anita,2005,CF,ANA ATL.FELTRE,3 se- 5,Vittorio Veneto,2020-09-20,https://www.fidal.it/atleta/CASSOL-Anita/eKmRlJWjbGY%3D,https://www.fidal.it/societa/ANA-ATL-FELTRE/BL012
623,47.15,46.9,m,CASSOL Anita,2005,CF,ANA ATL.FELTRE,3 se- 1,Agordo,2020-09-12,https://www.fidal.it/atleta/CASSOL-Anita/eKmRlJWjbGY%3D,https://www.fidal.it/societa/ANA-ATL-FELTRE/BL012
622,38.75,38.5,m,MAHJOUBI Amir mattia,2000,JM,ANA ATL.FELTRE,4 su- 1,Feltre,2018-03-24,https://www.fidal.it/atleta/MAHJOUBI-Amir-mattia/eKmRlJWoaGo%3D,https://www.fidal.it/societa/ANA-ATL-FELTRE/BL012
622,47.19,47.19,e,DAVID Giovanna,2007,CF,ANA ATL.FELTRE,1 se- 2,Feltre,2022-06-08,https://www.fidal.it/atleta/DAVID-Giovanna/eKmRlJijb2U%3D,https://www.fidal.it/societa/ANA-ATL-FELTRE/BL012
619,47.25,47.0,m,BASSANI Rossella,1996,CF,ANA ATL.FELTRE,4 se- 2,Belluno,2011-09-03,https://www.fidal.it/atleta/BASSANI-Rossella/eKmRlJSkcWo%3D,https://www.fidal.it/societa/ANA-ATL-FELTRE/BL012
619,47.25,47.0,m,FANTINEL Ilaria,1998,CF,ANA ATL.FELTRE,2 se- 1,Belluno,2012-05-04,https://www.fidal.it/atleta/FANTINEL-Ilaria/eKmRlJWlbWU%3D,https://www.fidal.it/societa/ANA-ATL-FELTRE/BL012
618,38.81,38.81,e,RIGHES Gabriele,1999,CM,ANA ATL.FELTRE,2 se- 2,Belluno,2014-06-08,https://www.fidal.it/atleta/RIGHES-Gabriele/eKmRlJafaGw%3D,https://www.fidal.it/societa/ANA-ATL-FELTRE/BL012
615,47.35,47.1,m,MOINO Eleonora,2006,CF,ANA ATL.FELTRE,1 se- 4,Domegge Di Cadore,2021-05-15,https://www.fidal.it/atleta/MOINO-Eleonora/eKmRlJiibGg%3D,https://www.fidal.it/societa/ANA-ATL-FELTRE/BL012
615,47.34,47.34,e,SPADA Anna,2007,CF,ANA ATL.FELTRE,2 se- 2,Feltre,2022-06-08,https://www.fidal.it/atleta/SPADA-Anna/eKmRlJmkaWQ%3D,https://www.fidal.it/societa/ANA-ATL-FELTRE/BL012
614,47.37,47.37,e,BASSANI Rossella,1996,CF,ANA ATL.FELTRE,3 se- 5,Rovigo,2010-06-06,https://www.fidal.it/atleta/BASSANI-Rossella/eKmRlJSkcWo%3D,https://www.fidal.it/societa/ANA-ATL-FELTRE/BL012
613,38.89,38.89,e,BARBANTE Lorenzo,1995,CM,ANA ATL.FELTRE,5 se- 1,Mogliano Veneto,2010-09-19,https://www.fidal.it/atleta/BARBANTE-Lorenzo/eKmRlJOnbms%3D,https://www.fidal.it/societa/ANA-ATL-FELTRE/BL012
611,47.45,47.2,m,D'ALBERTO Arianna,2000,CF,ANA ATL.FELTRE,2 se- 2,Feltre,2014-08-28,https://www.fidal.it/atleta/D-ALBERTO-Arianna/eKmRlJWmaGs%3D,https://www.fidal.it/societa/ANA-ATL-FELTRE/BL012
611,47.45,47.2,m,DE CARLI Alessandra,2001,CF,ANA ATL.FELTRE,3 se- 1,Agordo,2016-10-15,https://www.fidal.it/atleta/DE-CARLI-Alessandra/eKmRlJalbmo%3D,https://www.fidal.it/societa/ANA-ATL-FELTRE/BL012
611,47.45,47.2,m,CASSOL Anita,2005,CF,ANA ATL.FELTRE,1 se- 3,Agordo,2019-06-15,https://www.fidal.it/atleta/CASSOL-Anita/eKmRlJWjbGY%3D,https://www.fidal.it/societa/ANA-ATL-FELTRE/BL012
611,47.45,47.2,m,MAHJOUBI Gaia,2004,CF,ANA ATL.FELTRE,4 se- 1,Domegge Di Cadore,2019-04-13,https://www.fidal.it/atleta/MAHJOUBI-Gaia/eKmRlJejamY%3D,https://www.fidal.it/societa/ANA-ATL-FELTRE/BL012
611,47.45,47.2,m,DE CARLI Alessandra,2001,AF,ANA ATL.FELTRE,2 su- 1,Feltre,2018-03-24,https://www.fidal.it/atleta/DE-CARLI-Alessandra/eKmRlJalbmo%3D,https://www.fidal.it/societa/ANA-ATL-FELTRE/BL012
609,38.95,38.7,m,BARBANTE Lorenzo,1995,CM,ANA ATL.FELTRE,1 se- 1,Belluno,2010-10-16,https://www.fidal.it/atleta/BARBANTE-Lorenzo/eKmRlJOnbms%3D,https://www.fidal.it/societa/ANA-ATL-FELTRE/BL012
609,38.95,38.7,m,MANISCALCHI Stefano,1990,CM,ANA ATL.FELTRE,1 se- 1,Marostica,2005-10-02,https://www.fidal.it/atleta/MANISCALCHI-Stefano/eKiRlZKia2s%3D,https://www.fidal.it/societa/ANA-ATL-FELTRE/BL012
606,47.57,47.57,e,SOLAGNA Melissa,1992,CF,ANA ATL.FELTRE,5 se- 2,Verona,2007-06-03,https://www.fidal.it/atleta/SOLAGNA-Melissa/eKmRlJOncGQ%3D,https://www.fidal.it/societa/ANA-ATL-FELTRE/BL012
605,47.6,47.60,e,ANDREOLI Vittoria,2007,CF,ANA ATL.FELTRE,2 se- 1,Feltre,2022-06-08,https://www.fidal.it/atleta/ANDREOLI-Vittoria/eKmRlJmmbWw%3D,https://www.fidal.it/societa/ANA-ATL-FELTRE/BL012
604,39.02,39.02,e,ZANDOMENEGHI Marco,1997,CM,ANA ATL.FELTRE,3 se- 2,Verona,2012-06-03,https://www.fidal.it/atleta/ZANDOMENEGHI-Marco/eKmRlJWjb2o%3D,https://www.fidal.it/societa/ANA-ATL-FELTRE/BL012
604,47.61,47.61,e,BERTELLE Marta,1993,CF,ANA ATL.FELTRE,3 se- 3,Verona,2007-06-03,https://www.fidal.it/atleta/BERTELLE-Marta/eKmRlJOjaGs%3D,https://www.fidal.it/societa/ANA-ATL-FELTRE/BL012
602,39.05,38.8,m,ZANDOMENEGHI Marco,1997,CM,ANA ATL.FELTRE,1 se- 3,Belluno,2012-08-29,https://www.fidal.it/atleta/ZANDOMENEGHI-Marco/eKmRlJWjb2o%3D,https://www.fidal.it/societa/ANA-ATL-FELTRE/BL012
602,47.65,47.4,m,ZATTA Alessia,1993,CF,ANA ATL.FELTRE,3 se- 1,Belluno,2008-10-18,https://www.fidal.it/atleta/ZATTA-Alessia/eKmRlJOhbWk%3D,https://www.fidal.it/societa/ANA-ATL-FELTRE/BL012
602,47.65,47.4,m,ZATTA Alessia,1993,CF,ANA ATL.FELTRE,3 se- 1,Belluno,2008-08-26,https://www.fidal.it/atleta/ZATTA-Alessia/eKmRlJOhbWk%3D,https://www.fidal.it/societa/ANA-ATL-FELTRE/BL012
600,39.09,39.09,e,VELLO Michele,1997,CM,ANA ATL.FELTRE,1 se- 7,Marostica,2012-09-23,https://www.fidal.it/atleta/VELLO-Michele/eKmRlJSkb2U%3D,https://www.fidal.it/societa/ANA-ATL-FELTRE/BL012
598,47.75,47.5,m,DE RIZ Silvia,2008,CF,ANA ATL.FELTRE,5 se- 1,Borgo Valbelluna,2023-06-21,https://www.fidal.it/atleta/DE-RIZ-Silvia/eKmRlJmgaWk%3D,https://www.fidal.it/societa/ANA-ATL-FELTRE/BL012
598,47.75,47.5,m,BASSANI Rossella,1996,CF,ANA ATL.FELTRE,2 se- 1,Belluno,2011-04-17,https://www.fidal.it/atleta/BASSANI-Rossella/eKmRlJSkcWo%3D,https://www.fidal.it/societa/ANA-ATL-FELTRE/BL012
595,47.84,47.84,e,DAVID Giovanna,2007,CF,ANA ATL.FELTRE,1 se- 2,Verona,2022-06-02,https://www.fidal.it/atleta/DAVID-Giovanna/eKmRlJijb2U%3D,https://www.fidal.it/societa/ANA-ATL-FELTRE/BL012
594,47.85,47.6,m,CORRENT Chiara,1999,CF,ANA ATL.FELTRE,3 se- 2,Belluno,2013-05-04,https://www.fidal.it/atleta/CORRENT-Chiara/eKmRlJWhbGQ%3D,https://www.fidal.it/societa/ANA-ATL-FELTRE/BL012
594,47.85,47.6,m,BERTELLE Marta,1993,CF,ANA ATL.FELTRE,5 se- 1,Longarone,2007-05-12,https://www.fidal.it/atleta/BERTELLE-Marta/eKmRlJOjaGs%3D,https://www.fidal.it/societa/ANA-ATL-FELTRE/BL012
594,47.85,47.6,m,DE CARLI Alessandra,2001,CF,ANA ATL.FELTRE,2 se- 2,Feltre,2015-08-26,https://www.fidal.it/atleta/DE-CARLI-Alessandra/eKmRlJalbmo%3D,https://www.fidal.it/societa/ANA-ATL-FELTRE/BL012
593,47.87,47.87,e,DE CARLI Alessandra,2001,CF,ANA ATL.FELTRE,5 se- 4,Rovigo,2016-05-29,https://www.fidal.it/atleta/DE-CARLI-Alessandra/eKmRlJalbmo%3D,https://www.fidal.it/societa/ANA-ATL-FELTRE/BL012
590,47.95,47.7,m,SPADA Stefania,1998,CF,ANA ATL.FELTRE,1 se- 2,Belluno,2013-05-12,https://www.fidal.it/atleta/SPADA-Stefania/eKmRlJOkamU%3D,https://www.fidal.it/societa/ANA-ATL-FELTRE/BL012
590,47.95,47.7,m,GIACOMIN Gaia,2003,AF,ANA ATL.FELTRE,3 se- 3,Rovereto,2019-04-14,https://www.fidal.it/atleta/GIACOMIN-Gaia/eKmRlJinbWM%3D,https://www.fidal.it/societa/ANA-ATL-FELTRE/BL012
590,47.95,47.7,m,ANDREOLI Vittoria,2007,CF,ANA ATL.FELTRE,2 se- 2,Agordo,2022-05-22,https://www.fidal.it/atleta/ANDREOLI-Vittoria/eKmRlJmmbWw%3D,https://www.fidal.it/societa/ANA-ATL-FELTRE/BL012
589,39.25,39.0,m,MANISCALCHI Stefano,1990,CM,ANA ATL.FELTRE,2 se- 1,Cassola,2005-04-30,https://www.fidal.it/atleta/MANISCALCHI-Stefano/eKiRlZKia2s%3D,https://www.fidal.it/societa/ANA-ATL-FELTRE/BL012
589,39.25,39.25,e,SCOPEL Luca,1994,CM,ANA ATL.FELTRE,7 se- 1,Mogliano Veneto,2009-09-20,https://www.fidal.it/atleta/SCOPEL-Luca/eKmRlJOmbWk%3D,https://www.fidal.it/societa/ANA-ATL-FELTRE/BL012
589,47.97,47.97,e,DE RIZ Silvia,2008,CF,ANA ATL.FELTRE,3 se- 1,San Biagio Di Callalta,2023-05-21,https://www.fidal.it/atleta/DE-RIZ-Silvia/eKmRlJmgaWk%3D,https://www.fidal.it/societa/ANA-ATL-FELTRE/BL012
586,48.05,47.8,m,BASSANI Margherita,1997,CF,ANA ATL.FELTRE,4 se- 2,Feltre,2011-06-01,https://www.fidal.it/atleta/BASSANI-Margherita/eKmRlJSlbGo%3D,https://www.fidal.it/societa/ANA-ATL-FELTRE/BL012
586,48.05,47.8,m,PAULETTI Alice,1995,CF,ANA ATL.FELTRE,1 se- 1,Feltre,2009-08-26,https://www.fidal.it/atleta/PAULETTI-Alice/eKmRlJShbmc%3D,https://www.fidal.it/societa/ANA-ATL-FELTRE/BL012
585,48.08,48.08,e,BRANDSTETTER Sofia martina,2010,CF,ANA ATL.FELTRE,1 se- 6,Brugnera,2024-07-13,https://www.fidal.it/atleta/BRANDSTETTER-Sofia-martina/eKmRlJqmbWs%3D,https://www.fidal.it/societa/ANA-ATL-FELTRE/BL012
583,39.35,39.1,m,VELLO Michele,1997,CM,ANA ATL.FELTRE,3 se- 3,Belluno,2012-08-29,https://www.fidal.it/atleta/VELLO-Michele/eKmRlJSkb2U%3D,https://www.fidal.it/societa/ANA-ATL-FELTRE/BL012
582,39.36,39.36,e,BARBANTE Lorenzo,1995,CM,ANA ATL.FELTRE,2 se- 2,Vicenza,2009-06-07,https://www.fidal.it/atleta/BARBANTE-Lorenzo/eKmRlJOnbms%3D,https://www.fidal.it/societa/ANA-ATL-FELTRE/BL012
582,48.15,47.9,m,VALENTE Erika,1990,CF,ANA ATL.FELTRE,4 se- 2,Belluno,2005-04-23,https://www.fidal.it/atleta/VALENTE-Erika/eKiRlZSfaWU%3D,https://www.fidal.it/societa/ANA-ATL-FELTRE/BL012
582,48.15,47.9,m,BORDIN Sara,2007,CF,ANA ATL.FELTRE,2 se- 2,Domegge Di Cadore,2021-05-15,https://www.fidal.it/atleta/BORDIN-Sara/eKyRk5ufcWo%3D,https://www.fidal.it/societa/ANA-ATL-FELTRE/BL012
582,48.15,47.9,m,CRIVELLER Ilaria,1995,CF,ANA ATL.FELTRE,1 se- 1,Longarone,2009-05-10,https://www.fidal.it/atleta/CRIVELLER-Ilaria/eKmRlJOmbGk%3D,https://www.fidal.it/societa/ANA-ATL-FELTRE/BL012
578,48.25,48.0,m,MAHJOUBI Gaia,2004,CF,ANA ATL.FELTRE,1 se- 2,Agordo,2018-08-29,https://www.fidal.it/atleta/MAHJOUBI-Gaia/eKmRlJejamY%3D,https://www.fidal.it/societa/ANA-ATL-FELTRE/BL012
578,39.42,39.42,e,ZABOT Julian,2002,CM,ANA ATL.FELTRE,1 se- 4,Borgoricco,2016-09-25,https://www.fidal.it/atleta/ZABOT-Julian/eKmRlJelbGY%3D,https://www.fidal.it/societa/ANA-ATL-FELTRE/BL012
578,48.25,48.0,m,CORRENT Chiara,1999,CF,ANA ATL.FELTRE,3 se- 2,Feltre,2014-08-28,https://www.fidal.it/atleta/CORRENT-Chiara/eKmRlJWhbGQ%3D,https://www.fidal.it/societa/ANA-ATL-FELTRE/BL012
578,48.25,48.0,m,CRIVELLER Ilaria,1995,CF,ANA ATL.FELTRE,2 se- 1,Feltre,2009-08-26,https://www.fidal.it/atleta/CRIVELLER-Ilaria/eKmRlJOmbGk%3D,https://www.fidal.it/societa/ANA-ATL-FELTRE/BL012
576,39.45,39.2,m,ZABOT Julian,2002,CM,ANA ATL.FELTRE,2 se- 1,Agordo,2016-10-15,https://www.fidal.it/atleta/ZABOT-Julian/eKmRlJelbGY%3D,https://www.fidal.it/societa/ANA-ATL-FELTRE/BL012
576,39.45,39.2,m,BONAN Marco,2000,CM,ANA ATL.FELTRE,1 se- 3,Bassano Del Grappa,2015-10-17,https://www.fidal.it/atleta/BONAN-Marco/eKmRlJShbGM%3D,https://www.fidal.it/societa/ANA-ATL-FELTRE/BL012
576,39.45,39.2,m,ZANDOMENEGHI Marco,1997,CM,ANA ATL.FELTRE,1 se- 1,Feltre,2012-05-20,https://www.fidal.it/atleta/ZANDOMENEGHI-Marco/eKmRlJWjb2o%3D,https://www.fidal.it/societa/ANA-ATL-FELTRE/BL012
576,39.45,39.2,m,PARANI Aire,1994,CM,ANA ATL.FELTRE,1 su- 1,Longarone,2009-05-10,https://www.fidal.it/atleta/PARANI-Aire/eKmRlJSgaWo%3D,https://www.fidal.it/societa/ANA-ATL-FELTRE/BL012
576,39.45,39.2,m,DALLA CORTE Matteo,2001,JM,ANA ATL.FELTRE,5 se- 1,Belluno,2019-10-19,https://www.fidal.it/atleta/DALLA-CORTE-Matteo/eKmRlJWmaWo%3D,https://www.fidal.it/societa/ANA-ATL-FELTRE/BL012
576,39.45,39.2,m,DE PAOLI Federico,2002,AM,ANA ATL.FELTRE,3 se- 2,Belluno,2019-10-19,https://www.fidal.it/atleta/DE-PAOLI-Federico/eKmRlJmfcWs%3D,https://www.fidal.it/societa/ANA-ATL-FELTRE/BL012
574,48.35,48.1,m,CHIAMENTI Giulia,2002,CF,ANA ATL.FELTRE,2 se- 2,Feltre,2016-08-24,https://www.fidal.it/atleta/CHIAMENTI-Giulia/eKmRlJancGU%3D,https://www.fidal.it/societa/ANA-ATL-FELTRE/BL012
570,39.55,39.3,m,MANISCALCHI Stefano,1990,CM,ANA ATL.FELTRE,3 su- 1,Verona,2005-06-02,https://www.fidal.it/atleta/MANISCALCHI-Stefano/eKiRlZKia2s%3D,https://www.fidal.it/societa/ANA-ATL-FELTRE/BL012
570,39.55,39.3,m,SAADAOUI Omar,2008,CM,ANA ATL.FELTRE,1 se- 1,Borgo Valbelluna,2023-06-21,https://www.fidal.it/atleta/SAADAOUI-Omar/eKmRlJimbWU%3D,https://www.fidal.it/societa/ANA-ATL-FELTRE/BL012
570,39.55,39.3,m,COLLE Nicola,1996,CM,ANA ATL.FELTRE,1 se- 1,Feltre,2011-06-01,https://www.fidal.it/atleta/COLLE-Nicola/eKmRlJSla2o%3D,https://www.fidal.it/societa/ANA-ATL-FELTRE/BL012
570,48.45,48.2,m,BERTELLE Alice,2004,CF,ANA ATL.FELTRE,1 se- 2,Agordo,2019-06-15,https://www.fidal.it/atleta/BERTELLE-Alice/eKmRlJijamQ%3D,https://www.fidal.it/societa/ANA-ATL-FELTRE/BL012
567,39.59,39.59,e,SALTAREL Riccardo,1997,CM,ANA ATL.FELTRE,5 se- 2,Verona,2012-06-03,https://www.fidal.it/atleta/SALTAREL-Riccardo/eKmRlJWkbGw%3D,https://www.fidal.it/societa/ANA-ATL-FELTRE/BL012
566,48.56,48.56,e,COLDEBELLA Gloria,2000,CF,ANA ATL.FELTRE,3 se- 5,Belluno,2014-06-08,https://www.fidal.it/atleta/COLDEBELLA-Gloria/eKmRlJSjcGk%3D,https://www.fidal.it/societa/ANA-ATL-FELTRE/BL012
566,48.55,48.3,m,FANTINEL Ilaria,1998,CF,ANA ATL.FELTRE,5 se- 1,Feltre,2013-08-28,https://www.fidal.it/atleta/FANTINEL-Ilaria/eKmRlJWlbWU%3D,https://www.fidal.it/societa/ANA-ATL-FELTRE/BL012
564,48.6,48.60,e,CRIVELLER Ilaria,1995,CF,ANA ATL.FELTRE,2 se- 4,Vicenza,2009-06-07,https://www.fidal.it/atleta/CRIVELLER-Ilaria/eKmRlJOmbGk%3D,https://www.fidal.it/societa/ANA-ATL-FELTRE/BL012
563,39.65,39.4,m,RIGHES Gabriele,1999,CM,ANA ATL.FELTRE,1 se- 2,Belluno,2014-05-18,https://www.fidal.it/atleta/RIGHES-Gabriele/eKmRlJafaGw%3D,https://www.fidal.it/societa/ANA-ATL-FELTRE/BL012
562,48.65,48.4,m,COLDEBELLA Gloria,2000,CF,ANA ATL.FELTRE,2 se- 1,Belluno,2015-05-17,https://www.fidal.it/atleta/COLDEBELLA-Gloria/eKmRlJSjcGk%3D,https://www.fidal.it/societa/ANA-ATL-FELTRE/BL012
562,48.65,48.4,m,SANGUIN Giulia,1999,CF,ANA ATL.FELTRE,3 se- 1,Agordo,2013-07-10,https://www.fidal.it/atleta/SANGUIN-Giulia/eKmRlJSmbmo%3D,https://www.fidal.it/societa/ANA-ATL-FELTRE/BL012
559,48.72,48.72,e,TONIN Francesca,1994,CF,ANA ATL.FELTRE,4 se- 3,Vicenza,2009-06-07,https://www.fidal.it/atleta/TONIN-Francesca/eKmRlJOmbWY%3D,https://www.fidal.it/societa/ANA-ATL-FELTRE/BL012
558,48.75,48.5,m,MAHJOUBI Gaia,2004,CF,ANA ATL.FELTRE,1 se- 1,Belluno,2019-10-19,https://www.fidal.it/atleta/MAHJOUBI-Gaia/eKmRlJejamY%3D,https://www.fidal.it/societa/ANA-ATL-FELTRE/BL012
557,39.75,39.5,m,AGOSTINETTO Isacco,1999,JM,ANA ATL.FELTRE,5 se- 2,Feltre,2017-10-14,https://www.fidal.it/atleta/AGOSTINETTO-Isacco/eKyRkpaga2g%3D,https://www.fidal.it/societa/ANA-ATL-FELTRE/BL012
554,48.85,48.6,m,GIOVANELLI Laura,2001,CF,ANA ATL.FELTRE,4 se- 1,Feltre,2015-05-12,https://www.fidal.it/atleta/GIOVANELLI-Laura/eKmRlJagaWs%3D,https://www.fidal.it/societa/ANA-ATL-FELTRE/BL012
554,48.85,48.6,m,MAHJOUBI Gaia,2004,CF,ANA ATL.FELTRE,3 se- 2,Belluno,2018-05-26,https://www.fidal.it/atleta/MAHJOUBI-Gaia/eKmRlJejamY%3D,https://www.fidal.it/societa/ANA-ATL-FELTRE/BL012
554,48.85,48.6,m,CASTELLAZ Anna,2010,CF,ANA ATL.FELTRE,2 se- 3,Vallesella Di Cadore,2024-04-27,https://www.fidal.it/atleta/CASTELLAZ-Anna/eKmRlJihb2M%3D,https://www.fidal.it/societa/ANA-ATL-FELTRE/BL012
550,48.95,48.7,m,BASSANI Rossella,1996,CF,ANA ATL.FELTRE,4 se- 1,Longarone,2011-05-20,https://www.fidal.it/atleta/BASSANI-Rossella/eKmRlJSkcWo%3D,https://www.fidal.it/societa/ANA-ATL-FELTRE/BL012
550,39.85,39.6,m,MAHJOUBI Amir mattia,2000,AM,ANA ATL.FELTRE,4 se- 1,Agordo,2016-10-15,https://www.fidal.it/atleta/MAHJOUBI-Amir-mattia/eKmRlJWoaGo%3D,https://www.fidal.it/societa/ANA-ATL-FELTRE/BL012
550,39.85,39.6,m,BARBANTE Lorenzo,1995,CM,ANA ATL.FELTRE,3 su- 1,Longarone,2009-05-10,https://www.fidal.it/atleta/BARBANTE-Lorenzo/eKmRlJOnbms%3D,https://www.fidal.it/societa/ANA-ATL-FELTRE/BL012
550,39.85,39.6,m,SCOPEL Luca,1994,CM,ANA ATL.FELTRE,2 su- 1,Longarone,2009-05-10,https://www.fidal.it/atleta/SCOPEL-Luca/eKmRlJOmbWk%3D,https://www.fidal.it/societa/ANA-ATL-FELTRE/BL012
550,39.85,39.6,m,POLESANA Giacomo,2005,AM,ANA ATL.FELTRE,3 se- 2,Feltre,2022-04-13,https://www.fidal.it/atleta/POLESANA-Giacomo/eKmRlJaha2Y%3D,https://www.fidal.it/societa/ANA-ATL-FELTRE/BL012
550,48.95,48.7,m,DE RIZ Silvia,2008,CF,ANA ATL.FELTRE,2 se- 3,Alpago,2022-05-14,https://www.fidal.it/atleta/DE-RIZ-Silvia/eKmRlJmgaWk%3D,https://www.fidal.it/societa/ANA-ATL-FELTRE/BL012
550,48.95,48.95,e,BORDIN Sara,2007,CF,ANA ATL.FELTRE,5 se- 4,Abano Terme,2021-06-20,https://www.fidal.it/atleta/BORDIN-Sara/eKyRk5ufcWo%3D,https://www.fidal.it/societa/ANA-ATL-FELTRE/BL012
550,39.85,39.85,e,DALLA SEGA Andrea,1995,CM,ANA ATL.FELTRE,3 se- 2,Rovigo,2010-06-06,https://www.fidal.it/atleta/DALLA-SEGA-Andrea/eKmRlJSgaGY%3D,https://www.fidal.it/societa/ANA-ATL-FELTRE/BL012
550,39.85,39.6,m,MANISCALCHI Stefano,1990,CM,ANA ATL.FELTRE,1 se- 2,Longarone,2005-06-22,https://www.fidal.it/atleta/MANISCALCHI-Stefano/eKiRlZKia2s%3D,https://www.fidal.it/societa/ANA-ATL-FELTRE/BL012
550,39.86,39.86,e,ZANDOMENEGHI Marco,1997,CM,ANA ATL.FELTRE,1 se- 2,Feltre,2011-06-18,https://www.fidal.it/atleta/ZANDOMENEGHI-Marco/eKmRlJWjb2o%3D,https://www.fidal.it/societa/ANA-ATL-FELTRE/BL012
550,39.85,39.6,m,PARANI Aire,1994,CM,ANA ATL.FELTRE,1 su- 1,Longarone,2008-05-25,https://www.fidal.it/atleta/PARANI-Aire/eKmRlJSgaWo%3D,https://www.fidal.it/societa/ANA-ATL-FELTRE/BL012
550,39.85,39.6,m,EL AOMARI Abderrahmane,1978,SM35,ANA ATL.FELTRE,2 se- 3,Agordo,2014-10-18,https://www.fidal.it/atleta/EL-AOMARI-Abderrahmane/eKmRlJSma2o%3D,https://www.fidal.it/societa/ANA-ATL-FELTRE/BL012
549,48.97,48.97,e,PAULETTI Alice,1995,CF,ANA ATL.FELTRE,5 se- 3,Mogliano Veneto,2009-09-20,https://www.fidal.it/atleta/PAULETTI-Alice/eKmRlJShbmc%3D,https://www.fidal.it/societa/ANA-ATL-FELTRE/BL012
547,39.91,39.91,e,SCOPEL Luca,1994,CM,ANA ATL.FELTRE,4 se- 2,Vicenza,2009-06-07,https://www.fidal.it/atleta/SCOPEL-Luca/eKmRlJOmbWk%3D,https://www.fidal.it/societa/ANA-ATL-FELTRE/BL012
546,49.05,48.8,m,COLUSSI Leila,2006,CF,ANA ATL.FELTRE,2 se- 2,Agordo,2020-09-12,https://www.fidal.it/atleta/COLUSSI-Leila/eKmRlJeob2s%3D,https://www.fidal.it/societa/ANA-ATL-FELTRE/BL012
546,49.05,48.8,m,MAHJOUBI Gaia,2004,CF,ANA ATL.FELTRE,5 se- 1,Agordo,2018-10-06,https://www.fidal.it/atleta/MAHJOUBI-Gaia/eKmRlJejamY%3D,https://www.fidal.it/societa/ANA-ATL-FELTRE/BL012
544,39.95,39.7,m,SALTAREL Riccardo,1997,CM,ANA ATL.FELTRE,2 se- 1,Feltre,2012-05-20,https://www.fidal.it/atleta/SALTAREL-Riccardo/eKmRlJWkbGw%3D,https://www.fidal.it/societa/ANA-ATL-FELTRE/BL012
544,49.12,49.12,e,DE RIZ Silvia,2008,CF,ANA ATL.FELTRE,3 se- 2,Feltre,2022-06-08,https://www.fidal.it/atleta/DE-RIZ-Silvia/eKmRlJmgaWk%3D,https://www.fidal.it/societa/ANA-ATL-FELTRE/BL012
542,49.15,48.9,m,ZATTA Anna,1993,CF,ANA ATL.FELTRE,6 su- 1,Longarone,2008-05-25,https://www.fidal.it/atleta/ZATTA-Anna/eKmRlJOncGU%3D,https://www.fidal.it/societa/ANA-ATL-FELTRE/BL012
542,49.15,48.9,m,BASSANI Rossella,1996,CF,ANA ATL.FELTRE,2 se- 1,Belluno,2010-09-01,https://www.fidal.it/atleta/BASSANI-Rossella/eKmRlJSkcWo%3D,https://www.fidal.it/societa/ANA-ATL-FELTRE/BL012
539,49.25,49.0,m,COLDEBELLA Gloria,2000,CF,ANA ATL.FELTRE,2 se- 4,Feltre,2015-05-12,https://www.fidal.it/atleta/COLDEBELLA-Gloria/eKmRlJSjcGk%3D,https://www.fidal.it/societa/ANA-ATL-FELTRE/BL012
539,49.25,49.0,m,MAHJOUBI Gaia,2004,CF,ANA ATL.FELTRE,4 se- 1,Agordo,2018-04-22,https://www.fidal.it/atleta/MAHJOUBI-Gaia/eKmRlJejamY%3D,https://www.fidal.it/societa/ANA-ATL-FELTRE/BL012
538,40.05,39.8,m,MANISCALCHI Stefano,1990,CM,ANA ATL.FELTRE,1 se- 1,Bassano Del Grappa,2005-10-15,https://www.fidal.it/atleta/MANISCALCHI-Stefano/eKiRlZKia2s%3D,https://www.fidal.it/societa/ANA-ATL-FELTRE/BL012
535,49.35,49.1,m,BASSANI Margherita,1997,CF,ANA ATL.FELTRE,5 se- 1,Feltre,2012-05-20,https://www.fidal.it/atleta/BASSANI-Margherita/eKmRlJSlbGo%3D,https://www.fidal.it/societa/ANA-ATL-FELTRE/BL012
535,49.35,49.1,m,BERTELLE Alice,2004,CF,ANA ATL.FELTRE,1 se- 3,Domegge Di Cadore,2019-04-13,https://www.fidal.it/atleta/BERTELLE-Alice/eKmRlJijamQ%3D,https://www.fidal.it/societa/ANA-ATL-FELTRE/BL012
535,49.35,49.1,m,ROSSA Elena,2004,CF,ANA ATL.FELTRE,2 se- 3,Agordo,2018-08-29,https://www.fidal.it/atleta/ROSSA-Elena/eKmRlJagbWg%3D,https://www.fidal.it/societa/ANA-ATL-FELTRE/BL012
533,49.39,49.39,e,BERTELLE Arianna,2008,CF,ANA ATL.FELTRE,3 se- 2,Montebelluna,2023-07-13,https://www.fidal.it/atleta/BERTELLE-Arianna/eKmRlJikbGM%3D,https://www.fidal.it/societa/ANA-ATL-FELTRE/BL012
531,49.45,49.2,m,DA RUGNA Giada,2001,CF,ANA ATL.FELTRE,3 se- 1,Belluno,2015-05-17,https://www.fidal.it/atleta/DA-RUGNA-Giada/eKmRlJalcGc%3D,https://www.fidal.it/societa/ANA-ATL-FELTRE/BL012
531,49.45,49.2,m,DAL SASSO Carolina,2003,CF,ANA ATL.FELTRE,4 se- 1,Feltre,2017-10-14,https://www.fidal.it/atleta/DAL-SASSO-Carolina/eKmRlJancGs%3D,https://www.fidal.it/societa/ANA-ATL-FELTRE/BL012
531,49.45,49.2,m,SPADA Anna,2007,CF,ANA ATL.FELTRE,3 se- 3,Domegge Di Cadore,2021-05-15,https://www.fidal.it/atleta/SPADA-Anna/eKmRlJmkaWQ%3D,https://www.fidal.it/societa/ANA-ATL-FELTRE/BL012
531,49.45,49.2,m,TONIN Francesca,1994,CF,ANA ATL.FELTRE,2 se- 1,Longarone,2009-05-10,https://www.fidal.it/atleta/TONIN-Francesca/eKmRlJOmbWY%3D,https://www.fidal.it/societa/ANA-ATL-FELTRE/BL012
531,49.45,49.2,m,CASSOL Anita,2005,CF,ANA ATL.FELTRE,4 se- 2,Domegge Di Cadore,2019-04-13,https://www.fidal.it/atleta/CASSOL-Anita/eKmRlJWjbGY%3D,https://www.fidal.it/societa/ANA-ATL-FELTRE/BL012
531,40.15,39.9,m,BELLUS Riccardo,2008,CM,ANA ATL.FELTRE,2 se- 1,Borgo Valbelluna,2023-06-21,https://www.fidal.it/atleta/BELLUS-Riccardo/eKmRlJekamU%3D,https://www.fidal.it/societa/ANA-ATL-FELTRE/BL012
531,49.45,49.2,m,MALACARNE Veronica,1999,CF,ANA ATL.FELTRE,4 se- 1,Belluno,2013-05-12,https://www.fidal.it/atleta/MALACARNE-Veronica/eKmRlJWlbmQ%3D,https://www.fidal.it/societa/ANA-ATL-FELTRE/BL012
528,49.53,49.53,e,COLDEBELLA Gloria,2000,CF,ANA ATL.FELTRE,4 se- 5,Belluno,2015-05-31,https://www.fidal.it/atleta/COLDEBELLA-Gloria/eKmRlJSjcGk%3D,https://www.fidal.it/societa/ANA-ATL-FELTRE/BL012
527,49.55,49.3,m,MOINO Eleonora,2006,CF,ANA ATL.FELTRE,4 se- 2,Alpago,2021-09-25,https://www.fidal.it/atleta/MOINO-Eleonora/eKmRlJiibGg%3D,https://www.fidal.it/societa/ANA-ATL-FELTRE/BL012
527,49.55,49.3,m,BASSANI Margherita,1997,CF,ANA ATL.FELTRE,2 se- 2,Longarone,2011-05-20,https://www.fidal.it/atleta/BASSANI-Margherita/eKmRlJSlbGo%3D,https://www.fidal.it/societa/ANA-ATL-FELTRE/BL012
527,49.55,49.3,m,DAL SASSO Carolina,2003,CF,ANA ATL.FELTRE,5 se- 1,Agordo,2018-04-22,https://www.fidal.it/atleta/DAL-SASSO-Carolina/eKmRlJancGs%3D,https://www.fidal.it/societa/ANA-ATL-FELTRE/BL012
527,49.55,49.3,m,SPADA Anna,2007,CF,ANA ATL.FELTRE,3 se- 2,Alpago,2021-09-25,https://www.fidal.it/atleta/SPADA-Anna/eKmRlJmkaWQ%3D,https://www.fidal.it/societa/ANA-ATL-FELTRE/BL012
525,40.25,40.0,m,BIZZARINI Lorenzo,1991,CM,ANA ATL.FELTRE,4 se- 1,Roncade,2006-06-16,https://www.fidal.it/atleta/BIZZARINI-Lorenzo/eKmRlJOhbWs%3D,https://www.fidal.it/societa/ANA-ATL-FELTRE/BL012
525,40.25,40.0,m,SIRAGNA Lorenzo,2001,CM,ANA ATL.FELTRE,1 se- 1,Feltre,2016-08-24,https://www.fidal.it/atleta/SIRAGNA-Lorenzo/eKmRlJahbmY%3D,https://www.fidal.it/societa/ANA-ATL-FELTRE/BL012
525,40.25,40.0,m,EL AOMARI Abderrahmane,1978,SM35,ANA ATL.FELTRE,2 se- 3,Agordo,2016-10-15,https://www.fidal.it/atleta/EL-AOMARI-Abderrahmane/eKmRlJSma2o%3D,https://www.fidal.it/societa/ANA-ATL-FELTRE/BL012
525,49.61,49.61,e,ZATTA Anna,1993,CF,ANA ATL.FELTRE,6 se- 4,Verona,2008-06-02,https://www.fidal.it/atleta/ZATTA-Anna/eKmRlJOncGU%3D,https://www.fidal.it/societa/ANA-ATL-FELTRE/BL012
525,40.25,40.0,m,ZANDOMENEGHI Marco,1997,CM,ANA ATL.FELTRE,4 se- 1,Belluno,2012-07-12,https://www.fidal.it/atleta/ZANDOMENEGHI-Marco/eKmRlJWjb2o%3D,https://www.fidal.it/societa/ANA-ATL-FELTRE/BL012
525,40.25,40.0,m,CANOVA Luca,1991,CM,ANA ATL.FELTRE,2 se- 2,Nove,2006-10-01,https://www.fidal.it/atleta/CANOVA-Luca/eKiRlZKia2o%3D,https://www.fidal.it/societa/ANA-ATL-FELTRE/BL012
524,40.27,40.27,e,PARANI Aire,1994,CM,ANA ATL.FELTRE,2 se- 3,Verona,2008-06-02,https://www.fidal.it/atleta/PARANI-Aire/eKmRlJSgaWo%3D,https://www.fidal.it/societa/ANA-ATL-FELTRE/BL012
523,49.65,49.4,m,SPADA Anna,2007,CF,ANA ATL.FELTRE,5 se- 1,Alpago,2022-05-14,https://www.fidal.it/atleta/SPADA-Anna/eKmRlJmkaWQ%3D,https://www.fidal.it/societa/ANA-ATL-FELTRE/BL012
523,49.65,49.65,e,ZATTA Anna,1993,CF,ANA ATL.FELTRE,1 se- 7,Verona,2007-06-03,https://www.fidal.it/atleta/ZATTA-Anna/eKmRlJOncGU%3D,https://www.fidal.it/societa/ANA-ATL-FELTRE/BL012
522,40.31,40.31,e,VELLO Michele,1997,CM,ANA ATL.FELTRE,3 se- 3,Montebelluna,2011-09-25,https://www.fidal.it/atleta/VELLO-Michele/eKmRlJSkb2U%3D,https://www.fidal.it/societa/ANA-ATL-FELTRE/BL012
521,40.32,40.32,e,DALLA SEGA Andrea,1995,CM,ANA ATL.FELTRE,4 se- 3,Mogliano Veneto,2010-09-19,https://www.fidal.it/atleta/DALLA-SEGA-Andrea/eKmRlJSgaGY%3D,https://www.fidal.it/societa/ANA-ATL-FELTRE/BL012
519,40.35,40.1,m,SCOPEL Simone,2006,CM,ANA ATL.FELTRE,1 se- 1,Alpago,2021-10-16,https://www.fidal.it/atleta/SCOPEL-Simone/eKmRlJeocGU%3D,https://www.fidal.it/societa/ANA-ATL-FELTRE/BL012
519,40.35,40.1,m,COSTA Edgard,1999,CM,ANA ATL.FELTRE,2 se- 2,Belluno,2013-05-12,https://www.fidal.it/atleta/COSTA-Edgard/eKmRlJSjbmo%3D,https://www.fidal.it/societa/ANA-ATL-FELTRE/BL012
519,49.75,49.5,m,D'ALBERTO Elena,2000,CF,ANA ATL.FELTRE,3 se- 1,Belluno,2014-05-18,https://www.fidal.it/atleta/D-ALBERTO-Elena/eKmRlJSjb2g%3D,https://www.fidal.it/societa/ANA-ATL-FELTRE/BL012
519,49.75,49.5,m,COLDEBELLA Gloria,2000,CF,ANA ATL.FELTRE,2 se- 1,Belluno,2014-05-18,https://www.fidal.it/atleta/COLDEBELLA-Gloria/eKmRlJSjcGk%3D,https://www.fidal.it/societa/ANA-ATL-FELTRE/BL012
518,40.37,40.37,e,VELLO Michele,1997,CM,ANA ATL.FELTRE,2 se- 1,Feltre,2011-06-18,https://www.fidal.it/atleta/VELLO-Michele/eKmRlJSkb2U%3D,https://www.fidal.it/societa/ANA-ATL-FELTRE/BL012
515,49.85,49.6,m,JUGHELI Maria elena,2008,CF,ANA ATL.FELTRE,2 se- 2,Borgo Valbelluna,2023-06-21,https://www.fidal.it/atleta/JUGHELI-Maria-elena/eKmRlJqjbGg%3D,https://www.fidal.it/societa/ANA-ATL-FELTRE/BL012
515,49.85,49.6,m,DE CARLI Alessandra,2001,CF,ANA ATL.FELTRE,4 se- 1,Agordo,2016-05-15,https://www.fidal.it/atleta/DE-CARLI-Alessandra/eKmRlJalbmo%3D,https://www.fidal.it/societa/ANA-ATL-FELTRE/BL012
515,49.85,49.6,m,SPADA Anna,2007,CF,ANA ATL.FELTRE,3 se- 1,Domegge Di Cadore,2022-04-30,https://www.fidal.it/atleta/SPADA-Anna/eKmRlJmkaWQ%3D,https://www.fidal.it/societa/ANA-ATL-FELTRE/BL012
513,40.45,40.2,m,SAADAOUI Omar,2008,CM,ANA ATL.FELTRE,4 se- 1,Agordo,2023-05-27,https://www.fidal.it/atleta/SAADAOUI-Omar/eKmRlJimbWU%3D,https://www.fidal.it/societa/ANA-ATL-FELTRE/BL012
513,40.45,40.2,m,BARBANTE Lorenzo,1995,CM,ANA ATL.FELTRE,1 se- 1,Belluno,2010-09-01,https://www.fidal.it/atleta/BARBANTE-Lorenzo/eKmRlJOnbms%3D,https://www.fidal.it/societa/ANA-ATL-FELTRE/BL012
513,40.45,40.2,m,CRIVELLER Marco,2003,AM,ANA ATL.FELTRE,4 se- 2,Belluno,2019-10-19,https://www.fidal.it/atleta/CRIVELLER-Marco/eKmRlJWlb2Y%3D,https://www.fidal.it/societa/ANA-ATL-FELTRE/BL012
513,40.45,40.2,m,BARBANTE Lorenzo,1995,CM,ANA ATL.FELTRE,1 su- 1,Belluno,2010-09-01,https://www.fidal.it/atleta/BARBANTE-Lorenzo/eKmRlJOnbms%3D,https://www.fidal.it/societa/ANA-ATL-FELTRE/BL012
513,40.45,40.2,m,SAADAOUI Omar,2008,CM,ANA ATL.FELTRE,1 su- 1,Borgo Valbelluna,2023-09-03,https://www.fidal.it/atleta/SAADAOUI-Omar/eKmRlJimbWU%3D,https://www.fidal.it/societa/ANA-ATL-FELTRE/BL012
508,50.05,49.8,m,PAULETTI Alice,1995,CF,ANA ATL.FELTRE,5 se- 1,Belluno,2010-10-16,https://www.fidal.it/atleta/PAULETTI-Alice/eKmRlJShbmc%3D,https://www.fidal.it/societa/ANA-ATL-FELTRE/BL012
506,40.57,40.57,e,COSTA Edgard,1999,CM,ANA ATL.FELTRE,5 se- 3,Bassano Del Grappa,2013-06-02,https://www.fidal.it/atleta/COSTA-Edgard/eKmRlJSjbmo%3D,https://www.fidal.it/societa/ANA-ATL-FELTRE/BL012
504,50.15,50.15,e,SPADA Anna,2007,CF,ANA ATL.FELTRE,6 se- 3,Verona,2022-06-02,https://www.fidal.it/atleta/SPADA-Anna/eKmRlJmkaWQ%3D,https://www.fidal.it/societa/ANA-ATL-FELTRE/BL012
503,40.62,40.62,e,BARBANTE Lorenzo,1995,CM,ANA ATL.FELTRE,6 se- 2,Mogliano Veneto,2009-09-20,https://www.fidal.it/atleta/BARBANTE-Lorenzo/eKmRlJOnbms%3D,https://www.fidal.it/societa/ANA-ATL-FELTRE/BL012
501,40.65,40.4,m,SCOPEL Luca,1994,CM,ANA ATL.FELTRE,2 su- 1,Longarone,2008-05-25,https://www.fidal.it/atleta/SCOPEL-Luca/eKmRlJOmbWk%3D,https://www.fidal.it/societa/ANA-ATL-FELTRE/BL012
501,40.65,40.4,m,SCOPEL Luca,1994,CM,ANA ATL.FELTRE,5 se- 2,Marostica,2008-09-14,https://www.fidal.it/atleta/SCOPEL-Luca/eKmRlJOmbWk%3D,https://www.fidal.it/societa/ANA-ATL-FELTRE/BL012
500,50.25,50.0,m,FANTINEL Sara,2005,AF,ANA ATL.FELTRE,3 se- 2,Feltre,2021-06-16,https://www.fidal.it/atleta/FANTINEL-Sara/eKmRlJihamo%3D,https://www.fidal.it/societa/ANA-ATL-FELTRE/BL012
500,50.25,50.0,m,BELLUS Laila,2010,CF,ANA ATL.FELTRE,3 se- 3,Vallesella Di Cadore,2024-04-27,https://www.fidal.it/atleta/BELLUS-Laila/eKmRlJiiaWo%3D,https://www.fidal.it/societa/ANA-ATL-FELTRE/BL012
499,50.28,50.28,e,BORDIN Sara,2007,CF,ANA ATL.FELTRE,1 se- 1,Agordo,2021-04-25,https://www.fidal.it/atleta/BORDIN-Sara/eKyRk5ufcWo%3D,https://www.fidal.it/societa/ANA-ATL-FELTRE/BL012
498,40.69,40.69,e,ZABOT Julian,2002,CM,ANA ATL.FELTRE,2 se- 4,Rovigo,2016-05-29,https://www.fidal.it/atleta/ZABOT-Julian/eKmRlJelbGY%3D,https://www.fidal.it/societa/ANA-ATL-FELTRE/BL012
497,50.35,50.1,m,BASSANI Margherita,1997,CF,ANA ATL.FELTRE,5 se- 2,Belluno,2011-09-03,https://www.fidal.it/atleta/BASSANI-Margherita/eKmRlJSlbGo%3D,https://www.fidal.it/societa/ANA-ATL-FELTRE/BL012
497,50.35,50.1,m,BASSANI Rossella,1996,CF,ANA ATL.FELTRE,3 su- 1,Belluno,2010-05-09,https://www.fidal.it/atleta/BASSANI-Rossella/eKmRlJSkcWo%3D,https://www.fidal.it/societa/ANA-ATL-FELTRE/BL012
497,50.35,50.1,m,BARBARESI Lisa,2001,CF,ANA ATL.FELTRE,4 se- 3,Feltre,2015-05-12,https://www.fidal.it/atleta/BARBARESI-Lisa/eKmRlJagbWM%3D,https://www.fidal.it/societa/ANA-ATL-FELTRE/BL012
497,50.35,50.1,m,LAKHDAR Fatima,1997,CF,ANA ATL.FELTRE,6 se- 1,Feltre,2012-05-20,https://www.fidal.it/atleta/LAKHDAR-Fatima/eKmRlJWmbWo%3D,https://www.fidal.it/societa/ANA-ATL-FELTRE/BL012
495,40.75,40.5,m,BELLUS Riccardo,2008,CM,ANA ATL.FELTRE,5 se- 1,Agordo,2023-05-27,https://www.fidal.it/atleta/BELLUS-Riccardo/eKmRlJekamU%3D,https://www.fidal.it/societa/ANA-ATL-FELTRE/BL012
495,40.75,40.5,m,BARBANTE Lorenzo,1995,CM,ANA ATL.FELTRE,1 su- 1,Belluno,2010-05-09,https://www.fidal.it/atleta/BARBANTE-Lorenzo/eKmRlJOnbms%3D,https://www.fidal.it/societa/ANA-ATL-FELTRE/BL012
494,50.41,50.41,e,CRIVELLER Ilaria,1995,CF,ANA ATL.FELTRE,6 se- 3,Mogliano Veneto,2009-09-20,https://www.fidal.it/atleta/CRIVELLER-Ilaria/eKmRlJOmbGk%3D,https://www.fidal.it/societa/ANA-ATL-FELTRE/BL012
492,40.8,40.80,e,VELLO Michele,1997,CM,ANA ATL.FELTRE,5 se- 2,Belluno,2011-06-05,https://www.fidal.it/atleta/VELLO-Michele/eKmRlJSkb2U%3D,https://www.fidal.it/societa/ANA-ATL-FELTRE/BL012
490,40.83,40.83,e,SCOPEL Luca,1994,CM,ANA ATL.FELTRE,4 se- 3,Verona,2008-06-02,https://www.fidal.it/atleta/SCOPEL-Luca/eKmRlJOmbWk%3D,https://www.fidal.it/societa/ANA-ATL-FELTRE/BL012
490,40.82,40.82,e,VELLO Michele,1997,CM,ANA ATL.FELTRE,2 se- 1,Treviso,2012-04-22,https://www.fidal.it/atleta/VELLO-Michele/eKmRlJSkb2U%3D,https://www.fidal.it/societa/ANA-ATL-FELTRE/BL012
489,50.55,50.3,m,DALLA CORTE Giada,2001,CF,ANA ATL.FELTRE,1 se- 2,Agordo,2016-05-15,https://www.fidal.it/atleta/DALLA-CORTE-Giada/eKmRlJancGk%3D,https://www.fidal.it/societa/ANA-ATL-FELTRE/BL012
489,40.85,40.6,m,EL AOMARI Abderrahmane,1978,SM35,ANA ATL.FELTRE,2 se- 3,Feltre,2017-10-14,https://www.fidal.it/atleta/EL-AOMARI-Abderrahmane/eKmRlJSma2o%3D,https://www.fidal.it/societa/ANA-ATL-FELTRE/BL012
489,40.85,40.6,m,BARBANTE Lorenzo,1995,CM,ANA ATL.FELTRE,1 se- 1,Belluno,2010-04-17,https://www.fidal.it/atleta/BARBANTE-Lorenzo/eKmRlJOnbms%3D,https://www.fidal.it/societa/ANA-ATL-FELTRE/BL012
489,50.55,50.3,m,DE RIZ Chiara,2005,AF,ANA ATL.FELTRE,1 se- 2,Feltre,2022-04-13,https://www.fidal.it/atleta/DE-RIZ-Chiara/eKmRlJioaWM%3D,https://www.fidal.it/societa/ANA-ATL-FELTRE/BL012
489,40.85,40.6,m,BRUSATI Alex,2004,JM,ANA ATL.FELTRE,2 se- 1,Feltre,2022-04-13,https://www.fidal.it/atleta/BRUSATI-Alex/eKmRlJWfaGs%3D,https://www.fidal.it/societa/ANA-ATL-FELTRE/BL012
489,40.85,40.6,m,SALTAREL Riccardo,1997,CM,ANA ATL.FELTRE,3 se- 1,Belluno,2012-05-04,https://www.fidal.it/atleta/SALTAREL-Riccardo/eKmRlJWkbGw%3D,https://www.fidal.it/societa/ANA-ATL-FELTRE/BL012
489,40.85,40.6,m,PARANI Aire,1994,CM,ANA ATL.FELTRE,2 se- 3,Mogliano Veneto,2008-09-28,https://www.fidal.it/atleta/PARANI-Aire/eKmRlJSgaWo%3D,https://www.fidal.it/societa/ANA-ATL-FELTRE/BL012
488,40.86,40.86,e,BARBANTE Lorenzo,1995,CM,ANA ATL.FELTRE,6 se- 1,Borgo Valsugana,2010-05-23,https://www.fidal.it/atleta/BARBANTE-Lorenzo/eKmRlJOnbms%3D,https://www.fidal.it/societa/ANA-ATL-FELTRE/BL012
486,50.65,50.4,m,SPADA Anna,2007,CF,ANA ATL.FELTRE,3 se- 1,Alpago,2021-10-16,https://www.fidal.it/atleta/SPADA-Anna/eKmRlJmkaWQ%3D,https://www.fidal.it/societa/ANA-ATL-FELTRE/BL012
483,40.95,40.7,m,CANOVA Luca,1991,CM,ANA ATL.FELTRE,1 se- 1,Belluno,2006-06-21,https://www.fidal.it/atleta/CANOVA-Luca/eKiRlZKia2o%3D,https://www.fidal.it/societa/ANA-ATL-FELTRE/BL012
483,40.95,40.7,m,SALTAREL Riccardo,1997,CM,ANA ATL.FELTRE,5 se- 3,Belluno,2012-08-29,https://www.fidal.it/atleta/SALTAREL-Riccardo/eKmRlJWkbGw%3D,https://www.fidal.it/societa/ANA-ATL-FELTRE/BL012
483,40.95,40.7,m,TIREL Enrico,1993,CM,ANA ATL.FELTRE,1 se- 1,Longarone,2007-09-22,https://www.fidal.it/atleta/TIREL-Enrico/eKmRlJOjaGg%3D,https://www.fidal.it/societa/ANA-ATL-FELTRE/BL012
483,40.95,40.7,m,BELLUS Riccardo,2008,CM,ANA ATL.FELTRE,1 se- 2,Domegge Di Cadore,2023-04-22,https://www.fidal.it/atleta/BELLUS-Riccardo/eKmRlJekamU%3D,https://www.fidal.it/societa/ANA-ATL-FELTRE/BL012
483,40.95,40.7,m,VELLO Nicola,1990,CM,ANA ATL.FELTRE,1 se- 1,Longarone,2005-06-22,https://www.fidal.it/atleta/VELLO-Nicola/eKmRlJOgb2g%3D,https://www.fidal.it/societa/ANA-ATL-FELTRE/BL012
483,40.95,40.7,m,VELLO Michele,1997,CM,ANA ATL.FELTRE,4 se- 1,Feltre,2011-05-17,https://www.fidal.it/atleta/VELLO-Michele/eKmRlJSkb2U%3D,https://www.fidal.it/societa/ANA-ATL-FELTRE/BL012
482,50.75,50.5,m,DAL ZOTTO Benedetta,2005,CF,ANA ATL.FELTRE,3 se- 2,Agordo,2020-09-12,https://www.fidal.it/atleta/DAL-ZOTTO-Benedetta/eKmRlJiibmg%3D,https://www.fidal.it/societa/ANA-ATL-FELTRE/BL012
477,41.05,40.8,m,TIREL Enrico,1993,CM,ANA ATL.FELTRE,1 se- 1,Belluno,2008-07-09,https://www.fidal.it/atleta/TIREL-Enrico/eKmRlJOjaGg%3D,https://www.fidal.it/societa/ANA-ATL-FELTRE/BL012
477,50.88,50.88,e,BASSANI Margherita,1997,CF,ANA ATL.FELTRE,5 se- 1,Treviso,2012-04-22,https://www.fidal.it/atleta/BASSANI-Margherita/eKmRlJSlbGo%3D,https://www.fidal.it/societa/ANA-ATL-FELTRE/BL012
476,50.91,50.91,e,MENEGAZZO Silvia,2007,CF,ANA ATL.FELTRE,2 se- 3,Feltre,2022-06-08,https://www.fidal.it/atleta/MENEGAZZO-Silvia/eKmRlJeocGM%3D,https://www.fidal.it/societa/ANA-ATL-FELTRE/BL012
475,50.95,50.7,m,CRIVELLER Ilaria,1995,CF,ANA ATL.FELTRE,4 su- 1,Belluno,2010-05-09,https://www.fidal.it/atleta/CRIVELLER-Ilaria/eKmRlJOmbGk%3D,https://www.fidal.it/societa/ANA-ATL-FELTRE/BL012
475,50.95,50.7,m,GORZA Eleonora,2000,JF,ANA ATL.FELTRE,4 su- 1,Feltre,2018-03-24,https://www.fidal.it/atleta/GORZA-Eleonora/eKmRlJihaWc%3D,https://www.fidal.it/societa/ANA-ATL-FELTRE/BL012
475,50.95,50.7,m,COMIOTTO Giada,2006,CF,ANA ATL.FELTRE,2 se- 3,Alpago,2021-10-16,https://www.fidal.it/atleta/COMIOTTO-Giada/eKmRlJaoaGc%3D,https://www.fidal.it/societa/ANA-ATL-FELTRE/BL012
475,50.95,50.7,m,DE COLLE Elisa,2001,CF,ANA ATL.FELTRE,3 se- 4,Feltre,2015-05-12,https://www.fidal.it/atleta/DE-COLLE-Elisa/eKmRlJajbmc%3D,https://www.fidal.it/societa/ANA-ATL-FELTRE/BL012
475,50.95,50.7,m,PERSICO Elisa,2002,CF,ANA ATL.FELTRE,3 se- 1,Feltre,2016-08-24,https://www.fidal.it/atleta/PERSICO-Elisa/eKmRlJWjcGk%3D,https://www.fidal.it/societa/ANA-ATL-FELTRE/BL012
475,50.94,50.94,e,SPADA Anna,2007,CF,ANA ATL.FELTRE,2 se- 1,Agordo,2021-04-25,https://www.fidal.it/atleta/SPADA-Anna/eKmRlJmkaWQ%3D,https://www.fidal.it/societa/ANA-ATL-FELTRE/BL012
471,51.05,50.8,m,ZAPPIA Laura,2001,CF,ANA ATL.FELTRE,6 se- 1,Feltre,2015-05-12,https://www.fidal.it/atleta/ZAPPIA-Laura/eKmRlJSjcGc%3D,https://www.fidal.it/societa/ANA-ATL-FELTRE/BL012
471,51.05,50.8,m,DAVID Giovanna,2007,CF,ANA ATL.FELTRE,1 se- 2,Domegge Di Cadore,2021-07-10,https://www.fidal.it/atleta/DAVID-Giovanna/eKmRlJijb2U%3D,https://www.fidal.it/societa/ANA-ATL-FELTRE/BL012
471,41.15,40.9,m,BONAN Marco,2000,CM,ANA ATL.FELTRE,1 se- 2,Feltre,2014-08-28,https://www.fidal.it/atleta/BONAN-Marco/eKmRlJShbGM%3D,https://www.fidal.it/societa/ANA-ATL-FELTRE/BL012
471,41.15,40.9,m,ZABOT Julian,2002,CM,ANA ATL.FELTRE,1 se- 1,Agordo,2016-05-15,https://www.fidal.it/atleta/ZABOT-Julian/eKmRlJelbGY%3D,https://www.fidal.it/societa/ANA-ATL-FELTRE/BL012
471,51.05,50.8,m,SPADA Anna,2007,CF,ANA ATL.FELTRE,2 se- 2,Domegge Di Cadore,2021-07-10,https://www.fidal.it/atleta/SPADA-Anna/eKmRlJmkaWQ%3D,https://www.fidal.it/societa/ANA-ATL-FELTRE/BL012
467,51.15,50.9,m,SCOPEL Alessia,1997,CF,ANA ATL.FELTRE,4 se- 2,Longarone,2011-05-20,https://www.fidal.it/atleta/SCOPEL-Alessia/eKmRlJWicWU%3D,https://www.fidal.it/societa/ANA-ATL-FELTRE/BL012
464,51.25,51.0,m,FANTINEL Sara,2005,AF,ANA ATL.FELTRE,2 se- 1,Feltre,2022-04-13,https://www.fidal.it/atleta/FANTINEL-Sara/eKmRlJihamo%3D,https://www.fidal.it/societa/ANA-ATL-FELTRE/BL012
460,51.35,51.1,m,MAHJOUBI Gaia,2004,CF,ANA ATL.FELTRE,3 se- 4,Belluno,2018-04-28,https://www.fidal.it/atleta/MAHJOUBI-Gaia/eKmRlJejamY%3D,https://www.fidal.it/societa/ANA-ATL-FELTRE/BL012
460,51.36,51.36,e,BERTOLDIN Matilde,1999,CF,ANA ATL.FELTRE,5 se- 6,Bassano Del Grappa,2013-06-02,https://www.fidal.it/atleta/BERTOLDIN-Matilde/eKmRlJWiaGs%3D,https://www.fidal.it/societa/ANA-ATL-FELTRE/BL012
459,41.35,41.1,m,BIZZARINI Lorenzo,1991,CM,ANA ATL.FELTRE,2 se- 3,Belluno,2006-06-21,https://www.fidal.it/atleta/BIZZARINI-Lorenzo/eKmRlJOhbWs%3D,https://www.fidal.it/societa/ANA-ATL-FELTRE/BL012
459,41.35,41.1,m,CRIVELLER Marco,2003,CM,ANA ATL.FELTRE,1 se- 1,Agordo,2018-10-06,https://www.fidal.it/atleta/CRIVELLER-Marco/eKmRlJWlb2Y%3D,https://www.fidal.it/societa/ANA-ATL-FELTRE/BL012
459,41.35,41.1,m,SAADAOUI Omar,2008,CM,ANA ATL.FELTRE,1 se- 1,Domegge Di Cadore,2023-04-22,https://www.fidal.it/atleta/SAADAOUI-Omar/eKmRlJimbWU%3D,https://www.fidal.it/societa/ANA-ATL-FELTRE/BL012
456,51.45,51.2,m,MASET Diletta,2009,CF,ANA ATL.FELTRE,2 se- 4,Agordo,2023-05-27,https://www.fidal.it/atleta/MASET-Diletta/eKmRlJqfcGo%3D,https://www.fidal.it/societa/ANA-ATL-FELTRE/BL012
453,51.55,51.3,m,DE BACCO Emma,2006,AF,ANA ATL.FELTRE,3 se- 1,Feltre,2022-04-13,https://www.fidal.it/atleta/DE-BACCO-Emma/eKmRlJelbmU%3D,https://www.fidal.it/societa/ANA-ATL-FELTRE/BL012
450,41.51,41.51,e,PETITTO Leonardo,2008,CM,ANA ATL.FELTRE,2 se- 6,Montebelluna,2023-07-13,https://www.fidal.it/atleta/PETITTO-Leonardo/eKmRlJijbmQ%3D,https://www.fidal.it/societa/ANA-ATL-FELTRE/BL012
449,51.65,51.4,m,BERTELLE Alice,2004,CF,ANA ATL.FELTRE,4 se- 5,Belluno,2018-04-28,https://www.fidal.it/atleta/BERTELLE-Alice/eKmRlJijamQ%3D,https://www.fidal.it/societa/ANA-ATL-FELTRE/BL012
448,41.55,41.3,m,DALLA SEGA Andrea,1995,CM,ANA ATL.FELTRE,2 su- 1,Belluno,2010-05-09,https://www.fidal.it/atleta/DALLA-SEGA-Andrea/eKmRlJSgaGY%3D,https://www.fidal.it/societa/ANA-ATL-FELTRE/BL012
448,41.55,41.3,m,DALLA SEGA Andrea,1995,CM,ANA ATL.FELTRE,3 se- 1,Feltre,2009-08-26,https://www.fidal.it/atleta/DALLA-SEGA-Andrea/eKmRlJSgaGY%3D,https://www.fidal.it/societa/ANA-ATL-FELTRE/BL012
448,41.55,41.3,m,CRIVELLER Marco,2003,CM,ANA ATL.FELTRE,2 se- 1,Agordo,2018-08-29,https://www.fidal.it/atleta/CRIVELLER-Marco/eKmRlJWlb2Y%3D,https://www.fidal.it/societa/ANA-ATL-FELTRE/BL012
446,51.75,51.5,m,DE BORTOLI Giulia,2004,CF,ANA ATL.FELTRE,4 se- 2,Agordo,2018-08-29,https://www.fidal.it/atleta/DE-BORTOLI-Giulia/eKmRlJWma2Q%3D,https://www.fidal.it/societa/ANA-ATL-FELTRE/BL012
446,51.75,51.5,m,DE BORTOLI Giulia,2004,CF,ANA ATL.FELTRE,2 se- 3,Belluno,2018-05-26,https://www.fidal.it/atleta/DE-BORTOLI-Giulia/eKmRlJWma2Q%3D,https://www.fidal.it/societa/ANA-ATL-FELTRE/BL012
443,41.64,41.64,e,ZANDOMENEGHI Marco,1997,CM,ANA ATL.FELTRE,6 se- 2,Montebelluna,2011-09-25,https://www.fidal.it/atleta/ZANDOMENEGHI-Marco/eKmRlJWjb2o%3D,https://www.fidal.it/societa/ANA-ATL-FELTRE/BL012
442,41.65,41.4,m,PIZZOLOTTO Edoardo,1996,CM,ANA ATL.FELTRE,1 se- 3,Belluno,2011-10-15,https://www.fidal.it/atleta/PIZZOLOTTO-Edoardo/eKmRlJOnb2o%3D,https://www.fidal.it/societa/ANA-ATL-FELTRE/BL012
442,41.65,41.4,m,TURRA Andrea,1992,CM,ANA ATL.FELTRE,6 se- 2,Nove,2006-10-01,https://www.fidal.it/atleta/TURRA-Andrea/eKmRlJOgbmg%3D,https://www.fidal.it/societa/ANA-ATL-FELTRE/BL012
442,41.65,41.4,m,PARANI Aire,1994,CM,ANA ATL.FELTRE,4 se- 3,Marostica,2008-09-14,https://www.fidal.it/atleta/PARANI-Aire/eKmRlJSgaWo%3D,https://www.fidal.it/societa/ANA-ATL-FELTRE/BL012
439,51.95,51.7,m,DE BORTOLI Giulia,2004,CF,ANA ATL.FELTRE,3 se- 2,Belluno,2019-10-19,https://www.fidal.it/atleta/DE-BORTOLI-Giulia/eKmRlJWma2Q%3D,https://www.fidal.it/societa/ANA-ATL-FELTRE/BL012
437,41.73,41.73,e,TURRA Andrea,1992,CM,ANA ATL.FELTRE,1 se- 7,Verona,2007-06-03,https://www.fidal.it/atleta/TURRA-Andrea/eKmRlJOgbmg%3D,https://www.fidal.it/societa/ANA-ATL-FELTRE/BL012
436,41.75,41.5,m,DALLA SEGA Andrea,1995,CM,ANA ATL.FELTRE,2 se- 1,Belluno,2010-04-17,https://www.fidal.it/atleta/DALLA-SEGA-Andrea/eKmRlJSgaGY%3D,https://www.fidal.it/societa/ANA-ATL-FELTRE/BL012
435,52.05,51.8,m,DE BACCO Emma,2006,CF,ANA ATL.FELTRE,4 se- 3,Alpago,2021-09-25,https://www.fidal.it/atleta/DE-BACCO-Emma/eKmRlJelbmU%3D,https://www.fidal.it/societa/ANA-ATL-FELTRE/BL012
435,52.05,51.8,m,DE BACCO Emma,2006,CF,ANA ATL.FELTRE,3 se- 2,Domegge Di Cadore,2021-07-10,https://www.fidal.it/atleta/DE-BACCO-Emma/eKmRlJelbmU%3D,https://www.fidal.it/societa/ANA-ATL-FELTRE/BL012
432,52.15,51.9,m,PIOLO Carlotta,2006,CF,ANA ATL.FELTRE,4 se- 2,Domegge Di Cadore,2021-07-10,https://www.fidal.it/atleta/PIOLO-Carlotta/eKmRlJiiaWk%3D,https://www.fidal.it/societa/ANA-ATL-FELTRE/BL012
428,52.25,52.0,m,MONDIN Sara,2001,CF,ANA ATL.FELTRE,5 se- 1,Belluno,2015-05-17,https://www.fidal.it/atleta/MONDIN-Sara/eKmRlJWoa2s%3D,https://www.fidal.it/societa/ANA-ATL-FELTRE/BL012
425,41.95,41.7,m,DALLA SEGA Andrea,1995,CM,ANA ATL.FELTRE,3 su- 1,Belluno,2010-09-01,https://www.fidal.it/atleta/DALLA-SEGA-Andrea/eKmRlJSgaGY%3D,https://www.fidal.it/societa/ANA-ATL-FELTRE/BL012
425,41.95,41.7,m,DALLA SEGA Andrea,1995,CM,ANA ATL.FELTRE,2 se- 1,Belluno,2010-09-01,https://www.fidal.it/atleta/DALLA-SEGA-Andrea/eKmRlJSgaGY%3D,https://www.fidal.it/societa/ANA-ATL-FELTRE/BL012
425,41.95,41.7,m,ZUGLIAN Giorgio,2000,AM,ANA ATL.FELTRE,3 se- 3,Feltre,2017-10-14,https://www.fidal.it/atleta/ZUGLIAN-Giorgio/eKmRlJOkaGo%3D,https://www.fidal.it/societa/ANA-ATL-FELTRE/BL012
425,52.35,52.1,m,TURRIN Caterina,2001,AF,ANA ATL.FELTRE,3 se- 1,Feltre,2017-10-14,https://www.fidal.it/atleta/TURRIN-Caterina/eKmRlJihaWw%3D,https://www.fidal.it/societa/ANA-ATL-FELTRE/BL012
425,52.35,52.1,m,MONDIN Sara,2001,CF,ANA ATL.FELTRE,5 se- 3,Feltre,2015-05-12,https://www.fidal.it/atleta/MONDIN-Sara/eKmRlJWoa2s%3D,https://www.fidal.it/societa/ANA-ATL-FELTRE/BL012
420,42.05,41.8,m,SCOPEL Luca,1994,CM,ANA ATL.FELTRE,6 se- 3,Mogliano Veneto,2008-09-28,https://www.fidal.it/atleta/SCOPEL-Luca/eKmRlJOmbWk%3D,https://www.fidal.it/societa/ANA-ATL-FELTRE/BL012
414,42.15,41.9,m,ZANDOMENEGHI Marco,1997,CM,ANA ATL.FELTRE,2 se- 5,Belluno,2011-10-15,https://www.fidal.it/atleta/ZANDOMENEGHI-Marco/eKmRlJWjb2o%3D,https://www.fidal.it/societa/ANA-ATL-FELTRE/BL012
411,52.75,52.5,m,DE BORTOLI Giulia,2004,CF,ANA ATL.FELTRE,4 se- 3,Domegge Di Cadore,2019-04-13,https://www.fidal.it/atleta/DE-BORTOLI-Giulia/eKmRlJWma2Q%3D,https://www.fidal.it/societa/ANA-ATL-FELTRE/BL012
409,42.25,42.0,m,PETITTO Leonardo,2008,CM,ANA ATL.FELTRE,1 se- 3,Agordo,2023-05-27,https://www.fidal.it/atleta/PETITTO-Leonardo/eKmRlJijbmQ%3D,https://www.fidal.it/societa/ANA-ATL-FELTRE/BL012
409,42.25,42.0,m,SCOPEL Simone,2006,CM,ANA ATL.FELTRE,2 se- 1,Domegge Di Cadore,2021-07-10,https://www.fidal.it/atleta/SCOPEL-Simone/eKmRlJeocGU%3D,https://www.fidal.it/societa/ANA-ATL-FELTRE/BL012
404,52.95,52.7,m,BERTELLE Arianna,2008,CF,ANA ATL.FELTRE,4 se- 2,Agordo,2022-05-22,https://www.fidal.it/atleta/BERTELLE-Arianna/eKmRlJikbGM%3D,https://www.fidal.it/societa/ANA-ATL-FELTRE/BL012
403,42.35,42.1,m,VELLO Michele,1997,CM,ANA ATL.FELTRE,2 se- 3,Belluno,2011-10-15,https://www.fidal.it/atleta/VELLO-Michele/eKmRlJSkb2U%3D,https://www.fidal.it/societa/ANA-ATL-FELTRE/BL012
403,42.35,42.1,m,VELLO Nicola,1990,CM,ANA ATL.FELTRE,1 su- 1,Longarone,2005-05-08,https://www.fidal.it/atleta/VELLO-Nicola/eKmRlJOgb2g%3D,https://www.fidal.it/societa/ANA-ATL-FELTRE/BL012
403,53.0,53.00,e,LAKHDAR Fatima,1997,CF,ANA ATL.FELTRE,4 se- 4,Treviso,2012-04-22,https://www.fidal.it/atleta/LAKHDAR-Fatima/eKmRlJWmbWo%3D,https://www.fidal.it/societa/ANA-ATL-FELTRE/BL012
402,53.01,53.01,e,BERTELLE Arianna,2008,CF,ANA ATL.FELTRE,3 se- 3,Feltre,2022-06-08,https://www.fidal.it/atleta/BERTELLE-Arianna/eKmRlJikbGM%3D,https://www.fidal.it/societa/ANA-ATL-FELTRE/BL012
398,42.45,42.2,m,RENTO Filippo,2002,CM,ANA ATL.FELTRE,2 se- 1,Agordo,2016-05-15,https://www.fidal.it/atleta/RENTO-Filippo/eKmRlJakbmM%3D,https://www.fidal.it/societa/ANA-ATL-FELTRE/BL012
392,42.55,42.3,m,BRUSATI Alex,2004,AM,ANA ATL.FELTRE,1 se- 2,Feltre,2021-06-16,https://www.fidal.it/atleta/BRUSATI-Alex/eKmRlJWfaGs%3D,https://www.fidal.it/societa/ANA-ATL-FELTRE/BL012
392,42.55,42.3,m,DILLI Thomas,1994,CM,ANA ATL.FELTRE,3 se- 1,Belluno,2008-10-18,https://www.fidal.it/atleta/DILLI-Thomas/eKmRlJOjbGc%3D,https://www.fidal.it/societa/ANA-ATL-FELTRE/BL012
388,53.45,53.2,m,BRUSTOLIN Irene,1999,CF,ANA ATL.FELTRE,4 se- 2,Belluno,2013-05-12,https://www.fidal.it/atleta/BRUSTOLIN-Irene/eKmRlJWnb2k%3D,https://www.fidal.it/societa/ANA-ATL-FELTRE/BL012
388,53.45,53.2,m,DE GIACOMETTI Lien,2006,CF,ANA ATL.FELTRE,2 se- 3,Domegge Di Cadore,2021-07-10,https://www.fidal.it/atleta/DE-GIACOMETTI-Lien/eKmRlJmlbWY%3D,https://www.fidal.it/societa/ANA-ATL-FELTRE/BL012
387,42.65,42.4,m,MAHJOUBI Amir mattia,2000,CM,ANA ATL.FELTRE,4 se- 1,Feltre,2015-05-12,https://www.fidal.it/atleta/MAHJOUBI-Amir-mattia/eKmRlJWoaGo%3D,https://www.fidal.it/societa/ANA-ATL-FELTRE/BL012
387,42.65,42.4,m,CRIVELLER Marco,2003,CM,ANA ATL.FELTRE,1 se- 1,Agordo,2018-04-22,https://www.fidal.it/atleta/CRIVELLER-Marco/eKmRlJWlb2Y%3D,https://www.fidal.it/societa/ANA-ATL-FELTRE/BL012
387,42.65,42.4,m,EL AOMARI Abderrahmane,1978,SM40,ANA ATL.FELTRE,4 se- 1,Feltre,2021-06-16,https://www.fidal.it/atleta/EL-AOMARI-Abderrahmane/eKmRlJSma2o%3D,https://www.fidal.it/societa/ANA-ATL-FELTRE/BL012
384,42.7,42.70,e,SALTAREL Riccardo,1997,CM,ANA ATL.FELTRE,4 se- 1,Treviso,2012-04-22,https://www.fidal.it/atleta/SALTAREL-Riccardo/eKmRlJWkbGw%3D,https://www.fidal.it/societa/ANA-ATL-FELTRE/BL012
381,53.65,53.4,m,D'INCAU Alessia,2008,CF,ANA ATL.FELTRE,5 se- 3,Agordo,2023-05-27,https://www.fidal.it/atleta/D-INCAU-Alessia/eKmRlJmhaGo%3D,https://www.fidal.it/societa/ANA-ATL-FELTRE/BL012
381,53.65,53.4,m,DE BORTOLI Giulia,2004,CF,ANA ATL.FELTRE,3 se- 7,Belluno,2018-04-28,https://www.fidal.it/atleta/DE-BORTOLI-Giulia/eKmRlJWma2Q%3D,https://www.fidal.it/societa/ANA-ATL-FELTRE/BL012
376,42.85,42.6,m,AGOSTINETTO Isacco,1999,CM,ANA ATL.FELTRE,1 se- 2,Feltre,2013-08-28,https://www.fidal.it/atleta/AGOSTINETTO-Isacco/eKyRkpaga2g%3D,https://www.fidal.it/societa/ANA-ATL-FELTRE/BL012
375,53.85,53.6,m,FERRACIN Giulia,2007,CF,ANA ATL.FELTRE,4 se- 4,Domegge Di Cadore,2021-05-15,https://www.fidal.it/atleta/FERRACIN-Giulia/eKmRlJmgbGw%3D,https://www.fidal.it/societa/ANA-ATL-FELTRE/BL012
371,42.95,42.95,e,DALLA SEGA Andrea,1995,CM,ANA ATL.FELTRE,3 se- 7,Mogliano Veneto,2009-09-20,https://www.fidal.it/atleta/DALLA-SEGA-Andrea/eKmRlJSgaGY%3D,https://www.fidal.it/societa/ANA-ATL-FELTRE/BL012
371,42.95,42.7,m,TURRA Andrea,1992,CM,ANA ATL.FELTRE,3 se- 1,Belluno,2006-06-21,https://www.fidal.it/atleta/TURRA-Andrea/eKmRlJOgbmg%3D,https://www.fidal.it/societa/ANA-ATL-FELTRE/BL012
371,42.95,42.7,m,PERCO Emilio,1994,CM,ANA ATL.FELTRE,4 se- 1,Belluno,2008-10-18,https://www.fidal.it/atleta/PERCO-Emilio/eKmRlJOjaGo%3D,https://www.fidal.it/societa/ANA-ATL-FELTRE/BL012
370,42.98,42.98,e,MARIN Leonardo,1998,CM,ANA ATL.FELTRE,2 se- 6,Bassano Del Grappa,2013-06-02,https://www.fidal.it/atleta/MARIN-Leonardo/eKmRlJaibmw%3D,https://www.fidal.it/societa/ANA-ATL-FELTRE/BL012
368,54.05,53.8,m,DE RIZ Chiara,2005,CF,ANA ATL.FELTRE,5 se- 4,Pederobba,2020-09-27,https://www.fidal.it/atleta/DE-RIZ-Chiara/eKmRlJioaWM%3D,https://www.fidal.it/societa/ANA-ATL-FELTRE/BL012
356,43.25,43.0,m,EL AOMARI Abderrahmane,1978,SM45,ANA ATL.FELTRE,4 se- 1,Borgo Valbelluna,2023-06-21,https://www.fidal.it/atleta/EL-AOMARI-Abderrahmane/eKmRlJSma2o%3D,https://www.fidal.it/societa/ANA-ATL-FELTRE/BL012
355,54.45,54.2,m,ZANNINI Giulia,2009,CF,ANA ATL.FELTRE,3 se- 6,Domegge Di Cadore,2023-04-22,https://www.fidal.it/atleta/ZANNINI-Giulia/eKmRlJiiamo%3D,https://www.fidal.it/societa/ANA-ATL-FELTRE/BL012
349,54.65,54.4,m,LUZZATTO Sara,2008,CF,ANA ATL.FELTRE,5 se- 2,Borgo Valbelluna,2023-06-21,https://www.fidal.it/atleta/LUZZATTO-Sara/eKmRlJmnamM%3D,https://www.fidal.it/societa/ANA-ATL-FELTRE/BL012
340,43.55,43.3,m,RECH Daniel,1993,CM,ANA ATL.FELTRE,5 se- 1,Longarone,2007-09-22,https://www.fidal.it/atleta/RECH-Daniel/eKmRlJKoaGs%3D,https://www.fidal.it/societa/ANA-ATL-FELTRE/BL012
340,43.55,43.3,m,PETITTO Leonardo,2008,CM,ANA ATL.FELTRE,4 se- 1,Borgo Valbelluna,2023-06-21,https://www.fidal.it/atleta/PETITTO-Leonardo/eKmRlJijbmQ%3D,https://www.fidal.it/societa/ANA-ATL-FELTRE/BL012
334,43.69,43.69,e,BALDISSERI Pietro,2008,CM,ANA ATL.FELTRE,2 se- 2,Feltre,2022-06-08,https://www.fidal.it/atleta/BALDISSERI-Pietro/eKmRlJeocGc%3D,https://www.fidal.it/societa/ANA-ATL-FELTRE/BL012
331,55.23,55.23,e,LUZZATTO Sara,2008,CF,ANA ATL.FELTRE,6 se- 2,Verona,2023-06-02,https://www.fidal.it/atleta/LUZZATTO-Sara/eKmRlJmnamM%3D,https://www.fidal.it/societa/ANA-ATL-FELTRE/BL012
328,55.35,55.1,m,ZABOT Anna,2003,CF,ANA ATL.FELTRE,6 su- 1,Belluno,2017-04-30,https://www.fidal.it/atleta/ZABOT-Anna/eKmRlJigaGY%3D,https://www.fidal.it/societa/ANA-ATL-FELTRE/BL012
317,44.03,44.03,e,SCOPEL Nicola,2008,CM,ANA ATL.FELTRE,3 se- 3,Verona,2023-06-02,https://www.fidal.it/atleta/SCOPEL-Nicola/eKmRlJeocGY%3D,https://www.fidal.it/societa/ANA-ATL-FELTRE/BL012
316,44.05,43.8,m,SCOPEL Simone,2006,CM,ANA ATL.FELTRE,3 se- 3,Agordo,2020-09-12,https://www.fidal.it/atleta/SCOPEL-Simone/eKmRlJeocGU%3D,https://www.fidal.it/societa/ANA-ATL-FELTRE/BL012
316,44.05,43.8,m,SALTAREL Riccardo,1997,CM,ANA ATL.FELTRE,3 se- 1,Belluno,2011-10-15,https://www.fidal.it/atleta/SALTAREL-Riccardo/eKmRlJWkbGw%3D,https://www.fidal.it/societa/ANA-ATL-FELTRE/BL012
311,44.15,43.9,m,PALONTA Valentino,1997,CM,ANA ATL.FELTRE,4 se- 1,Feltre,2011-06-01,https://www.fidal.it/atleta/PALONTA-Valentino/eKmRlJWjbmc%3D,https://www.fidal.it/societa/ANA-ATL-FELTRE/BL012
310,55.95,55.7,m,TERNA Michela,2008,CF,ANA ATL.FELTRE,6 se- 2,Borgo Valbelluna,2023-06-21,https://www.fidal.it/atleta/TERNA-Michela/eKmRlJqjbGw%3D,https://www.fidal.it/societa/ANA-ATL-FELTRE/BL012
306,44.25,44.0,m,TOIGO Emanuele,1999,CM,ANA ATL.FELTRE,2 se- 2,Belluno,2014-05-18,https://www.fidal.it/atleta/TOIGO-Emanuele/eKmRlJambGs%3D,https://www.fidal.it/societa/ANA-ATL-FELTRE/BL012
306,44.25,44.0,m,CAMPAGNOLI Lorenzo,1995,CM,ANA ATL.FELTRE,5 se- 1,Feltre,2009-08-26,https://www.fidal.it/atleta/CAMPAGNOLI-Lorenzo/eKmRlJOkcGg%3D,https://www.fidal.it/societa/ANA-ATL-FELTRE/BL012
306,44.25,44.0,m,DILLI Thomas,1994,CM,ANA ATL.FELTRE,5 su- 1,Longarone,2008-05-25,https://www.fidal.it/atleta/DILLI-Thomas/eKmRlJOjbGc%3D,https://www.fidal.it/societa/ANA-ATL-FELTRE/BL012
297,44.45,44.2,m,RECH Daniel,1993,CM,ANA ATL.FELTRE,2 su- 1,Belluno,2007-04-21,https://www.fidal.it/atleta/RECH-Daniel/eKmRlJKoaGs%3D,https://www.fidal.it/societa/ANA-ATL-FELTRE/BL012
297,44.45,44.2,m,SALTAREL Riccardo,1997,CM,ANA ATL.FELTRE,3 se- 1,Belluno,2011-09-03,https://www.fidal.it/atleta/SALTAREL-Riccardo/eKmRlJWkbGw%3D,https://www.fidal.it/societa/ANA-ATL-FELTRE/BL012
288,44.65,44.4,m,FANTINEL Davide,2005,AM,ANA ATL.FELTRE,2 se- 2,Feltre,2021-06-16,https://www.fidal.it/atleta/FANTINEL-Davide/eKmRlJmjcGQ%3D,https://www.fidal.it/societa/ANA-ATL-FELTRE/BL012
288,44.65,44.4,m,TURRA Andrea,1992,CM,ANA ATL.FELTRE,1 se- 1,Longarone,2007-05-12,https://www.fidal.it/atleta/TURRA-Andrea/eKmRlJOgbmg%3D,https://www.fidal.it/societa/ANA-ATL-FELTRE/BL012
279,44.85,44.6,m,SAADAOUI Omar,2008,CM,ANA ATL.FELTRE,3 se- 1,Alpago,2022-05-14,https://www.fidal.it/atleta/SAADAOUI-Omar/eKmRlJimbWU%3D,https://www.fidal.it/societa/ANA-ATL-FELTRE/BL012
274,44.96,44.96,e,RECH Martino,2007,CM,ANA ATL.FELTRE,2 se- 1,Agordo,2021-04-25,https://www.fidal.it/atleta/RECH-Martino/eKmRlJmgaGU%3D,https://www.fidal.it/societa/ANA-ATL-FELTRE/BL012
274,44.95,44.7,m,COLDEBELLA Diego,1997,CM,ANA ATL.FELTRE,3 se- 2,Belluno,2011-10-15,https://www.fidal.it/atleta/COLDEBELLA-Diego/eKmRlJSicWY%3D,https://www.fidal.it/societa/ANA-ATL-FELTRE/BL012
270,45.05,44.8,m,SCOPEL Nicola,2008,AM,ANA ATL.FELTRE,2 su- 1,Belluno,2024-04-06,https://www.fidal.it/atleta/SCOPEL-Nicola/eKmRlJeocGY%3D,https://www.fidal.it/societa/ANA-ATL-FELTRE/BL012
261,45.25,45.0,m,SCOPEL Nicola,2008,CM,ANA ATL.FELTRE,3 se- 1,Domegge Di Cadore,2023-04-22,https://www.fidal.it/atleta/SCOPEL-Nicola/eKmRlJeocGY%3D,https://www.fidal.it/societa/ANA-ATL-FELTRE/BL012
261,45.25,45.0,m,ZAPPIA Matteo,1998,CM,ANA ATL.FELTRE,5 se- 1,Belluno,2012-07-12,https://www.fidal.it/atleta/ZAPPIA-Matteo/eKmRlJSjcGM%3D,https://www.fidal.it/societa/ANA-ATL-FELTRE/BL012
256,45.35,45.1,m,SCOPEL Nicola,2008,CM,ANA ATL.FELTRE,2 se- 2,Borgo Valbelluna,2023-06-21,https://www.fidal.it/atleta/SCOPEL-Nicola/eKmRlJeocGY%3D,https://www.fidal.it/societa/ANA-ATL-FELTRE/BL012
244,45.65,45.4,m,ZAPPIA Matteo,1998,CM,ANA ATL.FELTRE,5 se- 1,Agordo,2013-07-10,https://www.fidal.it/atleta/ZAPPIA-Matteo/eKmRlJSjcGM%3D,https://www.fidal.it/societa/ANA-ATL-FELTRE/BL012
243,58.35,58.1,m,DUSO Noemi,2008,CF,ANA ATL.FELTRE,3 se- 3,Domegge Di Cadore,2022-04-30,https://www.fidal.it/atleta/DUSO-Noemi/eKmRlJimaWY%3D,https://www.fidal.it/societa/ANA-ATL-FELTRE/BL012
231,45.95,45.7,m,SCOPEL Nicola,2008,CM,ANA ATL.FELTRE,2 se- 3,Agordo,2023-05-27,https://www.fidal.it/atleta/SCOPEL-Nicola/eKmRlJeocGY%3D,https://www.fidal.it/societa/ANA-ATL-FELTRE/BL012
227,46.05,45.8,m,ANDREAZZA Manuel,2004,CM,ANA ATL.FELTRE,3 se- 1,Agordo,2018-10-06,https://www.fidal.it/atleta/ANDREAZZA-Manuel/eKmRlJifa2c%3D,https://www.fidal.it/societa/ANA-ATL-FELTRE/BL012
227,46.05,45.8,m,SAADAOUI Omar,2008,CM,ANA ATL.FELTRE,2 se- 2,Domegge Di Cadore,2022-04-30,https://www.fidal.it/atleta/SAADAOUI-Omar/eKmRlJimbWU%3D,https://www.fidal.it/societa/ANA-ATL-FELTRE/BL012
223,46.15,45.9,m,ANDREOLI Antonio,2008,CM,ANA ATL.FELTRE,2 su- 1,Agordo,2022-05-22,https://www.fidal.it/atleta/ANDREOLI-Antonio/eKmRlJmmbmM%3D,https://www.fidal.it/societa/ANA-ATL-FELTRE/BL012
219,46.25,46.0,m,ANTONIOL Samuel,2002,CM,ANA ATL.FELTRE,4 se- 2,Agordo,2016-05-15,https://www.fidal.it/atleta/ANTONIOL-Samuel/eKmRlJaobWU%3D,https://www.fidal.it/societa/ANA-ATL-FELTRE/BL012
210,59.65,59.4,m,LUZZATTO Sara,2008,CF,ANA ATL.FELTRE,4 se- 3,Domegge Di Cadore,2022-04-30,https://www.fidal.it/atleta/LUZZATTO-Sara/eKmRlJmnamM%3D,https://www.fidal.it/societa/ANA-ATL-FELTRE/BL012
196,46.85,46.6,m,SCOPEL Nicola,2008,CM,ANA ATL.FELTRE,4 su- 1,Agordo,2022-05-22,https://www.fidal.it/atleta/SCOPEL-Nicola/eKmRlJeocGY%3D,https://www.fidal.it/societa/ANA-ATL-FELTRE/BL012
187,60.65,1:00.4,m,CONZ Gioia,2004,CF,ANA ATL.FELTRE,6 se- 3,Agordo,2019-06-15,https://www.fidal.it/atleta/CONZ-Gioia/eKmRlJifa2g%3D,https://www.fidal.it/societa/ANA-ATL-FELTRE/BL012
184,47.15,46.9,m,BARTOLOMEI Matteo,2004,CM,ANA ATL.FELTRE,4 se- 2,Agordo,2018-04-22,https://www.fidal.it/atleta/BARTOLOMEI-Matteo/eKmRlJika2w%3D,https://www.fidal.it/societa/ANA-ATL-FELTRE/BL012
180,60.95,1:00.7,m,SCOPEL Elisa,2000,CF,ANA ATL.FELTRE,3 se- 2,Feltre,2015-05-12,https://www.fidal.it/atleta/SCOPEL-Elisa/eKmRlJefcGc%3D,https://www.fidal.it/societa/ANA-ATL-FELTRE/BL012
166,47.65,47.4,m,SCOPEL Enrico,2000,CM,ANA ATL.FELTRE,1 se- 4,Feltre,2014-08-28,https://www.fidal.it/atleta/SCOPEL-Enrico/eKmRlJSjcGw%3D,https://www.fidal.it/societa/ANA-ATL-FELTRE/BL012
159,47.85,47.6,m,PETITTO Leonardo,2008,CM,ANA ATL.FELTRE,4 se- 1,Domegge Di Cadore,2022-04-30,https://www.fidal.it/atleta/PETITTO-Leonardo/eKmRlJijbmQ%3D,https://www.fidal.it/societa/ANA-ATL-FELTRE/BL012
155,47.97,47.97,e,SCOPEL Nicola,2008,CM,ANA ATL.FELTRE,4 se- 1,Feltre,2022-06-08,https://www.fidal.it/atleta/SCOPEL-Nicola/eKmRlJeocGY%3D,https://www.fidal.it/societa/ANA-ATL-FELTRE/BL012
146,48.25,48.0,m,MENEGAZZO Giorgio,2009,CM,ANA ATL.FELTRE,1 se- 4,Agordo,2023-05-27,https://www.fidal.it/atleta/MENEGAZZO-Giorgio/eKmRlJeocGQ%3D,https://www.fidal.it/societa/ANA-ATL-FELTRE/BL012
136,48.55,48.3,m,MAZZOCCO Simone,2006,CM,ANA ATL.FELTRE,4 se- 2,Alpago,2021-09-25,https://www.fidal.it/atleta/MAZZOCCO-Simone/eKmRlJegaGM%3D,https://www.fidal.it/societa/ANA-ATL-FELTRE/BL012
122,49.03,49.03,e,COLUSSI Devid,2009,CM,ANA ATL.FELTRE,5 se- 1,Verona,2023-06-02,https://www.fidal.it/atleta/COLUSSI-Devid/eKmRlJmjams%3D,https://www.fidal.it/societa/ANA-ATL-FELTRE/BL012
109,49.45,49.2,m,MAZZOCCO Simone,2006,AM,ANA ATL.FELTRE,3 se- 1,Feltre,2022-04-13,https://www.fidal.it/atleta/MAZZOCCO-Simone/eKmRlJegaGM%3D,https://www.fidal.it/societa/ANA-ATL-FELTRE/BL012
88,50.25,50.0,m,COLUSSI Devid,2009,CM,ANA ATL.FELTRE,2 se- 4,Agordo,2023-05-27,https://www.fidal.it/atleta/COLUSSI-Devid/eKmRlJmjams%3D,https://www.fidal.it/societa/ANA-ATL-FELTRE/BL012
69,51.05,50.8,m,DA RIN DE MONEGO Lorenzo,2000,CM,ANA ATL.FELTRE,5 se- 3,Feltre,2015-05-12,https://www.fidal.it/atleta/DA-RIN-DE-MONEGO-Lorenzo/eKmRlJefa2M%3D,https://www.fidal.it/societa/ANA-ATL-FELTRE/BL012
