punteggio,prestazione,tempo,cronometraggio,atleta,anno,categoria,società,posizione,luogo,data,link_atleta,link_società
946,48.56,48.56,e,PERCO Emilio,1994,JM,ANA ATL.FELTRE,2 se- 1,Trento,2013-05-01,https://www.fidal.it/atleta/PERCO-Emilio/eKmRlJOjaGo%3D,https://www.fidal.it/societa/ANA-ATL-FELTRE/BL012
944,48.59,48.59,e,PERCO Emilio,1994,JM,ANA ATL.FELTRE,1 se- 1,Trento,2012-09-18,https://www.fidal.it/atleta/PERCO-Emilio/eKmRlJOjaGo%3D,https://www.fidal.it/societa/ANA-ATL-FELTRE/BL012
925,48.9,48.90,e,PERCO Emilio,1994,PM,ANA ATL.FELTRE,1 se- 1,Feltre,2014-06-21,https://www.fidal.it/atleta/PERCO-Emilio/eKmRlJOjaGo%3D,https://www.fidal.it/societa/ANA-ATL-FELTRE/BL012
897,49.35,49.35,e,PERCO Emilio,1994,JM,ANA ATL.FELTRE,2 se- 4,Bassano Del Grappa,2012-09-15,https://www.fidal.it/atleta/PERCO-Emilio/eKmRlJOjaGo%3D,https://www.fidal.it/societa/ANA-ATL-FELTRE/BL012
891,49.45,49.45,e,PERCO Emilio,1994,PM,ANA ATL.FELTRE,2 se- 2,Modena,2014-09-06,https://www.fidal.it/atleta/PERCO-Emilio/eKmRlJOjaGo%3D,https://www.fidal.it/societa/ANA-ATL-FELTRE/BL012
891,49.45,49.45,e,PERCO Emilio,1994,JM,ANA ATL.FELTRE,1 se- 7,Rovigo,2012-09-01,https://www.fidal.it/atleta/PERCO-Emilio/eKmRlJOjaGo%3D,https://www.fidal.it/societa/ANA-ATL-FELTRE/BL012
880,58.72,58.72,e,BOTTEGA Samantha,1994,PF,ANA ATL.FELTRE,3 se- 1,Caprino Veronese,2015-06-27,https://www.fidal.it/atleta/BOTTEGA-Samantha/eKmRlJKnb2Q%3D,https://www.fidal.it/societa/ANA-ATL-FELTRE/BL012
879,58.75,58.75,e,BOTTEGA Samantha,1994,PF,ANA ATL.FELTRE,3 se- 1,Ponzano Veneto,2015-07-03,https://www.fidal.it/atleta/BOTTEGA-Samantha/eKmRlJKnb2Q%3D,https://www.fidal.it/societa/ANA-ATL-FELTRE/BL012
874,58.91,58.91,e,BOTTEGA Samantha,1994,PF,ANA ATL.FELTRE,3 se- 1,Ponzano Veneto,2014-07-04,https://www.fidal.it/atleta/BOTTEGA-Samantha/eKmRlJKnb2Q%3D,https://www.fidal.it/societa/ANA-ATL-FELTRE/BL012
870,59.02,59.02,e,SCHENAL Anna,2004,AF,ANA ATL.FELTRE,2 se- 2,Feltre,2021-06-26,https://www.fidal.it/atleta/SCHENAL-Anna/eKmRlJajbWs%3D,https://www.fidal.it/societa/ANA-ATL-FELTRE/BL012
869,59.06,59.06,e,SCHENAL Anna,2004,AF,ANA ATL.FELTRE,2 ba- 1,Rieti,2021-07-10,https://www.fidal.it/atleta/SCHENAL-Anna/eKmRlJajbWs%3D,https://www.fidal.it/societa/ANA-ATL-FELTRE/BL012
864,59.2,59.20,e,BOTTEGA Samantha,1994,PF,ANA ATL.FELTRE,4 se- 1,Lana,2014-05-30,https://www.fidal.it/atleta/BOTTEGA-Samantha/eKmRlJKnb2Q%3D,https://www.fidal.it/societa/ANA-ATL-FELTRE/BL012
863,59.23,59.23,e,BOTTEGA Samantha,1994,PF,ANA ATL.FELTRE,5 se- 1,Marcon,2014-06-14,https://www.fidal.it/atleta/BOTTEGA-Samantha/eKmRlJKnb2Q%3D,https://www.fidal.it/societa/ANA-ATL-FELTRE/BL012
863,59.22,59.22,e,BOTTEGA Samantha,1994,PF,ANA ATL.FELTRE,3 se- 4,Feltre,2015-06-20,https://www.fidal.it/atleta/BOTTEGA-Samantha/eKmRlJKnb2Q%3D,https://www.fidal.it/societa/ANA-ATL-FELTRE/BL012
859,59.35,59.1,m,DALLO Francesca,1990,AF,ANA ATL.FELTRE,1 se- 1,Belluno,2007-10-20,https://www.fidal.it/atleta/DALLO-Francesca/eKiRlZSfamQ%3D,https://www.fidal.it/societa/ANA-ATL-FELTRE/BL012
852,59.56,59.56,e,BOTTEGA Samantha,1994,PF,ANA ATL.FELTRE,4 se- 2,Brugnera,2014-09-06,https://www.fidal.it/atleta/BOTTEGA-Samantha/eKmRlJKnb2Q%3D,https://www.fidal.it/societa/ANA-ATL-FELTRE/BL012
850,59.62,59.62,e,SCHENAL Anna,2004,AF,ANA ATL.FELTRE,3 se- 2,Cles,2021-09-25,https://www.fidal.it/atleta/SCHENAL-Anna/eKmRlJajbWs%3D,https://www.fidal.it/societa/ANA-ATL-FELTRE/BL012
849,59.65,59.65,e,SCHENAL Anna,2004,AF,ANA ATL.FELTRE,5 se- 1,Padova,2021-04-24,https://www.fidal.it/atleta/SCHENAL-Anna/eKmRlJajbWs%3D,https://www.fidal.it/societa/ANA-ATL-FELTRE/BL012
848,59.68,59.68,e,SCHENAL Anna,2004,AF,ANA ATL.FELTRE,1 se- 3,Bolzano,2021-06-05,https://www.fidal.it/atleta/SCHENAL-Anna/eKmRlJajbWs%3D,https://www.fidal.it/societa/ANA-ATL-FELTRE/BL012
847,50.19,50.19,e,SIRAGNA Lorenzo,2001,JM,ANA ATL.FELTRE,3 se- 2,Padova,2019-04-25,https://www.fidal.it/atleta/SIRAGNA-Lorenzo/eKmRlJahbmY%3D,https://www.fidal.it/societa/ANA-ATL-FELTRE/BL012
843,50.26,50.26,e,COSTA Edgard,1999,JM,ANA ATL.FELTRE,2 se- 3,Arzignano,2017-06-24,https://www.fidal.it/atleta/COSTA-Edgard/eKmRlJSjbmo%3D,https://www.fidal.it/societa/ANA-ATL-FELTRE/BL012
843,59.82,59.82,e,SCHENAL Anna,2004,AF,ANA ATL.FELTRE,6 se- 2,Padova,2021-05-23,https://www.fidal.it/atleta/SCHENAL-Anna/eKmRlJajbWs%3D,https://www.fidal.it/societa/ANA-ATL-FELTRE/BL012
842,59.86,59.86,e,BOTTEGA Samantha,1994,PF,ANA ATL.FELTRE,2 se- 2,Sacile,2014-07-11,https://www.fidal.it/atleta/BOTTEGA-Samantha/eKmRlJKnb2Q%3D,https://www.fidal.it/societa/ANA-ATL-FELTRE/BL012
842,50.27,50.27,e,TIREL Enrico,1993,JM,ANA ATL.FELTRE,3 se- 6,Feltre,2012-06-21,https://www.fidal.it/atleta/TIREL-Enrico/eKmRlJOjaGg%3D,https://www.fidal.it/societa/ANA-ATL-FELTRE/BL012
840,50.3,50.30,e,TIREL Enrico,1993,JM,ANA ATL.FELTRE,2 se- 7,Rovigo,2012-09-01,https://www.fidal.it/atleta/TIREL-Enrico/eKmRlJOjaGg%3D,https://www.fidal.it/societa/ANA-ATL-FELTRE/BL012
838,59.98,59.98,e,SCHENAL Anna,2004,JF,ANA ATL.FELTRE,1 se- 2,Feltre,2023-07-01,https://www.fidal.it/atleta/SCHENAL-Anna/eKmRlJajbWs%3D,https://www.fidal.it/societa/ANA-ATL-FELTRE/BL012
838,59.98,59.98,e,BOTTEGA Samantha,1994,PF,ANA ATL.FELTRE,2 se- 2,Codroipo,2015-06-02,https://www.fidal.it/atleta/BOTTEGA-Samantha/eKmRlJKnb2Q%3D,https://www.fidal.it/societa/ANA-ATL-FELTRE/BL012
835,60.06,1:00.06,e,BOTTEGA Samantha,1994,PF,ANA ATL.FELTRE,5 se- 1,Marcon,2015-05-09,https://www.fidal.it/atleta/BOTTEGA-Samantha/eKmRlJKnb2Q%3D,https://www.fidal.it/societa/ANA-ATL-FELTRE/BL012
832,60.16,1:00.16,e,SCHENAL Anna,2004,PF,ANA ATL.FELTRE,4 se- 5,Montebelluna,2024-07-18,https://www.fidal.it/atleta/SCHENAL-Anna/eKmRlJajbWs%3D,https://www.fidal.it/societa/ANA-ATL-FELTRE/BL012
832,60.16,1:00.16,e,SCHENAL Anna,2004,JF,ANA ATL.FELTRE,1 se- 1,Saronno,2023-09-16,https://www.fidal.it/atleta/SCHENAL-Anna/eKmRlJajbWs%3D,https://www.fidal.it/societa/ANA-ATL-FELTRE/BL012
831,50.47,50.47,e,SIRAGNA Lorenzo,2001,AM,ANA ATL.FELTRE,7 se- 1,Bressanone,2018-05-20,https://www.fidal.it/atleta/SIRAGNA-Lorenzo/eKmRlJahbmY%3D,https://www.fidal.it/societa/ANA-ATL-FELTRE/BL012
830,60.2,1:00.20,e,BARP Anna asia,2004,AF,ANA ATL.FELTRE,3 ba- 3,Rieti,2021-07-10,https://www.fidal.it/atleta/BARP-Anna-asia/eKmRlJekb2c%3D,https://www.fidal.it/societa/ANA-ATL-FELTRE/BL012
823,50.6,50.60,e,DE PAOLI Jacopo,1988,AM,ANA ATL.FELTRE,4 fi- 1,Rieti,2005-09-25,https://www.fidal.it/atleta/DE-PAOLI-Jacopo/eKiRlJWjbmY%3D,https://www.fidal.it/societa/ANA-ATL-FELTRE/BL012
819,60.53,1:00.53,e,SCHENAL Anna,2004,AF,ANA ATL.FELTRE,3 ba- 2,Rieti,2020-09-12,https://www.fidal.it/atleta/SCHENAL-Anna/eKmRlJajbWs%3D,https://www.fidal.it/societa/ANA-ATL-FELTRE/BL012
819,50.67,50.67,e,SIRAGNA Lorenzo,2001,JM,ANA ATL.FELTRE,3 se- 2,San Biagio Di Callalta,2019-05-11,https://www.fidal.it/atleta/SIRAGNA-Lorenzo/eKmRlJahbmY%3D,https://www.fidal.it/societa/ANA-ATL-FELTRE/BL012
818,60.57,1:00.57,e,BOTTEGA Samantha,1994,PF,ANA ATL.FELTRE,3 su- 1,Sacile,2014-05-17,https://www.fidal.it/atleta/BOTTEGA-Samantha/eKmRlJKnb2Q%3D,https://www.fidal.it/societa/ANA-ATL-FELTRE/BL012
817,50.7,50.70,e,SIRAGNA Lorenzo,2001,AM,ANA ATL.FELTRE,1 se- 1,San Biagio Di Callalta,2018-05-12,https://www.fidal.it/atleta/SIRAGNA-Lorenzo/eKmRlJahbmY%3D,https://www.fidal.it/societa/ANA-ATL-FELTRE/BL012
816,60.63,1:00.63,e,DAL PONT Rossella,1988,AF,ANA ATL.FELTRE,4 ba- 2,Rieti,2005-09-24,https://www.fidal.it/atleta/DAL-PONT-Rossella/eKiRlJWjb2w%3D,https://www.fidal.it/societa/ANA-ATL-FELTRE/BL012
814,60.68,1:00.68,e,BARP Anna asia,2004,AF,ANA ATL.FELTRE,3 se- 8,Bergamo,2021-07-03,https://www.fidal.it/atleta/BARP-Anna-asia/eKmRlJekb2c%3D,https://www.fidal.it/societa/ANA-ATL-FELTRE/BL012
813,60.72,1:00.72,e,BOTTEGA Samantha,1994,PF,ANA ATL.FELTRE,2 se- 2,Vicenza,2014-05-10,https://www.fidal.it/atleta/BOTTEGA-Samantha/eKmRlJKnb2Q%3D,https://www.fidal.it/societa/ANA-ATL-FELTRE/BL012
813,50.77,50.77,e,DE PAOLI Jacopo,1988,AM,ANA ATL.FELTRE,3 ba- 3,Rieti,2005-09-24,https://www.fidal.it/atleta/DE-PAOLI-Jacopo/eKiRlJWjbmY%3D,https://www.fidal.it/societa/ANA-ATL-FELTRE/BL012
809,50.85,50.85,e,DE PAOLI Jacopo,1988,AM,ANA ATL.FELTRE,3 se- 1,Rossano Veneto,2005-09-10,https://www.fidal.it/atleta/DE-PAOLI-Jacopo/eKiRlJWjbmY%3D,https://www.fidal.it/societa/ANA-ATL-FELTRE/BL012
809,50.84,50.84,e,DE PAOLI Jacopo,1988,AM,ANA ATL.FELTRE,1 se- 1,Pordenone,2005-10-08,https://www.fidal.it/atleta/DE-PAOLI-Jacopo/eKiRlJWjbmY%3D,https://www.fidal.it/societa/ANA-ATL-FELTRE/BL012
807,60.89,1:00.89,e,BARP Anna asia,2004,AF,ANA ATL.FELTRE,4 se- 3,Bolzano,2021-06-05,https://www.fidal.it/atleta/BARP-Anna-asia/eKmRlJekb2c%3D,https://www.fidal.it/societa/ANA-ATL-FELTRE/BL012
807,60.9,1:00.90,e,BOTTEGA Samantha,1994,PF,ANA ATL.FELTRE,5 se- 2,Olgiate Olona,2014-05-25,https://www.fidal.it/atleta/BOTTEGA-Samantha/eKmRlJKnb2Q%3D,https://www.fidal.it/societa/ANA-ATL-FELTRE/BL012
806,50.89,50.89,e,COSTA Edgard,1999,JM,ANA ATL.FELTRE,3 se- 2,Bussolengo,2017-05-06,https://www.fidal.it/atleta/COSTA-Edgard/eKmRlJSjbmo%3D,https://www.fidal.it/societa/ANA-ATL-FELTRE/BL012
806,50.9,50.90,e,COSTA Edgard,1999,AM,ANA ATL.FELTRE,1 se- 2,Bovolone,2016-10-01,https://www.fidal.it/atleta/COSTA-Edgard/eKmRlJSjbmo%3D,https://www.fidal.it/societa/ANA-ATL-FELTRE/BL012
805,60.95,1:00.95,e,BARP Anna asia,2004,AF,ANA ATL.FELTRE,2 se- 3,Venezia,2021-05-29,https://www.fidal.it/atleta/BARP-Anna-asia/eKmRlJekb2c%3D,https://www.fidal.it/societa/ANA-ATL-FELTRE/BL012
803,50.95,50.95,e,BORTOLIN Sebastiano,1998,JM,ANA ATL.FELTRE,1 se- 2,Padova,2016-04-25,https://www.fidal.it/atleta/BORTOLIN-Sebastiano/eKyRkpikcWo%3D,https://www.fidal.it/societa/ANA-ATL-FELTRE/BL012
802,50.96,50.96,e,ZANDOMENEGHI Marco,1997,PM,ANA ATL.FELTRE,3 se- 2,Catania,2017-06-16,https://www.fidal.it/atleta/ZANDOMENEGHI-Marco/eKmRlJWjb2o%3D,https://www.fidal.it/societa/ANA-ATL-FELTRE/BL012
800,61.11,1:01.11,e,DAL PONT Rossella,1988,AF,ANA ATL.FELTRE,3 se- 1,Rossano Veneto,2005-09-10,https://www.fidal.it/atleta/DAL-PONT-Rossella/eKiRlJWjb2w%3D,https://www.fidal.it/societa/ANA-ATL-FELTRE/BL012
800,51.0,51.00,e,PARANI Aire,1994,AM,ANA ATL.FELTRE,2 se- 1,Padova,2011-05-18,https://www.fidal.it/atleta/PARANI-Aire/eKmRlJSgaWo%3D,https://www.fidal.it/societa/ANA-ATL-FELTRE/BL012
800,61.12,1:01.12,e,SCHENAL Anna,2004,JF,ANA ATL.FELTRE,5 se- 1,Feltre,2022-06-25,https://www.fidal.it/atleta/SCHENAL-Anna/eKmRlJajbWs%3D,https://www.fidal.it/societa/ANA-ATL-FELTRE/BL012
799,51.02,51.02,e,BORTOLIN Sebastiano,1998,JM,ANA ATL.FELTRE,1 se- 2,Vicenza,2016-05-07,https://www.fidal.it/atleta/BORTOLIN-Sebastiano/eKyRkpikcWo%3D,https://www.fidal.it/societa/ANA-ATL-FELTRE/BL012
799,61.15,1:01.15,e,BARP Anna asia,2004,AF,ANA ATL.FELTRE,5 se- 1,Cles,2021-06-19,https://www.fidal.it/atleta/BARP-Anna-asia/eKmRlJekb2c%3D,https://www.fidal.it/societa/ANA-ATL-FELTRE/BL012
799,61.15,1:01.15,e,SCHENAL Anna,2004,AF,ANA ATL.FELTRE,4 se- 4,Mestre,2020-09-05,https://www.fidal.it/atleta/SCHENAL-Anna/eKmRlJajbWs%3D,https://www.fidal.it/societa/ANA-ATL-FELTRE/BL012
797,61.22,1:01.22,e,ZAETTA Chiara,1992,AF,ANA ATL.FELTRE,3 se- 1,Mestre,2009-05-02,https://www.fidal.it/atleta/ZAETTA-Chiara/eKmRlJKmbWk%3D,https://www.fidal.it/societa/ANA-ATL-FELTRE/BL012
793,61.33,1:01.33,e,SCHENAL Anna,2004,AF,ANA ATL.FELTRE,4 se- 2,Udine,2020-08-08,https://www.fidal.it/atleta/SCHENAL-Anna/eKmRlJajbWs%3D,https://www.fidal.it/societa/ANA-ATL-FELTRE/BL012
793,61.33,1:01.33,e,ZAETTA Chiara,1992,AF,ANA ATL.FELTRE,3 se- 1,Rosa,2009-05-23,https://www.fidal.it/atleta/ZAETTA-Chiara/eKmRlJKmbWk%3D,https://www.fidal.it/societa/ANA-ATL-FELTRE/BL012
793,61.33,1:01.33,e,DAL PONT Rossella,1988,AF,ANA ATL.FELTRE,2 se- 2,Riese Pio X,2005-09-04,https://www.fidal.it/atleta/DAL-PONT-Rossella/eKiRlJWjb2w%3D,https://www.fidal.it/societa/ANA-ATL-FELTRE/BL012
791,61.4,1:01.40,e,DAL PONT Rossella,1988,AF,ANA ATL.FELTRE,3 se- 1,Piombino Dese,2005-07-06,https://www.fidal.it/atleta/DAL-PONT-Rossella/eKiRlJWjb2w%3D,https://www.fidal.it/societa/ANA-ATL-FELTRE/BL012
790,61.42,1:01.42,e,BOTTEGA Samantha,1994,PF,ANA ATL.FELTRE,1 se- 2,Bassano,2014-04-27,https://www.fidal.it/atleta/BOTTEGA-Samantha/eKmRlJKnb2Q%3D,https://www.fidal.it/societa/ANA-ATL-FELTRE/BL012
789,51.2,51.20,e,VELLO Michele,1997,PM,ANA ATL.FELTRE,1 se- 3,Feltre,2017-08-23,https://www.fidal.it/atleta/VELLO-Michele/eKmRlJSkb2U%3D,https://www.fidal.it/societa/ANA-ATL-FELTRE/BL012
787,51.22,51.22,e,BORTOLIN Sebastiano,1998,JM,ANA ATL.FELTRE,2 se- 3,Agordo,2016-05-21,https://www.fidal.it/atleta/BORTOLIN-Sebastiano/eKyRkpikcWo%3D,https://www.fidal.it/societa/ANA-ATL-FELTRE/BL012
786,51.24,51.24,e,SIRAGNA Lorenzo,2001,AM,ANA ATL.FELTRE,2 se- 3,Caorle,2018-05-05,https://www.fidal.it/atleta/SIRAGNA-Lorenzo/eKmRlJahbmY%3D,https://www.fidal.it/societa/ANA-ATL-FELTRE/BL012
786,51.25,51.25,e,DE PAOLI Jacopo,1988,AM,ANA ATL.FELTRE,4 se- 1,Abano Terme,2005-05-15,https://www.fidal.it/atleta/DE-PAOLI-Jacopo/eKiRlJWjbmY%3D,https://www.fidal.it/societa/ANA-ATL-FELTRE/BL012
785,51.27,51.27,e,ZANDOMENEGHI Marco,1997,PM,ANA ATL.FELTRE,2 se- 5,San Biagio Di Callalta,2017-05-20,https://www.fidal.it/atleta/ZANDOMENEGHI-Marco/eKmRlJWjb2o%3D,https://www.fidal.it/societa/ANA-ATL-FELTRE/BL012
785,61.59,1:01.59,e,BARP Anna asia,2004,AF,ANA ATL.FELTRE,6 se- 2,Padova,2021-04-24,https://www.fidal.it/atleta/BARP-Anna-asia/eKmRlJekb2c%3D,https://www.fidal.it/societa/ANA-ATL-FELTRE/BL012
783,51.29,51.29,e,COSTA Edgard,1999,AM,ANA ATL.FELTRE,1 se- 1,Rossano Veneto,2016-09-11,https://www.fidal.it/atleta/COSTA-Edgard/eKmRlJSjbmo%3D,https://www.fidal.it/societa/ANA-ATL-FELTRE/BL012
781,61.7,1:01.70,e,DAL PONT Rossella,1988,JF,ANA ATL.FELTRE,4 se- 2,Marcon,2006-05-20,https://www.fidal.it/atleta/DAL-PONT-Rossella/eKiRlJWjb2w%3D,https://www.fidal.it/societa/ANA-ATL-FELTRE/BL012
781,61.7,1:01.70,e,DAL PONT Rossella,1988,AF,ANA ATL.FELTRE,4 se- 2,Cles,2005-08-25,https://www.fidal.it/atleta/DAL-PONT-Rossella/eKiRlJWjb2w%3D,https://www.fidal.it/societa/ANA-ATL-FELTRE/BL012
780,51.35,51.1,m,ZANDOMENEGHI Marco,1997,PM,ANA ATL.FELTRE,1 se- 1,Agordo,2017-09-30,https://www.fidal.it/atleta/ZANDOMENEGHI-Marco/eKmRlJWjb2o%3D,https://www.fidal.it/societa/ANA-ATL-FELTRE/BL012
779,61.75,1:01.75,e,SCHENAL Anna,2004,PF,ANA ATL.FELTRE,4 se- 1,Cles,2024-08-24,https://www.fidal.it/atleta/SCHENAL-Anna/eKmRlJajbWs%3D,https://www.fidal.it/societa/ANA-ATL-FELTRE/BL012
779,61.75,1:01.75,e,D'ALBERTO Arianna,2000,AF,ANA ATL.FELTRE,4 se- 1,Vicenza,2016-05-13,https://www.fidal.it/atleta/D-ALBERTO-Arianna/eKmRlJWmaGs%3D,https://www.fidal.it/societa/ANA-ATL-FELTRE/BL012
778,61.79,1:01.79,e,DAL PONT Rossella,1988,JF,ANA ATL.FELTRE,5 se- 1,Rosa,2006-06-28,https://www.fidal.it/atleta/DAL-PONT-Rossella/eKiRlJWjb2w%3D,https://www.fidal.it/societa/ANA-ATL-FELTRE/BL012
776,61.84,1:01.84,e,BARP Anna asia,2004,AF,ANA ATL.FELTRE,6 ba- 5,Rieti,2020-09-12,https://www.fidal.it/atleta/BARP-Anna-asia/eKmRlJekb2c%3D,https://www.fidal.it/societa/ANA-ATL-FELTRE/BL012
776,61.84,1:01.84,e,BARP Anna asia,2004,AF,ANA ATL.FELTRE,6 se- 3,Padova,2021-05-23,https://www.fidal.it/atleta/BARP-Anna-asia/eKmRlJekb2c%3D,https://www.fidal.it/societa/ANA-ATL-FELTRE/BL012
774,51.45,51.45,e,COSTA Edgard,1999,AM,ANA ATL.FELTRE,2 se- 1,Rosa,2016-09-17,https://www.fidal.it/atleta/COSTA-Edgard/eKmRlJSjbmo%3D,https://www.fidal.it/societa/ANA-ATL-FELTRE/BL012
773,51.48,51.48,e,PARANI Aire,1994,AM,ANA ATL.FELTRE,1 se- 1,Rovigo,2011-05-07,https://www.fidal.it/atleta/PARANI-Aire/eKmRlJSgaWo%3D,https://www.fidal.it/societa/ANA-ATL-FELTRE/BL012
773,51.47,51.47,e,SIRAGNA Lorenzo,2001,AM,ANA ATL.FELTRE,1 se- 1,Vicenza,2018-09-15,https://www.fidal.it/atleta/SIRAGNA-Lorenzo/eKmRlJahbmY%3D,https://www.fidal.it/societa/ANA-ATL-FELTRE/BL012
773,51.48,51.48,e,VELLO Michele,1997,PM,ANA ATL.FELTRE,2 se- 1,Arzignano,2017-09-24,https://www.fidal.it/atleta/VELLO-Michele/eKmRlJSkb2U%3D,https://www.fidal.it/societa/ANA-ATL-FELTRE/BL012
771,51.52,51.52,e,TIREL Enrico,1993,AM,ANA ATL.FELTRE,3 se- 4,Pergine Valsugana,2009-07-25,https://www.fidal.it/atleta/TIREL-Enrico/eKmRlJOjaGg%3D,https://www.fidal.it/societa/ANA-ATL-FELTRE/BL012
770,62.04,1:02.04,e,ZAETTA Chiara,1992,AF,ANA ATL.FELTRE,6 se- 1,Abano Terme,2008-05-24,https://www.fidal.it/atleta/ZAETTA-Chiara/eKmRlJKmbWk%3D,https://www.fidal.it/societa/ANA-ATL-FELTRE/BL012
768,51.57,51.57,e,ZANDOMENEGHI Marco,1997,PM,ANA ATL.FELTRE,3 se- 2,Arzignano,2017-09-24,https://www.fidal.it/atleta/ZANDOMENEGHI-Marco/eKmRlJWjb2o%3D,https://www.fidal.it/societa/ANA-ATL-FELTRE/BL012
765,51.61,51.61,e,SIRAGNA Lorenzo,2001,AM,ANA ATL.FELTRE,1 se- 2,Bovolone,2018-09-29,https://www.fidal.it/atleta/SIRAGNA-Lorenzo/eKmRlJahbmY%3D,https://www.fidal.it/societa/ANA-ATL-FELTRE/BL012
764,51.64,51.64,e,COSTA Edgard,1999,AM,ANA ATL.FELTRE,1 se- 2,Aquila,2015-10-03,https://www.fidal.it/atleta/COSTA-Edgard/eKmRlJSjbmo%3D,https://www.fidal.it/societa/ANA-ATL-FELTRE/BL012
764,51.63,51.63,e,PARANI Aire,1994,JM,ANA ATL.FELTRE,3 se- 1,Vicenza,2012-05-19,https://www.fidal.it/atleta/PARANI-Aire/eKmRlJSgaWo%3D,https://www.fidal.it/societa/ANA-ATL-FELTRE/BL012
763,62.27,1:02.27,e,RENTO Ilaria,2001,PF,ANA ATL.FELTRE,3 su- 1,Lana,2022-04-23,https://www.fidal.it/atleta/RENTO-Ilaria/eKmRlJaha2c%3D,https://www.fidal.it/societa/ANA-ATL-FELTRE/BL012
762,51.68,51.68,e,TIREL Enrico,1993,AM,ANA ATL.FELTRE,1 se- 1,Mestre,2009-05-02,https://www.fidal.it/atleta/TIREL-Enrico/eKmRlJOjaGg%3D,https://www.fidal.it/societa/ANA-ATL-FELTRE/BL012
762,51.68,51.68,e,TIREL Enrico,1993,JM,ANA ATL.FELTRE,1 se- 1,Treviso,2012-04-22,https://www.fidal.it/atleta/TIREL-Enrico/eKmRlJOjaGg%3D,https://www.fidal.it/societa/ANA-ATL-FELTRE/BL012
761,62.32,1:02.32,e,D'ALBERTO Arianna,2000,CF,ANA ATL.FELTRE,3 se- 1,Jesolo,2015-04-14,https://www.fidal.it/atleta/D-ALBERTO-Arianna/eKmRlJWmaGs%3D,https://www.fidal.it/societa/ANA-ATL-FELTRE/BL012
760,51.71,51.71,e,SIRAGNA Lorenzo,2001,AM,ANA ATL.FELTRE,1 se- 3,Piombino Dese,2018-04-25,https://www.fidal.it/atleta/SIRAGNA-Lorenzo/eKmRlJahbmY%3D,https://www.fidal.it/societa/ANA-ATL-FELTRE/BL012
755,62.51,1:02.51,e,ZAETTA Chiara,1992,AF,ANA ATL.FELTRE,4 se- 1,Mogliano Veneto,2009-09-19,https://www.fidal.it/atleta/ZAETTA-Chiara/eKmRlJKmbWk%3D,https://www.fidal.it/societa/ANA-ATL-FELTRE/BL012
753,62.57,1:02.57,e,DAL PONT Rossella,1988,JF,ANA ATL.FELTRE,5 se- 1,Tezze Sul Brenta,2006-06-07,https://www.fidal.it/atleta/DAL-PONT-Rossella/eKiRlJWjb2w%3D,https://www.fidal.it/societa/ANA-ATL-FELTRE/BL012
750,51.88,51.88,e,DAL SASSO Alberto,1998,PM,ANA ATL.FELTRE,1 se- 7,Feltre,2019-06-22,https://www.fidal.it/atleta/DAL-SASSO-Alberto/eKmRlJWfbGs%3D,https://www.fidal.it/societa/ANA-ATL-FELTRE/BL012
749,62.7,1:02.70,e,BARP Anna asia,2004,CF,ANA ATL.FELTRE,8 se- 1,Padova,2019-05-15,https://www.fidal.it/atleta/BARP-Anna-asia/eKmRlJekb2c%3D,https://www.fidal.it/societa/ANA-ATL-FELTRE/BL012
748,51.92,51.92,e,ZANDOMENEGHI Marco,1997,PM,ANA ATL.FELTRE,3 se- 4,Isernia,2018-05-19,https://www.fidal.it/atleta/ZANDOMENEGHI-Marco/eKmRlJWjb2o%3D,https://www.fidal.it/societa/ANA-ATL-FELTRE/BL012
747,51.95,51.7,m,TIREL Enrico,1993,AM,ANA ATL.FELTRE,1 se- 1,Feltre,2010-08-25,https://www.fidal.it/atleta/TIREL-Enrico/eKmRlJOjaGg%3D,https://www.fidal.it/societa/ANA-ATL-FELTRE/BL012
747,51.95,51.95,e,PARANI Aire,1994,AM,ANA ATL.FELTRE,4 se- 3,Marcon,2011-05-14,https://www.fidal.it/atleta/PARANI-Aire/eKmRlJSgaWo%3D,https://www.fidal.it/societa/ANA-ATL-FELTRE/BL012
747,51.94,51.94,e,BORTOLIN Sebastiano,1998,JM,ANA ATL.FELTRE,1 se- 2,Caorle,2016-04-09,https://www.fidal.it/atleta/BORTOLIN-Sebastiano/eKyRkpikcWo%3D,https://www.fidal.it/societa/ANA-ATL-FELTRE/BL012
746,62.8,1:02.80,e,BARP Anna asia,2004,AF,ANA ATL.FELTRE,6 se- 4,Mestre,2020-09-05,https://www.fidal.it/atleta/BARP-Anna-asia/eKmRlJekb2c%3D,https://www.fidal.it/societa/ANA-ATL-FELTRE/BL012
745,51.98,51.98,e,PARANI Aire,1994,AM,ANA ATL.FELTRE,3 se- 1,Saronno,2011-06-11,https://www.fidal.it/atleta/PARANI-Aire/eKmRlJSgaWo%3D,https://www.fidal.it/societa/ANA-ATL-FELTRE/BL012
744,51.99,51.99,e,TONO Lorenzo,1994,PM,ANA ATL.FELTRE,6 se- 1,Feltre,2014-06-21,https://www.fidal.it/atleta/TONO-Lorenzo/eKmRlJKna2c%3D,https://www.fidal.it/societa/ANA-ATL-FELTRE/BL012
743,52.02,52.02,e,ZANDOMENEGHI Marco,1997,PM,ANA ATL.FELTRE,3 se- 3,Padova,2017-04-25,https://www.fidal.it/atleta/ZANDOMENEGHI-Marco/eKmRlJWjb2o%3D,https://www.fidal.it/societa/ANA-ATL-FELTRE/BL012
741,52.05,51.8,m,DE PAOLI Jacopo,1988,AM,ANA ATL.FELTRE,1 su- 1,Feltre,2005-08-28,https://www.fidal.it/atleta/DE-PAOLI-Jacopo/eKiRlJWjbmY%3D,https://www.fidal.it/societa/ANA-ATL-FELTRE/BL012
741,62.95,1:02.95,e,ZAETTA Chiara,1992,JF,ANA ATL.FELTRE,3 se- 1,Piombino Dese,2010-04-17,https://www.fidal.it/atleta/ZAETTA-Chiara/eKmRlJKmbWk%3D,https://www.fidal.it/societa/ANA-ATL-FELTRE/BL012
740,62.99,1:02.99,e,D'ALBERTO Arianna,2000,JF,ANA ATL.FELTRE,1 se- 3,Vittorio Veneto,2019-07-13,https://www.fidal.it/atleta/D-ALBERTO-Arianna/eKmRlJWmaGs%3D,https://www.fidal.it/societa/ANA-ATL-FELTRE/BL012
739,63.01,1:03.01,e,BARP Anna asia,2004,JF,ANA ATL.FELTRE,6 se- 2,Padova,2022-05-14,https://www.fidal.it/atleta/BARP-Anna-asia/eKmRlJekb2c%3D,https://www.fidal.it/societa/ANA-ATL-FELTRE/BL012
739,52.09,52.09,e,ZANDOMENEGHI Marco,1997,PM,ANA ATL.FELTRE,1 se- 2,Feltre,2018-08-31,https://www.fidal.it/atleta/ZANDOMENEGHI-Marco/eKmRlJWjb2o%3D,https://www.fidal.it/societa/ANA-ATL-FELTRE/BL012
738,63.06,1:03.06,e,FANTINEL Ilaria,1998,AF,ANA ATL.FELTRE,2 se- 2,Padova,2014-09-20,https://www.fidal.it/atleta/FANTINEL-Ilaria/eKmRlJWlbWU%3D,https://www.fidal.it/societa/ANA-ATL-FELTRE/BL012
737,52.13,52.13,e,ZANDOMENEGHI Marco,1997,PM,ANA ATL.FELTRE,3 se- 1,Feltre,2017-08-23,https://www.fidal.it/atleta/ZANDOMENEGHI-Marco/eKmRlJWjb2o%3D,https://www.fidal.it/societa/ANA-ATL-FELTRE/BL012
736,52.15,51.9,m,DE PAOLI Jacopo,1988,AM,ANA ATL.FELTRE,1 se- 1,Vittorio Veneto,2005-05-07,https://www.fidal.it/atleta/DE-PAOLI-Jacopo/eKiRlJWjbmY%3D,https://www.fidal.it/societa/ANA-ATL-FELTRE/BL012
735,63.15,1:02.9,m,D'ALBERTO Arianna,2000,JF,ANA ATL.FELTRE,1 su- 1,Feltre,2018-06-30,https://www.fidal.it/atleta/D-ALBERTO-Arianna/eKmRlJWmaGs%3D,https://www.fidal.it/societa/ANA-ATL-FELTRE/BL012
735,52.16,52.16,e,TIREL Enrico,1993,AM,ANA ATL.FELTRE,3 se- 2,Trento,2009-06-06,https://www.fidal.it/atleta/TIREL-Enrico/eKmRlJOjaGg%3D,https://www.fidal.it/societa/ANA-ATL-FELTRE/BL012
735,52.16,52.16,e,TONO Lorenzo,1994,PM,ANA ATL.FELTRE,2 se- 1,Sacile,2014-05-17,https://www.fidal.it/atleta/TONO-Lorenzo/eKmRlJKna2c%3D,https://www.fidal.it/societa/ANA-ATL-FELTRE/BL012
734,63.17,1:03.17,e,DE CARLI Alessandra,2001,JF,ANA ATL.FELTRE,3 se- 2,Feltre,2019-06-22,https://www.fidal.it/atleta/DE-CARLI-Alessandra/eKmRlJalbmo%3D,https://www.fidal.it/societa/ANA-ATL-FELTRE/BL012
733,52.19,52.19,e,GIAZZON Francesco,2000,AM,ANA ATL.FELTRE,3 se- 4,Arzignano,2017-06-24,https://www.fidal.it/atleta/GIAZZON-Francesco/eKmRlJakaGg%3D,https://www.fidal.it/societa/ANA-ATL-FELTRE/BL012
732,52.21,52.21,e,BORTOLIN Sebastiano,1998,JM,ANA ATL.FELTRE,3 se- 1,Caorle,2016-05-28,https://www.fidal.it/atleta/BORTOLIN-Sebastiano/eKyRkpikcWo%3D,https://www.fidal.it/societa/ANA-ATL-FELTRE/BL012
732,63.24,1:03.24,e,BARP Anna asia,2004,AF,ANA ATL.FELTRE,6 se- 1,Bolzano,2020-08-23,https://www.fidal.it/atleta/BARP-Anna-asia/eKmRlJekb2c%3D,https://www.fidal.it/societa/ANA-ATL-FELTRE/BL012
731,52.23,52.23,e,VELLO Michele,1997,JM,ANA ATL.FELTRE,5 se- 1,Bassano Del Grappa,2015-05-16,https://www.fidal.it/atleta/VELLO-Michele/eKmRlJSkb2U%3D,https://www.fidal.it/societa/ANA-ATL-FELTRE/BL012
728,52.29,52.29,e,TONO Lorenzo,1994,PM,ANA ATL.FELTRE,5 se- 1,Treviso,2014-05-28,https://www.fidal.it/atleta/TONO-Lorenzo/eKmRlJKna2c%3D,https://www.fidal.it/societa/ANA-ATL-FELTRE/BL012
728,52.28,52.28,e,COSTA Edgard,1999,AM,ANA ATL.FELTRE,4 se- 3,Caprino Veronese,2015-06-27,https://www.fidal.it/atleta/COSTA-Edgard/eKmRlJSjbmo%3D,https://www.fidal.it/societa/ANA-ATL-FELTRE/BL012
727,52.31,52.31,e,VELLO Michele,1997,JM,ANA ATL.FELTRE,4 se- 5,Rovigo,2015-06-06,https://www.fidal.it/atleta/VELLO-Michele/eKmRlJSkb2U%3D,https://www.fidal.it/societa/ANA-ATL-FELTRE/BL012
727,52.31,52.31,e,PARANI Aire,1994,AM,ANA ATL.FELTRE,6 se- 2,Saronno,2010-06-26,https://www.fidal.it/atleta/PARANI-Aire/eKmRlJSgaWo%3D,https://www.fidal.it/societa/ANA-ATL-FELTRE/BL012
725,63.45,1:03.2,m,DAL PONT Rossella,1988,AF,ANA ATL.FELTRE,4 se- 1,Arzignano,2005-05-21,https://www.fidal.it/atleta/DAL-PONT-Rossella/eKiRlJWjb2w%3D,https://www.fidal.it/societa/ANA-ATL-FELTRE/BL012
723,52.38,52.38,e,COLLE Nicola,1996,AM,ANA ATL.FELTRE,1 se- 4,Feltre,2012-06-21,https://www.fidal.it/atleta/COLLE-Nicola/eKmRlJSla2o%3D,https://www.fidal.it/societa/ANA-ATL-FELTRE/BL012
723,63.52,1:03.52,e,CORRENT Chiara,1999,JF,ANA ATL.FELTRE,5 se- 1,Padova,2017-04-25,https://www.fidal.it/atleta/CORRENT-Chiara/eKmRlJWhbGQ%3D,https://www.fidal.it/societa/ANA-ATL-FELTRE/BL012
719,52.45,52.45,e,ZABOT Julian,2002,AM,ANA ATL.FELTRE,3 se- 2,Bolzano,2018-06-09,https://www.fidal.it/atleta/ZABOT-Julian/eKmRlJelbGY%3D,https://www.fidal.it/societa/ANA-ATL-FELTRE/BL012
718,52.47,52.47,e,POLESANA Filippo,2000,SM,ANA ATL.FELTRE,3 se- 2,Conegliano,2024-05-11,https://www.fidal.it/atleta/POLESANA-Filippo/eKmRlJSobGY%3D,https://www.fidal.it/societa/ANA-ATL-FELTRE/BL012
718,52.47,52.47,e,PARANI Aire,1994,JM,ANA ATL.FELTRE,2 se- 1,Vicenza,2012-04-15,https://www.fidal.it/atleta/PARANI-Aire/eKmRlJSgaWo%3D,https://www.fidal.it/societa/ANA-ATL-FELTRE/BL012
716,52.5,52.50,e,ROSSA Matteo,1998,AM,ANA ATL.FELTRE,2 se- 1,Jesolo,2015-04-14,https://www.fidal.it/atleta/ROSSA-Matteo/eKmRlJWoamo%3D,https://www.fidal.it/societa/ANA-ATL-FELTRE/BL012
715,52.53,52.53,e,PARANI Aire,1994,AM,ANA ATL.FELTRE,3 se- 7,Pergine Valsugana,2010-07-10,https://www.fidal.it/atleta/PARANI-Aire/eKmRlJSgaWo%3D,https://www.fidal.it/societa/ANA-ATL-FELTRE/BL012
715,52.52,52.52,e,VELLO Michele,1997,PM,ANA ATL.FELTRE,5 se- 5,Isernia,2018-05-19,https://www.fidal.it/atleta/VELLO-Michele/eKmRlJSkb2U%3D,https://www.fidal.it/societa/ANA-ATL-FELTRE/BL012
714,52.54,52.54,e,TIREL Enrico,1993,AM,ANA ATL.FELTRE,4 se- 2,Trento,2010-08-28,https://www.fidal.it/atleta/TIREL-Enrico/eKmRlJOjaGg%3D,https://www.fidal.it/societa/ANA-ATL-FELTRE/BL012
713,52.56,52.56,e,SCOPEL Luca,1994,JM,ANA ATL.FELTRE,1 se- 6,Pergine Valsugana,2012-07-21,https://www.fidal.it/atleta/SCOPEL-Luca/eKmRlJOmbWk%3D,https://www.fidal.it/societa/ANA-ATL-FELTRE/BL012
711,52.61,52.61,e,COSTA Edgard,1999,AM,ANA ATL.FELTRE,1 se- 6,Vicenza,2015-05-02,https://www.fidal.it/atleta/COSTA-Edgard/eKmRlJSjbmo%3D,https://www.fidal.it/societa/ANA-ATL-FELTRE/BL012
710,52.62,52.62,e,POLESANA Filippo,2000,SM,ANA ATL.FELTRE,1 se- 5,Feltre,2023-07-01,https://www.fidal.it/atleta/POLESANA-Filippo/eKmRlJSobGY%3D,https://www.fidal.it/societa/ANA-ATL-FELTRE/BL012
707,64.06,1:04.06,e,ZAETTA Chiara,1992,AF,ANA ATL.FELTRE,4 se- 2,Rossano Veneto,2009-09-06,https://www.fidal.it/atleta/ZAETTA-Chiara/eKmRlJKmbWk%3D,https://www.fidal.it/societa/ANA-ATL-FELTRE/BL012
705,52.72,52.72,e,VELLO Michele,1997,PM,ANA ATL.FELTRE,5 se- 1,Piombino Dese,2018-04-25,https://www.fidal.it/atleta/VELLO-Michele/eKmRlJSkb2U%3D,https://www.fidal.it/societa/ANA-ATL-FELTRE/BL012
705,52.72,52.72,e,ROSSA Matteo,1998,SM,ANA ATL.FELTRE,3 se- 7,Feltre,2024-06-22,https://www.fidal.it/atleta/ROSSA-Matteo/eKmRlJWoamo%3D,https://www.fidal.it/societa/ANA-ATL-FELTRE/BL012
704,52.74,52.74,e,DALLA SEGA Davide,1999,JM,ANA ATL.FELTRE,3 se- 3,Piombino Dese,2018-04-25,https://www.fidal.it/atleta/DALLA-SEGA-Davide/eKmRlJala2c%3D,https://www.fidal.it/societa/ANA-ATL-FELTRE/BL012
703,64.18,1:04.18,e,DE CARLI Alessandra,2001,JF,ANA ATL.FELTRE,3 se- 3,San Giovanni Lupatoto,2019-04-14,https://www.fidal.it/atleta/DE-CARLI-Alessandra/eKmRlJalbmo%3D,https://www.fidal.it/societa/ANA-ATL-FELTRE/BL012
700,52.8,52.80,e,ZANDOMENEGHI Marco,1997,JM,ANA ATL.FELTRE,1 se- 3,Cles,2016-08-25,https://www.fidal.it/atleta/ZANDOMENEGHI-Marco/eKmRlJWjb2o%3D,https://www.fidal.it/societa/ANA-ATL-FELTRE/BL012
698,52.85,52.85,e,ZANDOMENEGHI Marco,1997,PM,ANA ATL.FELTRE,2 se- 2,Marcon,2017-04-08,https://www.fidal.it/atleta/ZANDOMENEGHI-Marco/eKmRlJWjb2o%3D,https://www.fidal.it/societa/ANA-ATL-FELTRE/BL012
698,64.33,1:04.33,e,DALLA SANTA Angela,1999,JF,ANA ATL.FELTRE,2 se- 1,Feltre,2018-08-31,https://www.fidal.it/atleta/DALLA-SANTA-Angela/eKmRlJifcWs%3D,https://www.fidal.it/societa/ANA-ATL-FELTRE/BL012
697,52.87,52.87,e,PARANI Aire,1994,AM,ANA ATL.FELTRE,1 se- 3,Marcon,2011-04-10,https://www.fidal.it/atleta/PARANI-Aire/eKmRlJSgaWo%3D,https://www.fidal.it/societa/ANA-ATL-FELTRE/BL012
696,52.88,52.88,e,VELLO Michele,1997,AM,ANA ATL.FELTRE,1 se- 1,Trento,2014-10-04,https://www.fidal.it/atleta/VELLO-Michele/eKmRlJSkb2U%3D,https://www.fidal.it/societa/ANA-ATL-FELTRE/BL012
696,52.89,52.89,e,SIRAGNA Lorenzo,2001,AM,ANA ATL.FELTRE,1 se- 3,Rossano Veneto,2018-09-01,https://www.fidal.it/atleta/SIRAGNA-Lorenzo/eKmRlJahbmY%3D,https://www.fidal.it/societa/ANA-ATL-FELTRE/BL012
694,52.91,52.91,e,ZABOT Julian,2002,AM,ANA ATL.FELTRE,1 se- 4,Piombino Dese,2018-04-25,https://www.fidal.it/atleta/ZABOT-Julian/eKmRlJelbGY%3D,https://www.fidal.it/societa/ANA-ATL-FELTRE/BL012
694,52.92,52.92,e,PARANI Aire,1994,AM,ANA ATL.FELTRE,6 se- 1,Mestre,2010-05-08,https://www.fidal.it/atleta/PARANI-Aire/eKmRlJSgaWo%3D,https://www.fidal.it/societa/ANA-ATL-FELTRE/BL012
694,52.91,52.91,e,PARANI Aire,1994,AM,ANA ATL.FELTRE,1 se- 1,Feltre,2010-06-19,https://www.fidal.it/atleta/PARANI-Aire/eKmRlJSgaWo%3D,https://www.fidal.it/societa/ANA-ATL-FELTRE/BL012
694,64.47,1:04.47,e,DE CARLI Alessandra,2001,AF,ANA ATL.FELTRE,3 se- 1,Feltre,2018-08-31,https://www.fidal.it/atleta/DE-CARLI-Alessandra/eKmRlJalbmo%3D,https://www.fidal.it/societa/ANA-ATL-FELTRE/BL012
694,64.46,1:04.46,e,BARP Anna asia,2004,JF,ANA ATL.FELTRE,3 se- 2,Feltre,2022-06-25,https://www.fidal.it/atleta/BARP-Anna-asia/eKmRlJekb2c%3D,https://www.fidal.it/societa/ANA-ATL-FELTRE/BL012
692,52.96,52.96,e,MAHJOUBI Amir mattia,2000,AM,ANA ATL.FELTRE,4 se- 1,Bolzano,2017-06-03,https://www.fidal.it/atleta/MAHJOUBI-Amir-mattia/eKmRlJWoaGo%3D,https://www.fidal.it/societa/ANA-ATL-FELTRE/BL012
690,53.0,53.00,e,ZANDOMENEGHI Marco,1997,PM,ANA ATL.FELTRE,5 se- 2,Caorle,2018-05-05,https://www.fidal.it/atleta/ZANDOMENEGHI-Marco/eKmRlJWjb2o%3D,https://www.fidal.it/societa/ANA-ATL-FELTRE/BL012
689,53.01,53.01,e,ZABOT Julian,2002,AM,ANA ATL.FELTRE,2 se- 2,Rosa',2019-09-07,https://www.fidal.it/atleta/ZABOT-Julian/eKmRlJelbGY%3D,https://www.fidal.it/societa/ANA-ATL-FELTRE/BL012
689,53.01,53.01,e,DE PAOLI Nicola,1992,PM,ANA ATL.FELTRE,1 se- 5,Trento,2012-09-18,https://www.fidal.it/atleta/DE-PAOLI-Nicola/eKmRlJWocGU%3D,https://www.fidal.it/societa/ANA-ATL-FELTRE/BL012
689,53.02,53.02,e,PARANI Aire,1994,JM,ANA ATL.FELTRE,5 se- 2,Trento,2012-05-13,https://www.fidal.it/atleta/PARANI-Aire/eKmRlJSgaWo%3D,https://www.fidal.it/societa/ANA-ATL-FELTRE/BL012
687,53.05,53.05,e,DE PAOLI Jacopo,1988,AM,ANA ATL.FELTRE,1 se- 1,Piombino Dese,2005-07-06,https://www.fidal.it/atleta/DE-PAOLI-Jacopo/eKiRlJWjbmY%3D,https://www.fidal.it/societa/ANA-ATL-FELTRE/BL012
687,53.05,53.05,e,SCHENAL Alessandro,1996,JM,ANA ATL.FELTRE,1 se- 3,Feltre,2015-06-20,https://www.fidal.it/atleta/SCHENAL-Alessandro/eKmRlJOja2s%3D,https://www.fidal.it/societa/ANA-ATL-FELTRE/BL012
686,53.07,53.07,e,ZANDOMENEGHI Marco,1997,JM,ANA ATL.FELTRE,5 se- 2,Bassano Del Grappa,2015-05-16,https://www.fidal.it/atleta/ZANDOMENEGHI-Marco/eKmRlJWjb2o%3D,https://www.fidal.it/societa/ANA-ATL-FELTRE/BL012
685,53.08,53.08,e,ZANDOMENEGHI Marco,1997,JM,ANA ATL.FELTRE,2 se- 5,Marcon,2015-05-09,https://www.fidal.it/atleta/ZANDOMENEGHI-Marco/eKmRlJWjb2o%3D,https://www.fidal.it/societa/ANA-ATL-FELTRE/BL012
683,53.13,53.13,e,BATTISTEL Samuele,2004,JM,ANA ATL.FELTRE,3 se- 1,Padova,2022-05-14,https://www.fidal.it/atleta/BATTISTEL-Samuele/eKmRlJahaGM%3D,https://www.fidal.it/societa/ANA-ATL-FELTRE/BL012
683,53.13,53.13,e,ROSSA Matteo,1998,SM,ANA ATL.FELTRE,4 se- 3,Riccione,2024-09-07,https://www.fidal.it/atleta/ROSSA-Matteo/eKmRlJWoamo%3D,https://www.fidal.it/societa/ANA-ATL-FELTRE/BL012
683,64.84,1:04.84,e,BARP Anna asia,2004,JF,ANA ATL.FELTRE,6 se- 3,Padova,2022-05-01,https://www.fidal.it/atleta/BARP-Anna-asia/eKmRlJekb2c%3D,https://www.fidal.it/societa/ANA-ATL-FELTRE/BL012
683,53.13,53.13,e,MAHJOUBI Amir mattia,2000,AM,ANA ATL.FELTRE,2 se- 2,Caorle,2017-05-27,https://www.fidal.it/atleta/MAHJOUBI-Amir-mattia/eKmRlJWoaGo%3D,https://www.fidal.it/societa/ANA-ATL-FELTRE/BL012
683,53.13,53.13,e,MAHJOUBI Amir mattia,2000,AM,ANA ATL.FELTRE,4 se- 1,Jesolo,2017-09-16,https://www.fidal.it/atleta/MAHJOUBI-Amir-mattia/eKmRlJWoaGo%3D,https://www.fidal.it/societa/ANA-ATL-FELTRE/BL012
681,53.16,53.16,e,GIAZZON Francesco,2000,AM,ANA ATL.FELTRE,1 se- 8,Vicenza,2017-05-13,https://www.fidal.it/atleta/GIAZZON-Francesco/eKmRlJakaGg%3D,https://www.fidal.it/societa/ANA-ATL-FELTRE/BL012
680,53.18,53.18,e,COLLE Nicola,1996,AM,ANA ATL.FELTRE,2 se- 7,Vicenza,2012-05-19,https://www.fidal.it/atleta/COLLE-Nicola/eKmRlJSla2o%3D,https://www.fidal.it/societa/ANA-ATL-FELTRE/BL012
680,53.19,53.19,e,MAHJOUBI Amir mattia,2000,AM,ANA ATL.FELTRE,3 se- 2,Chiari,2017-09-30,https://www.fidal.it/atleta/MAHJOUBI-Amir-mattia/eKmRlJWoaGo%3D,https://www.fidal.it/societa/ANA-ATL-FELTRE/BL012
679,64.95,1:04.95,e,DE CARLI Alessandra,2001,JF,ANA ATL.FELTRE,1 se- 2,Rosa',2019-09-07,https://www.fidal.it/atleta/DE-CARLI-Alessandra/eKmRlJalbmo%3D,https://www.fidal.it/societa/ANA-ATL-FELTRE/BL012
679,53.2,53.20,e,GIAZZON Francesco,2000,AM,ANA ATL.FELTRE,4 se- 2,Feltre,2017-08-23,https://www.fidal.it/atleta/GIAZZON-Francesco/eKmRlJakaGg%3D,https://www.fidal.it/societa/ANA-ATL-FELTRE/BL012
679,64.95,1:04.7,m,CORRENT Chiara,1999,AF,ANA ATL.FELTRE,2 se- 1,Agordo,2016-05-15,https://www.fidal.it/atleta/CORRENT-Chiara/eKmRlJWhbGQ%3D,https://www.fidal.it/societa/ANA-ATL-FELTRE/BL012
679,64.97,1:04.97,e,CORRENT Chiara,1999,AF,ANA ATL.FELTRE,3 se- 9,Vicenza,2016-05-07,https://www.fidal.it/atleta/CORRENT-Chiara/eKmRlJWhbGQ%3D,https://www.fidal.it/societa/ANA-ATL-FELTRE/BL012
679,64.95,1:04.7,m,DE CARLI Alessandra,2001,AF,ANA ATL.FELTRE,3 su- 1,Feltre,2018-06-30,https://www.fidal.it/atleta/DE-CARLI-Alessandra/eKmRlJalbmo%3D,https://www.fidal.it/societa/ANA-ATL-FELTRE/BL012
679,64.95,1:04.95,e,DALLA SANTA Angela,1999,JF,ANA ATL.FELTRE,5 se- 4,Bussolengo,2018-05-26,https://www.fidal.it/atleta/DALLA-SANTA-Angela/eKmRlJifcWs%3D,https://www.fidal.it/societa/ANA-ATL-FELTRE/BL012
678,65.0,1:05.00,e,CRIVELLER Ilaria,1995,AF,ANA ATL.FELTRE,4 se- 2,Feltre,2012-06-21,https://www.fidal.it/atleta/CRIVELLER-Ilaria/eKmRlJOmbGk%3D,https://www.fidal.it/societa/ANA-ATL-FELTRE/BL012
677,53.24,53.24,e,ZANDOMENEGHI Marco,1997,PM,ANA ATL.FELTRE,8 se- 2,L'aquila,2019-05-18,https://www.fidal.it/atleta/ZANDOMENEGHI-Marco/eKmRlJWjb2o%3D,https://www.fidal.it/societa/ANA-ATL-FELTRE/BL012
677,53.24,53.24,e,ZANDOMENEGHI Marco,1997,AM,ANA ATL.FELTRE,2 se- 2,Vicenza,2014-05-03,https://www.fidal.it/atleta/ZANDOMENEGHI-Marco/eKmRlJWjb2o%3D,https://www.fidal.it/societa/ANA-ATL-FELTRE/BL012
676,53.25,53.0,m,BONAN Marco,2000,JM,ANA ATL.FELTRE,1 su- 1,Feltre,2018-06-30,https://www.fidal.it/atleta/BONAN-Marco/eKmRlJShbGM%3D,https://www.fidal.it/societa/ANA-ATL-FELTRE/BL012
673,53.31,53.31,e,MAHJOUBI Amir mattia,2000,AM,ANA ATL.FELTRE,5 se- 2,Feltre,2017-08-23,https://www.fidal.it/atleta/MAHJOUBI-Amir-mattia/eKmRlJWoaGo%3D,https://www.fidal.it/societa/ANA-ATL-FELTRE/BL012
672,53.34,53.34,e,MAHJOUBI Amir mattia,2000,JM,ANA ATL.FELTRE,4 se- 2,Piombino Dese,2018-04-25,https://www.fidal.it/atleta/MAHJOUBI-Amir-mattia/eKmRlJWoaGo%3D,https://www.fidal.it/societa/ANA-ATL-FELTRE/BL012
671,53.36,53.36,e,ZABOT Julian,2002,AM,ANA ATL.FELTRE,6 se- 4,Arzignano,2018-07-07,https://www.fidal.it/atleta/ZABOT-Julian/eKmRlJelbGY%3D,https://www.fidal.it/societa/ANA-ATL-FELTRE/BL012
671,53.35,53.35,e,MAHJOUBI Amir mattia,2000,JM,ANA ATL.FELTRE,3 se- 6,Caorle,2018-05-05,https://www.fidal.it/atleta/MAHJOUBI-Amir-mattia/eKmRlJWoaGo%3D,https://www.fidal.it/societa/ANA-ATL-FELTRE/BL012
670,53.38,53.38,e,ZANDOMENEGHI Marco,1997,AM,ANA ATL.FELTRE,1 se- 4,Cles,2013-08-29,https://www.fidal.it/atleta/ZANDOMENEGHI-Marco/eKmRlJWjb2o%3D,https://www.fidal.it/societa/ANA-ATL-FELTRE/BL012
670,53.37,53.37,e,VELLO Michele,1997,PM,ANA ATL.FELTRE,2 se- 9,Padova,2017-04-25,https://www.fidal.it/atleta/VELLO-Michele/eKmRlJSkb2U%3D,https://www.fidal.it/societa/ANA-ATL-FELTRE/BL012
669,53.39,53.39,e,BATTISTEL Samuele,2004,JM,ANA ATL.FELTRE,2 se- 5,Feltre,2023-07-01,https://www.fidal.it/atleta/BATTISTEL-Samuele/eKmRlJahaGM%3D,https://www.fidal.it/societa/ANA-ATL-FELTRE/BL012
669,65.31,1:05.31,e,DE CARLI Alessandra,2001,AF,ANA ATL.FELTRE,4 se- 2,Vicenza,2018-09-15,https://www.fidal.it/atleta/DE-CARLI-Alessandra/eKmRlJalbmo%3D,https://www.fidal.it/societa/ANA-ATL-FELTRE/BL012
669,53.39,53.39,e,SCOPEL Luca,1994,JM,ANA ATL.FELTRE,1 se- 5,Rovigo,2012-09-01,https://www.fidal.it/atleta/SCOPEL-Luca/eKmRlJOmbWk%3D,https://www.fidal.it/societa/ANA-ATL-FELTRE/BL012
669,53.4,53.40,e,POLESANA Federico,1994,AM,ANA ATL.FELTRE,7 se- 1,Padova,2011-05-18,https://www.fidal.it/atleta/POLESANA-Federico/eKmRlJOoaWs%3D,https://www.fidal.it/societa/ANA-ATL-FELTRE/BL012
668,53.41,53.41,e,DALLA SEGA Davide,1999,JM,ANA ATL.FELTRE,2 se- 7,Feltre,2017-08-23,https://www.fidal.it/atleta/DALLA-SEGA-Davide/eKmRlJala2c%3D,https://www.fidal.it/societa/ANA-ATL-FELTRE/BL012
663,65.48,1:05.48,e,DE CARLI Alessandra,2001,JF,ANA ATL.FELTRE,2 se- 2,Mestre,2020-09-05,https://www.fidal.it/atleta/DE-CARLI-Alessandra/eKmRlJalbmo%3D,https://www.fidal.it/societa/ANA-ATL-FELTRE/BL012
663,65.48,1:05.48,e,DALLA SANTA Angela,1999,JF,ANA ATL.FELTRE,2 se- 4,Padova,2017-04-25,https://www.fidal.it/atleta/DALLA-SANTA-Angela/eKmRlJifcWs%3D,https://www.fidal.it/societa/ANA-ATL-FELTRE/BL012
662,65.54,1:05.54,e,BARP Anna asia,2004,AF,ANA ATL.FELTRE,5 se- 2,Udine,2020-08-08,https://www.fidal.it/atleta/BARP-Anna-asia/eKmRlJekb2c%3D,https://www.fidal.it/societa/ANA-ATL-FELTRE/BL012
661,65.56,1:05.56,e,CRIVELLER Ilaria,1995,AF,ANA ATL.FELTRE,3 se- 1,Bastia Umbra,2011-06-11,https://www.fidal.it/atleta/CRIVELLER-Ilaria/eKmRlJOmbGk%3D,https://www.fidal.it/societa/ANA-ATL-FELTRE/BL012
660,53.56,53.56,e,SCHENAL Alessandro,1996,JM,ANA ATL.FELTRE,1 se- 1,Marcon,2015-05-09,https://www.fidal.it/atleta/SCHENAL-Alessandro/eKmRlJOja2s%3D,https://www.fidal.it/societa/ANA-ATL-FELTRE/BL012
660,53.56,53.56,e,ZANDOMENEGHI Marco,1997,AM,ANA ATL.FELTRE,2 se- 1,Rossano Veneto,2014-09-07,https://www.fidal.it/atleta/ZANDOMENEGHI-Marco/eKmRlJWjb2o%3D,https://www.fidal.it/societa/ANA-ATL-FELTRE/BL012
658,53.6,53.60,e,MAHJOUBI Amir mattia,2000,AM,ANA ATL.FELTRE,2 se- 3,Vicenza,2017-05-13,https://www.fidal.it/atleta/MAHJOUBI-Amir-mattia/eKmRlJWoaGo%3D,https://www.fidal.it/societa/ANA-ATL-FELTRE/BL012
658,65.66,1:05.66,e,RENTO Ilaria,2001,PF,ANA ATL.FELTRE,2 se- 9,Padova,2021-04-24,https://www.fidal.it/atleta/RENTO-Ilaria/eKmRlJaha2c%3D,https://www.fidal.it/societa/ANA-ATL-FELTRE/BL012
658,53.6,53.60,e,PARANI Aire,1994,AM,ANA ATL.FELTRE,1 su- 1,Borgo Valsugana,2010-05-23,https://www.fidal.it/atleta/PARANI-Aire/eKmRlJSgaWo%3D,https://www.fidal.it/societa/ANA-ATL-FELTRE/BL012
657,53.62,53.62,e,COLLE Nicola,1996,AM,ANA ATL.FELTRE,5 se- 6,Bassano Del Grappa,2012-09-15,https://www.fidal.it/atleta/COLLE-Nicola/eKmRlJSla2o%3D,https://www.fidal.it/societa/ANA-ATL-FELTRE/BL012
656,53.65,53.4,m,ZANDOMENEGHI Marco,1997,AM,ANA ATL.FELTRE,3 se- 1,Rovigo,2014-05-20,https://www.fidal.it/atleta/ZANDOMENEGHI-Marco/eKmRlJWjb2o%3D,https://www.fidal.it/societa/ANA-ATL-FELTRE/BL012
655,53.67,53.67,e,COLLE Nicola,1996,AM,ANA ATL.FELTRE,5 se- 6,Rovigo,2012-09-01,https://www.fidal.it/atleta/COLLE-Nicola/eKmRlJSla2o%3D,https://www.fidal.it/societa/ANA-ATL-FELTRE/BL012
651,53.73,53.73,e,TONO Lorenzo,1994,JM,ANA ATL.FELTRE,2 se- 5,Marcon,2013-05-11,https://www.fidal.it/atleta/TONO-Lorenzo/eKmRlJKna2c%3D,https://www.fidal.it/societa/ANA-ATL-FELTRE/BL012
650,53.75,53.5,m,MANISCALCHI Stefano,1990,JM,ANA ATL.FELTRE,2 se- 1,Belluno,2008-08-26,https://www.fidal.it/atleta/MANISCALCHI-Stefano/eKiRlZKia2s%3D,https://www.fidal.it/societa/ANA-ATL-FELTRE/BL012
650,53.75,53.5,m,MAHJOUBI Amir mattia,2000,JM,ANA ATL.FELTRE,3 se- 1,Valesella,2018-05-19,https://www.fidal.it/atleta/MAHJOUBI-Amir-mattia/eKmRlJWoaGo%3D,https://www.fidal.it/societa/ANA-ATL-FELTRE/BL012
649,65.97,1:05.97,e,CORRENT Chiara,1999,AF,ANA ATL.FELTRE,2 se- 6,Agordo,2016-05-21,https://www.fidal.it/atleta/CORRENT-Chiara/eKmRlJWhbGQ%3D,https://www.fidal.it/societa/ANA-ATL-FELTRE/BL012
648,53.8,53.80,e,ZABOT Julian,2002,AM,ANA ATL.FELTRE,3 se- 4,Vicenza,2018-05-08,https://www.fidal.it/atleta/ZABOT-Julian/eKmRlJelbGY%3D,https://www.fidal.it/societa/ANA-ATL-FELTRE/BL012
648,53.8,53.80,e,POLESANA Filippo,2000,SM,ANA ATL.FELTRE,8 se- 4,Caorle,2024-05-25,https://www.fidal.it/atleta/POLESANA-Filippo/eKmRlJSobGY%3D,https://www.fidal.it/societa/ANA-ATL-FELTRE/BL012
647,53.81,53.81,e,MANISCALCHI Stefano,1990,JM,ANA ATL.FELTRE,4 se- 3,Padova,2008-05-01,https://www.fidal.it/atleta/MANISCALCHI-Stefano/eKiRlZKia2s%3D,https://www.fidal.it/societa/ANA-ATL-FELTRE/BL012
647,53.81,53.81,e,CRIVELLER Marco,2003,JM,ANA ATL.FELTRE,2 se- 9,Vittorio Veneto,2022-05-28,https://www.fidal.it/atleta/CRIVELLER-Marco/eKmRlJWlb2Y%3D,https://www.fidal.it/societa/ANA-ATL-FELTRE/BL012
641,66.23,1:06.23,e,CRIVELLER Ilaria,1995,AF,ANA ATL.FELTRE,5 se- 4,Abano Terme,2012-05-12,https://www.fidal.it/atleta/CRIVELLER-Ilaria/eKmRlJOmbGk%3D,https://www.fidal.it/societa/ANA-ATL-FELTRE/BL012
640,53.96,53.96,e,SCOPEL Luca,1994,JM,ANA ATL.FELTRE,4 se- 4,Feltre,2012-06-21,https://www.fidal.it/atleta/SCOPEL-Luca/eKmRlJOmbWk%3D,https://www.fidal.it/societa/ANA-ATL-FELTRE/BL012
639,53.98,53.98,e,TONO Lorenzo,1994,JM,ANA ATL.FELTRE,1 se- 3,Codroipo,2013-05-04,https://www.fidal.it/atleta/TONO-Lorenzo/eKmRlJKna2c%3D,https://www.fidal.it/societa/ANA-ATL-FELTRE/BL012
638,54.0,54.00,e,ZABOT Julian,2002,AM,ANA ATL.FELTRE,4 se- 2,Feltre,2018-08-31,https://www.fidal.it/atleta/ZABOT-Julian/eKmRlJelbGY%3D,https://www.fidal.it/societa/ANA-ATL-FELTRE/BL012
638,53.99,53.99,e,PARANI Aire,1994,AM,ANA ATL.FELTRE,5 se- 2,Trento,2010-08-28,https://www.fidal.it/atleta/PARANI-Aire/eKmRlJSgaWo%3D,https://www.fidal.it/societa/ANA-ATL-FELTRE/BL012
638,53.99,53.99,e,DALLA CORTE Matteo,2001,PM,ANA ATL.FELTRE,1 se- 5,Feltre,2022-06-25,https://www.fidal.it/atleta/DALLA-CORTE-Matteo/eKmRlJWmaWo%3D,https://www.fidal.it/societa/ANA-ATL-FELTRE/BL012
636,54.03,54.03,e,COLLE Nicola,1996,AM,ANA ATL.FELTRE,2 se- 1,Treviso,2012-04-22,https://www.fidal.it/atleta/COLLE-Nicola/eKmRlJSla2o%3D,https://www.fidal.it/societa/ANA-ATL-FELTRE/BL012
634,54.08,54.08,e,ZANDOMENEGHI Marco,1997,AM,ANA ATL.FELTRE,3 se- 1,Marcon,2013-05-11,https://www.fidal.it/atleta/ZANDOMENEGHI-Marco/eKmRlJWjb2o%3D,https://www.fidal.it/societa/ANA-ATL-FELTRE/BL012
633,54.09,54.09,e,SCOPEL Luca,1994,JM,ANA ATL.FELTRE,4 se- 3,Bassano Del Grappa,2012-09-15,https://www.fidal.it/atleta/SCOPEL-Luca/eKmRlJOmbWk%3D,https://www.fidal.it/societa/ANA-ATL-FELTRE/BL012
630,66.61,1:06.61,e,CRIVELLER Ilaria,1995,AF,ANA ATL.FELTRE,2 se- 2,Vicenza,2011-05-21,https://www.fidal.it/atleta/CRIVELLER-Ilaria/eKmRlJOmbGk%3D,https://www.fidal.it/societa/ANA-ATL-FELTRE/BL012
628,54.19,54.19,e,POLESANA Filippo,2000,SM,ANA ATL.FELTRE,6 se- 3,Riccione,2024-09-07,https://www.fidal.it/atleta/POLESANA-Filippo/eKmRlJSobGY%3D,https://www.fidal.it/societa/ANA-ATL-FELTRE/BL012
625,54.24,54.24,e,ZANDOMENEGHI Marco,1997,AM,ANA ATL.FELTRE,6 se- 1,Vicenza,2013-05-18,https://www.fidal.it/atleta/ZANDOMENEGHI-Marco/eKmRlJWjb2o%3D,https://www.fidal.it/societa/ANA-ATL-FELTRE/BL012
625,54.25,54.25,e,BATTISTEL Samuele,2004,JM,ANA ATL.FELTRE,3 se- 5,Montebelluna,2023-07-13,https://www.fidal.it/atleta/BATTISTEL-Samuele/eKmRlJahaGM%3D,https://www.fidal.it/societa/ANA-ATL-FELTRE/BL012
625,66.8,1:06.80,e,DE CARLI Alessandra,2001,AF,ANA ATL.FELTRE,2 se- 4,Piombino Dese,2018-04-25,https://www.fidal.it/atleta/DE-CARLI-Alessandra/eKmRlJalbmo%3D,https://www.fidal.it/societa/ANA-ATL-FELTRE/BL012
625,54.24,54.24,e,ZANDOMENEGHI Marco,1997,PM,ANA ATL.FELTRE,6 se- 1,Piombino Dese,2018-04-25,https://www.fidal.it/atleta/ZANDOMENEGHI-Marco/eKmRlJWjb2o%3D,https://www.fidal.it/societa/ANA-ATL-FELTRE/BL012
624,54.26,54.26,e,DALLA CORTE Matteo,2001,PM,ANA ATL.FELTRE,2 se- 9,Feltre,2021-06-26,https://www.fidal.it/atleta/DALLA-CORTE-Matteo/eKmRlJWmaWo%3D,https://www.fidal.it/societa/ANA-ATL-FELTRE/BL012
623,54.28,54.28,e,BARBANTE Lorenzo,1995,AM,ANA ATL.FELTRE,6 se- 4,Feltre,2012-06-21,https://www.fidal.it/atleta/BARBANTE-Lorenzo/eKmRlJOnbms%3D,https://www.fidal.it/societa/ANA-ATL-FELTRE/BL012
623,66.85,1:06.6,m,FACCHIN Alessia,1993,AF,ANA ATL.FELTRE,1 se- 1,Feltre,2010-08-25,https://www.fidal.it/atleta/FACCHIN-Alessia/eKmRlJKna2g%3D,https://www.fidal.it/societa/ANA-ATL-FELTRE/BL012
620,54.34,54.34,e,SCOPEL Luca,1994,AM,ANA ATL.FELTRE,2 se- 3,Bassano Del Grappa,2011-09-17,https://www.fidal.it/atleta/SCOPEL-Luca/eKmRlJOmbWk%3D,https://www.fidal.it/societa/ANA-ATL-FELTRE/BL012
620,66.95,1:06.95,e,DALLA SANTA Angela,1999,JF,ANA ATL.FELTRE,6 se- 2,Caorle,2017-05-27,https://www.fidal.it/atleta/DALLA-SANTA-Angela/eKmRlJifcWs%3D,https://www.fidal.it/societa/ANA-ATL-FELTRE/BL012
620,54.35,54.35,e,MAHJOUBI Amir mattia,2000,AM,ANA ATL.FELTRE,3 se- 3,Marcon,2017-04-08,https://www.fidal.it/atleta/MAHJOUBI-Amir-mattia/eKmRlJWoaGo%3D,https://www.fidal.it/societa/ANA-ATL-FELTRE/BL012
620,54.35,54.35,e,MANISCALCHI Stefano,1990,JM,ANA ATL.FELTRE,6 se- 1,Piombino Dese,2008-06-05,https://www.fidal.it/atleta/MANISCALCHI-Stefano/eKiRlZKia2s%3D,https://www.fidal.it/societa/ANA-ATL-FELTRE/BL012
619,54.37,54.37,e,ZIVOJINOVIC Milan,2001,PM,ANA ATL.FELTRE,1 se- 6,Feltre,2022-06-25,https://www.fidal.it/atleta/ZIVOJINOVIC-Milan/eK6Rkpqja2c%3D,https://www.fidal.it/societa/ANA-ATL-FELTRE/BL012
618,54.39,54.39,e,BONAN Marco,2000,CM,ANA ATL.FELTRE,3 se- 1,Jesolo,2015-04-14,https://www.fidal.it/atleta/BONAN-Marco/eKmRlJShbGM%3D,https://www.fidal.it/societa/ANA-ATL-FELTRE/BL012
618,54.38,54.38,e,GIAZZON Francesco,2000,AM,ANA ATL.FELTRE,5 se- 1,Caorle,2017-05-27,https://www.fidal.it/atleta/GIAZZON-Francesco/eKmRlJakaGg%3D,https://www.fidal.it/societa/ANA-ATL-FELTRE/BL012
617,67.06,1:07.06,e,FACCHIN Alessia,1993,AF,ANA ATL.FELTRE,2 se- 2,Rossano Veneto,2010-09-05,https://www.fidal.it/atleta/FACCHIN-Alessia/eKmRlJKna2g%3D,https://www.fidal.it/societa/ANA-ATL-FELTRE/BL012
616,67.1,1:07.10,e,COLUSSI Ilary,2006,AF,ANA ATL.FELTRE,4 se- 2,Feltre,2022-06-25,https://www.fidal.it/atleta/COLUSSI-Ilary/eKmRlJeob2w%3D,https://www.fidal.it/societa/ANA-ATL-FELTRE/BL012
615,54.44,54.44,e,COLLE Nicola,1996,AM,ANA ATL.FELTRE,1 se- 1,Vicenza,2012-04-15,https://www.fidal.it/atleta/COLLE-Nicola/eKmRlJSla2o%3D,https://www.fidal.it/societa/ANA-ATL-FELTRE/BL012
615,54.45,54.45,e,SCOPEL Luca,1994,JM,ANA ATL.FELTRE,4 se- 1,Trento,2013-09-24,https://www.fidal.it/atleta/SCOPEL-Luca/eKmRlJOmbWk%3D,https://www.fidal.it/societa/ANA-ATL-FELTRE/BL012
615,54.45,54.45,e,BONAN Marco,2000,AM,ANA ATL.FELTRE,2 se- 1,Rossano Veneto,2016-09-11,https://www.fidal.it/atleta/BONAN-Marco/eKmRlJShbGM%3D,https://www.fidal.it/societa/ANA-ATL-FELTRE/BL012
613,54.49,54.49,e,BARBANTE Lorenzo,1995,AM,ANA ATL.FELTRE,4 se- 5,Abano Terme,2012-05-12,https://www.fidal.it/atleta/BARBANTE-Lorenzo/eKmRlJOnbms%3D,https://www.fidal.it/societa/ANA-ATL-FELTRE/BL012
611,67.26,1:07.26,e,CHIAMENTI Giulia,2002,CF,ANA ATL.FELTRE,6 se- 2,Vicenza,2017-05-30,https://www.fidal.it/atleta/CHIAMENTI-Giulia/eKmRlJancGU%3D,https://www.fidal.it/societa/ANA-ATL-FELTRE/BL012
610,54.54,54.54,e,BARBANTE Lorenzo,1995,AM,ANA ATL.FELTRE,4 se- 1,Bastia Umbra,2012-06-23,https://www.fidal.it/atleta/BARBANTE-Lorenzo/eKmRlJOnbms%3D,https://www.fidal.it/societa/ANA-ATL-FELTRE/BL012
610,54.54,54.54,e,SCOPEL Luca,1994,AM,ANA ATL.FELTRE,2 se- 1,Piombino Dese,2010-04-17,https://www.fidal.it/atleta/SCOPEL-Luca/eKmRlJOmbWk%3D,https://www.fidal.it/societa/ANA-ATL-FELTRE/BL012
607,67.41,1:07.41,e,COLUSSI Ilary,2006,AF,ANA ATL.FELTRE,1 se- 1,Modena,2022-04-25,https://www.fidal.it/atleta/COLUSSI-Ilary/eKmRlJeob2w%3D,https://www.fidal.it/societa/ANA-ATL-FELTRE/BL012
605,54.65,54.65,e,BARBANTE Lorenzo,1995,AM,ANA ATL.FELTRE,2 se- 7,Pergine Valsugana,2011-07-23,https://www.fidal.it/atleta/BARBANTE-Lorenzo/eKmRlJOnbms%3D,https://www.fidal.it/societa/ANA-ATL-FELTRE/BL012
602,54.7,54.70,e,SCOPEL Luca,1994,AM,ANA ATL.FELTRE,3 se- 1,Verona,2010-06-02,https://www.fidal.it/atleta/SCOPEL-Luca/eKmRlJOmbWk%3D,https://www.fidal.it/societa/ANA-ATL-FELTRE/BL012
602,54.71,54.71,e,VELLO Michele,1997,AM,ANA ATL.FELTRE,3 se- 1,Trento,2013-06-08,https://www.fidal.it/atleta/VELLO-Michele/eKmRlJSkb2U%3D,https://www.fidal.it/societa/ANA-ATL-FELTRE/BL012
601,54.73,54.73,e,AGOSTINETTO Isacco,1999,AM,ANA ATL.FELTRE,1 se- 4,Feltre,2016-06-25,https://www.fidal.it/atleta/AGOSTINETTO-Isacco/eKyRkpaga2g%3D,https://www.fidal.it/societa/ANA-ATL-FELTRE/BL012
601,67.62,1:07.62,e,MALACARNE Sveva,2003,AF,ANA ATL.FELTRE,1 se- 3,Vittorio Veneto,2019-05-04,https://www.fidal.it/atleta/MALACARNE-Sveva/eKmRlJinbms%3D,https://www.fidal.it/societa/ANA-ATL-FELTRE/BL012
600,54.75,54.75,e,MAHJOUBI Amir mattia,2000,AM,ANA ATL.FELTRE,3 se- 3,Rosa,2016-09-17,https://www.fidal.it/atleta/MAHJOUBI-Amir-mattia/eKmRlJWoaGo%3D,https://www.fidal.it/societa/ANA-ATL-FELTRE/BL012
599,67.68,1:07.68,e,CRIVELLER Ilaria,1995,AF,ANA ATL.FELTRE,3 se- 2,Bassano Del Grappa,2012-09-15,https://www.fidal.it/atleta/CRIVELLER-Ilaria/eKmRlJOmbGk%3D,https://www.fidal.it/societa/ANA-ATL-FELTRE/BL012
599,67.7,1:07.70,e,CRIVELLER Ilaria,1995,AF,ANA ATL.FELTRE,4 se- 2,Bassano Del Grappa,2011-09-17,https://www.fidal.it/atleta/CRIVELLER-Ilaria/eKmRlJOmbGk%3D,https://www.fidal.it/societa/ANA-ATL-FELTRE/BL012
596,54.82,54.82,e,SCOPEL Luca,1994,AM,ANA ATL.FELTRE,4 se- 2,Rossano Veneto,2011-09-04,https://www.fidal.it/atleta/SCOPEL-Luca/eKmRlJOmbWk%3D,https://www.fidal.it/societa/ANA-ATL-FELTRE/BL012
596,54.82,54.82,e,SCOPEL Luca,1994,SM,ANA ATL.FELTRE,2 se- 4,Cremona,2017-04-23,https://www.fidal.it/atleta/SCOPEL-Luca/eKmRlJOmbWk%3D,https://www.fidal.it/societa/ANA-ATL-FELTRE/BL012
595,67.85,1:07.6,m,DALLA SANTA Angela,1999,JF,ANA ATL.FELTRE,4 se- 2,Agordo,2017-09-30,https://www.fidal.it/atleta/DALLA-SANTA-Angela/eKmRlJifcWs%3D,https://www.fidal.it/societa/ANA-ATL-FELTRE/BL012
594,67.89,1:07.89,e,DE CARLI Alessandra,2001,AF,ANA ATL.FELTRE,3 se- 3,San Giovanni Lupatoto,2018-04-08,https://www.fidal.it/atleta/DE-CARLI-Alessandra/eKmRlJalbmo%3D,https://www.fidal.it/societa/ANA-ATL-FELTRE/BL012
593,54.88,54.88,e,PIZZOLOTTO Edoardo,1996,AM,ANA ATL.FELTRE,1 se- 3,Padova,2013-05-23,https://www.fidal.it/atleta/PIZZOLOTTO-Edoardo/eKmRlJOnb2o%3D,https://www.fidal.it/societa/ANA-ATL-FELTRE/BL012
591,67.99,1:07.99,e,CRIVELLER Ilaria,1995,AF,ANA ATL.FELTRE,3 se- 4,Rovigo,2011-05-07,https://www.fidal.it/atleta/CRIVELLER-Ilaria/eKmRlJOmbGk%3D,https://www.fidal.it/societa/ANA-ATL-FELTRE/BL012
590,54.95,54.95,e,PERENZIN Luca,1994,JM,ANA ATL.FELTRE,4 se- 3,Feltre,2012-06-21,https://www.fidal.it/atleta/PERENZIN-Luca/eKmRlJOgbWM%3D,https://www.fidal.it/societa/ANA-ATL-FELTRE/BL012
590,54.95,54.7,m,SCOPEL Luca,1994,AM,ANA ATL.FELTRE,2 se- 1,Feltre,2010-08-25,https://www.fidal.it/atleta/SCOPEL-Luca/eKmRlJOmbWk%3D,https://www.fidal.it/societa/ANA-ATL-FELTRE/BL012
588,55.0,55.00,e,BARBANTE Lorenzo,1995,AM,ANA ATL.FELTRE,6 se- 6,Pergine Valsugana,2012-07-21,https://www.fidal.it/atleta/BARBANTE-Lorenzo/eKmRlJOnbms%3D,https://www.fidal.it/societa/ANA-ATL-FELTRE/BL012
587,55.02,55.02,e,DALLA CORTE Matteo,2001,AM,ANA ATL.FELTRE,3 se- 9,San Biagio Di Callalta,2018-05-12,https://www.fidal.it/atleta/DALLA-CORTE-Matteo/eKmRlJWmaWo%3D,https://www.fidal.it/societa/ANA-ATL-FELTRE/BL012
587,55.01,55.01,e,POLESANA Filippo,2000,JM,ANA ATL.FELTRE,1 se- 4,Vittorio Veneto,2019-07-13,https://www.fidal.it/atleta/POLESANA-Filippo/eKmRlJSobGY%3D,https://www.fidal.it/societa/ANA-ATL-FELTRE/BL012
585,55.06,55.06,e,DE BARBA Mattia,2002,AM,ANA ATL.FELTRE,1 se- 9,Villafranca Di Verona,2018-06-16,https://www.fidal.it/atleta/DE-BARBA-Mattia/eKmRlJSiamo%3D,https://www.fidal.it/societa/ANA-ATL-FELTRE/BL012
585,68.2,1:08.20,e,CRIVELLER Ilaria,1995,AF,ANA ATL.FELTRE,12 se- 1,Padova,2011-05-18,https://www.fidal.it/atleta/CRIVELLER-Ilaria/eKmRlJOmbGk%3D,https://www.fidal.it/societa/ANA-ATL-FELTRE/BL012
584,55.07,55.07,e,SCOPEL Simone,2006,AM,ANA ATL.FELTRE,7 se- 4,Padova,2023-05-01,https://www.fidal.it/atleta/SCOPEL-Simone/eKmRlJeocGU%3D,https://www.fidal.it/societa/ANA-ATL-FELTRE/BL012
583,55.1,55.10,e,PERCO Francesco,2004,PM,ANA ATL.FELTRE,3 se- 8,Caorle,2024-05-25,https://www.fidal.it/atleta/PERCO-Francesco/eKmRlJWiaGw%3D,https://www.fidal.it/societa/ANA-ATL-FELTRE/BL012
582,55.12,55.12,e,DALLA CORTE Matteo,2001,JM,ANA ATL.FELTRE,3 se- 3,Cles,2019-08-24,https://www.fidal.it/atleta/DALLA-CORTE-Matteo/eKmRlJWmaWo%3D,https://www.fidal.it/societa/ANA-ATL-FELTRE/BL012
581,68.32,1:08.32,e,ZABOT Alice,1998,AF,ANA ATL.FELTRE,4 se- 5,Vicenza,2015-05-02,https://www.fidal.it/atleta/ZABOT-Alice/eKmRlJajcGg%3D,https://www.fidal.it/societa/ANA-ATL-FELTRE/BL012
580,55.16,55.16,e,DALLA CORTE Christian,1982,SM40,ANA ATL.FELTRE,4 se- 5,Feltre,2023-07-01,https://www.fidal.it/atleta/DALLA-CORTE-Christian/eKmRlJala2w%3D,https://www.fidal.it/societa/ANA-ATL-FELTRE/BL012
580,55.16,55.16,e,DALLA CORTE Matteo,2001,PM,ANA ATL.FELTRE,4 se- 6,Padova,2022-05-01,https://www.fidal.it/atleta/DALLA-CORTE-Matteo/eKmRlJWmaWo%3D,https://www.fidal.it/societa/ANA-ATL-FELTRE/BL012
580,55.15,55.15,e,VELLO Michele,1997,AM,ANA ATL.FELTRE,4 se- 1,Rossano Veneto,2014-09-07,https://www.fidal.it/atleta/VELLO-Michele/eKmRlJSkb2U%3D,https://www.fidal.it/societa/ANA-ATL-FELTRE/BL012
579,55.17,55.17,e,SCOPEL Luca,1994,AM,ANA ATL.FELTRE,5 se- 4,Rossano Veneto,2010-09-05,https://www.fidal.it/atleta/SCOPEL-Luca/eKmRlJOmbWk%3D,https://www.fidal.it/societa/ANA-ATL-FELTRE/BL012
578,55.19,55.19,e,VELLO Michele,1997,AM,ANA ATL.FELTRE,3 se- 7,Vicenza,2014-05-10,https://www.fidal.it/atleta/VELLO-Michele/eKmRlJSkb2U%3D,https://www.fidal.it/societa/ANA-ATL-FELTRE/BL012
577,68.49,1:08.49,e,MALACARNE Gioia,2005,AF,ANA ATL.FELTRE,5 se- 5,Verona,2022-05-07,https://www.fidal.it/atleta/MALACARNE-Gioia/eKmRlJinbmo%3D,https://www.fidal.it/societa/ANA-ATL-FELTRE/BL012
577,55.22,55.22,e,PERENZIN Luca,1994,JM,ANA ATL.FELTRE,3 se- 5,Vicenza,2012-05-19,https://www.fidal.it/atleta/PERENZIN-Luca/eKmRlJOgbWM%3D,https://www.fidal.it/societa/ANA-ATL-FELTRE/BL012
577,55.22,55.22,e,DALLA CORTE Matteo,2001,PM,ANA ATL.FELTRE,1 se- 1,Lana,2022-09-03,https://www.fidal.it/atleta/DALLA-CORTE-Matteo/eKmRlJWmaWo%3D,https://www.fidal.it/societa/ANA-ATL-FELTRE/BL012
576,55.23,55.23,e,MAHJOUBI Amir mattia,2000,AM,ANA ATL.FELTRE,1 se- 2,Rossano Veneto,2016-09-11,https://www.fidal.it/atleta/MAHJOUBI-Amir-mattia/eKmRlJWoaGo%3D,https://www.fidal.it/societa/ANA-ATL-FELTRE/BL012
575,55.25,55.25,e,GRIS Giuseppe,1994,AM,ANA ATL.FELTRE,3 se- 6,Vicenza,2011-05-21,https://www.fidal.it/atleta/GRIS-Giuseppe/eKmRlJKobmU%3D,https://www.fidal.it/societa/ANA-ATL-FELTRE/BL012
574,55.27,55.27,e,SCOPEL Luca,1994,AM,ANA ATL.FELTRE,3 se- 2,Mogliano Veneto,2010-09-18,https://www.fidal.it/atleta/SCOPEL-Luca/eKmRlJOmbWk%3D,https://www.fidal.it/societa/ANA-ATL-FELTRE/BL012
571,55.35,55.35,e,DALLA CORTE Matteo,2001,AM,ANA ATL.FELTRE,5 se- 2,Vicenza,2018-09-15,https://www.fidal.it/atleta/DALLA-CORTE-Matteo/eKmRlJWmaWo%3D,https://www.fidal.it/societa/ANA-ATL-FELTRE/BL012
568,55.4,55.40,e,TONO Lorenzo,1994,JM,ANA ATL.FELTRE,1 se- 8,Pergine Valsugana,2012-07-21,https://www.fidal.it/atleta/TONO-Lorenzo/eKmRlJKna2c%3D,https://www.fidal.it/societa/ANA-ATL-FELTRE/BL012
568,55.41,55.41,e,DALLA CORTE Matteo,2001,JM,ANA ATL.FELTRE,6 se- 7,Padova,2019-04-25,https://www.fidal.it/atleta/DALLA-CORTE-Matteo/eKmRlJWmaWo%3D,https://www.fidal.it/societa/ANA-ATL-FELTRE/BL012
568,68.82,1:08.82,e,BEE Nicole,1991,SF,ANA ATL.FELTRE,3 se- 3,Feltre,2023-07-01,https://www.fidal.it/atleta/BEE-Nicole/eKmRlJqhaWM%3D,https://www.fidal.it/societa/ANA-ATL-FELTRE/BL012
568,55.4,55.40,e,DALLA CORTE Matteo,2001,JM,ANA ATL.FELTRE,3 se- 1,San Biagio Di Callalta,2019-05-11,https://www.fidal.it/atleta/DALLA-CORTE-Matteo/eKmRlJWmaWo%3D,https://www.fidal.it/societa/ANA-ATL-FELTRE/BL012
568,55.41,55.41,e,BARBANTE Lorenzo,1995,AM,ANA ATL.FELTRE,2 se- 1,Marcon,2011-05-14,https://www.fidal.it/atleta/BARBANTE-Lorenzo/eKmRlJOnbms%3D,https://www.fidal.it/societa/ANA-ATL-FELTRE/BL012
566,55.44,55.44,e,DALLA CORTE Matteo,2001,PM,ANA ATL.FELTRE,5 se- 2,Lana,2022-04-23,https://www.fidal.it/atleta/DALLA-CORTE-Matteo/eKmRlJWmaWo%3D,https://www.fidal.it/societa/ANA-ATL-FELTRE/BL012
565,55.46,55.46,e,SCOPEL Luca,1994,JM,ANA ATL.FELTRE,1 se- 4,Bassano Del Grappa,2013-09-21,https://www.fidal.it/atleta/SCOPEL-Luca/eKmRlJOmbWk%3D,https://www.fidal.it/societa/ANA-ATL-FELTRE/BL012
565,55.46,55.46,e,DALLA CORTE Christian,1982,SM40,ANA ATL.FELTRE,4 se- 4,Montebelluna,2023-07-13,https://www.fidal.it/atleta/DALLA-CORTE-Christian/eKmRlJala2w%3D,https://www.fidal.it/societa/ANA-ATL-FELTRE/BL012
564,68.96,1:08.96,e,MALACARNE Sveva,2003,AF,ANA ATL.FELTRE,3 se- 7,Padova,2019-04-25,https://www.fidal.it/atleta/MALACARNE-Sveva/eKmRlJinbms%3D,https://www.fidal.it/societa/ANA-ATL-FELTRE/BL012
560,55.56,55.56,e,MAHJOUBI Amir mattia,2000,AM,ANA ATL.FELTRE,3 se- 4,Feltre,2016-06-25,https://www.fidal.it/atleta/MAHJOUBI-Amir-mattia/eKmRlJWoaGo%3D,https://www.fidal.it/societa/ANA-ATL-FELTRE/BL012
559,55.6,55.60,e,PERENZIN Luca,1994,AM,ANA ATL.FELTRE,3 se- 1,Marcon,2011-05-14,https://www.fidal.it/atleta/PERENZIN-Luca/eKmRlJOgbWM%3D,https://www.fidal.it/societa/ANA-ATL-FELTRE/BL012
556,55.65,55.65,e,SCOPEL Luca,1994,AM,ANA ATL.FELTRE,4 se- 3,Trento,2010-08-28,https://www.fidal.it/atleta/SCOPEL-Luca/eKmRlJOmbWk%3D,https://www.fidal.it/societa/ANA-ATL-FELTRE/BL012
556,69.23,1:09.23,e,BEE Nicole,1991,SF,ANA ATL.FELTRE,5 se- 2,Montebelluna,2023-07-13,https://www.fidal.it/atleta/BEE-Nicole/eKmRlJqhaWM%3D,https://www.fidal.it/societa/ANA-ATL-FELTRE/BL012
556,69.24,1:09.24,e,DALLA CORTE Giada,2001,AF,ANA ATL.FELTRE,6 se- 4,San Biagio Di Callalta,2018-05-12,https://www.fidal.it/atleta/DALLA-CORTE-Giada/eKmRlJancGk%3D,https://www.fidal.it/societa/ANA-ATL-FELTRE/BL012
554,69.32,1:09.32,e,FILOSA Annalisa,1999,AF,ANA ATL.FELTRE,4 se- 7,Marcon,2015-05-09,https://www.fidal.it/atleta/FILOSA-Annalisa/eKmRlJSjb2w%3D,https://www.fidal.it/societa/ANA-ATL-FELTRE/BL012
548,55.83,55.83,e,PERCO Francesco,2004,PM,ANA ATL.FELTRE,1 se- 9,Montebelluna,2024-04-21,https://www.fidal.it/atleta/PERCO-Francesco/eKmRlJWiaGw%3D,https://www.fidal.it/societa/ANA-ATL-FELTRE/BL012
544,69.68,1:09.68,e,DE BORTOLI Giulia,2004,JF,ANA ATL.FELTRE,6 su- 1,Lana,2022-04-23,https://www.fidal.it/atleta/DE-BORTOLI-Giulia/eKmRlJWma2Q%3D,https://www.fidal.it/societa/ANA-ATL-FELTRE/BL012
544,55.91,55.91,e,SCOPEL Simone,2006,AM,ANA ATL.FELTRE,1 se- 8,Padova,2022-05-01,https://www.fidal.it/atleta/SCOPEL-Simone/eKmRlJeocGU%3D,https://www.fidal.it/societa/ANA-ATL-FELTRE/BL012
543,55.92,55.92,e,PERENZIN Luca,1994,AM,ANA ATL.FELTRE,3 se- 3,Vicenza,2011-05-21,https://www.fidal.it/atleta/PERENZIN-Luca/eKmRlJOgbWM%3D,https://www.fidal.it/societa/ANA-ATL-FELTRE/BL012
542,55.95,55.7,m,MANISCALCHI Stefano,1990,AM,ANA ATL.FELTRE,1 se- 1,Belluno,2007-10-20,https://www.fidal.it/atleta/MANISCALCHI-Stefano/eKiRlZKia2s%3D,https://www.fidal.it/societa/ANA-ATL-FELTRE/BL012
541,69.8,1:09.80,e,DALLA SANTA Alessia,2001,AF,ANA ATL.FELTRE,4 se- 5,Caorle,2017-05-27,https://www.fidal.it/atleta/DALLA-SANTA-Alessia/eKmRlJifb2Y%3D,https://www.fidal.it/societa/ANA-ATL-FELTRE/BL012
539,56.02,56.02,e,BELLUS Riccardo,2008,AM,ANA ATL.FELTRE,7 se- 2,Vittorio Veneto,2024-05-11,https://www.fidal.it/atleta/BELLUS-Riccardo/eKmRlJekamU%3D,https://www.fidal.it/societa/ANA-ATL-FELTRE/BL012
537,69.95,1:09.95,e,DALLA CORTE Giada,2001,AF,ANA ATL.FELTRE,4 se- 3,Vicenza,2018-09-15,https://www.fidal.it/atleta/DALLA-CORTE-Giada/eKmRlJancGk%3D,https://www.fidal.it/societa/ANA-ATL-FELTRE/BL012
536,69.99,1:09.99,e,DALLA SANTA Alessia,2001,AF,ANA ATL.FELTRE,4 se- 5,Padova,2017-04-25,https://www.fidal.it/atleta/DALLA-SANTA-Alessia/eKmRlJifb2Y%3D,https://www.fidal.it/societa/ANA-ATL-FELTRE/BL012
535,56.1,56.10,e,BELLUS Riccardo,2008,AM,ANA ATL.FELTRE,1 se- 2,Feltre,2024-04-10,https://www.fidal.it/atleta/BELLUS-Riccardo/eKmRlJekamU%3D,https://www.fidal.it/societa/ANA-ATL-FELTRE/BL012
534,56.13,56.13,e,DALLA CORTE Matteo,2001,SM,ANA ATL.FELTRE,3 se- 5,Feltre,2024-06-22,https://www.fidal.it/atleta/DALLA-CORTE-Matteo/eKmRlJWmaWo%3D,https://www.fidal.it/societa/ANA-ATL-FELTRE/BL012
534,70.07,1:10.07,e,DE CARLI Alessandra,2001,AF,ANA ATL.FELTRE,1 se- 3,Feltre,2017-08-23,https://www.fidal.it/atleta/DE-CARLI-Alessandra/eKmRlJalbmo%3D,https://www.fidal.it/societa/ANA-ATL-FELTRE/BL012
533,70.08,1:10.08,e,GALLON Valentina,1991,JF,ANA ATL.FELTRE,7 se- 2,Mogliano Veneto,2009-05-30,https://www.fidal.it/atleta/GALLON-Valentina/eKmRlJOocWQ%3D,https://www.fidal.it/societa/ANA-ATL-FELTRE/BL012
532,56.16,56.16,e,BARBANTE Lorenzo,1995,AM,ANA ATL.FELTRE,6 se- 4,Treviso,2012-04-22,https://www.fidal.it/atleta/BARBANTE-Lorenzo/eKmRlJOnbms%3D,https://www.fidal.it/societa/ANA-ATL-FELTRE/BL012
531,56.18,56.18,e,PERENZIN Luca,1994,AM,ANA ATL.FELTRE,5 se- 3,Bassano Del Grappa,2011-09-17,https://www.fidal.it/atleta/PERENZIN-Luca/eKmRlJOgbWM%3D,https://www.fidal.it/societa/ANA-ATL-FELTRE/BL012
531,56.18,56.18,e,DALLA CORTE Matteo,2001,JM,ANA ATL.FELTRE,3 se- 2,Bolzano,2020-08-23,https://www.fidal.it/atleta/DALLA-CORTE-Matteo/eKmRlJWmaWo%3D,https://www.fidal.it/societa/ANA-ATL-FELTRE/BL012
530,70.22,1:10.22,e,DALLA CORTE Giada,2001,AF,ANA ATL.FELTRE,5 se- 5,Piombino Dese,2018-04-25,https://www.fidal.it/atleta/DALLA-CORTE-Giada/eKmRlJancGk%3D,https://www.fidal.it/societa/ANA-ATL-FELTRE/BL012
529,70.25,1:10.0,m,GALLON Valentina,1991,JF,ANA ATL.FELTRE,2 se- 1,Feltre,2009-06-20,https://www.fidal.it/atleta/GALLON-Valentina/eKmRlJOocWQ%3D,https://www.fidal.it/societa/ANA-ATL-FELTRE/BL012
529,56.22,56.22,e,SCOPEL Simone,2006,AM,ANA ATL.FELTRE,3 se- 2,Feltre,2022-06-25,https://www.fidal.it/atleta/SCOPEL-Simone/eKmRlJeocGU%3D,https://www.fidal.it/societa/ANA-ATL-FELTRE/BL012
529,56.23,56.23,e,AGOSTINETTO Isacco,1999,AM,ANA ATL.FELTRE,5 se- 6,Padova,2016-04-25,https://www.fidal.it/atleta/AGOSTINETTO-Isacco/eKyRkpaga2g%3D,https://www.fidal.it/societa/ANA-ATL-FELTRE/BL012
527,56.27,56.27,e,TONO Lorenzo,1994,JM,ANA ATL.FELTRE,6 se- 3,Feltre,2012-06-21,https://www.fidal.it/atleta/TONO-Lorenzo/eKmRlJKna2c%3D,https://www.fidal.it/societa/ANA-ATL-FELTRE/BL012
521,56.4,56.40,e,SCOPEL Luca,1994,PM,ANA ATL.FELTRE,6 se- 6,Vicenza,2014-05-10,https://www.fidal.it/atleta/SCOPEL-Luca/eKmRlJOmbWk%3D,https://www.fidal.it/societa/ANA-ATL-FELTRE/BL012
521,70.54,1:10.54,e,DALLA CORTE Giada,2001,JF,ANA ATL.FELTRE,2 se- 7,San Biagio Di Callalta,2019-05-11,https://www.fidal.it/atleta/DALLA-CORTE-Giada/eKmRlJancGk%3D,https://www.fidal.it/societa/ANA-ATL-FELTRE/BL012
521,70.55,1:10.55,e,DALLA SANTA Alessia,2001,AF,ANA ATL.FELTRE,2 se- 3,Feltre,2017-08-23,https://www.fidal.it/atleta/DALLA-SANTA-Alessia/eKmRlJifb2Y%3D,https://www.fidal.it/societa/ANA-ATL-FELTRE/BL012
518,56.47,56.47,e,DALLA CORTE Matteo,2001,PM,ANA ATL.FELTRE,6 se- 1,Bovolone,2023-04-29,https://www.fidal.it/atleta/DALLA-CORTE-Matteo/eKmRlJWmaWo%3D,https://www.fidal.it/societa/ANA-ATL-FELTRE/BL012
515,70.78,1:10.78,e,DALLA SANTA Alessia,2001,AF,ANA ATL.FELTRE,4 se- 3,Jesolo,2017-09-16,https://www.fidal.it/atleta/DALLA-SANTA-Alessia/eKmRlJifb2Y%3D,https://www.fidal.it/societa/ANA-ATL-FELTRE/BL012
515,56.53,56.53,e,SCOPEL Luca,1994,PM,ANA ATL.FELTRE,3 se- 3,Milano,2016-05-01,https://www.fidal.it/atleta/SCOPEL-Luca/eKmRlJOmbWk%3D,https://www.fidal.it/societa/ANA-ATL-FELTRE/BL012
514,70.82,1:10.82,e,DALLA CORTE Giada,2001,AF,ANA ATL.FELTRE,6 se- 3,San Giovanni Lupatoto,2018-04-08,https://www.fidal.it/atleta/DALLA-CORTE-Giada/eKmRlJancGk%3D,https://www.fidal.it/societa/ANA-ATL-FELTRE/BL012
513,70.86,1:10.86,e,GALLON Valentina,1991,AF,ANA ATL.FELTRE,6 se- 2,Cles,2008-08-21,https://www.fidal.it/atleta/GALLON-Valentina/eKmRlJOocWQ%3D,https://www.fidal.it/societa/ANA-ATL-FELTRE/BL012
512,56.59,56.59,e,MAHJOUBI Amir mattia,2000,AM,ANA ATL.FELTRE,3 se- 9,Vicenza,2016-05-07,https://www.fidal.it/atleta/MAHJOUBI-Amir-mattia/eKmRlJWoaGo%3D,https://www.fidal.it/societa/ANA-ATL-FELTRE/BL012
510,56.65,56.65,e,DALLA CORTE Matteo,2001,SM,ANA ATL.FELTRE,4 se- 1,Bovolone,2024-05-04,https://www.fidal.it/atleta/DALLA-CORTE-Matteo/eKmRlJWmaWo%3D,https://www.fidal.it/societa/ANA-ATL-FELTRE/BL012
509,71.02,1:11.02,e,DUCATI Marianna,1985,SF,ANA ATL.FELTRE,5 se- 2,Feltre,2012-06-21,https://www.fidal.it/atleta/DUCATI-Marianna/eKmRkpKgaGo%3D,https://www.fidal.it/societa/ANA-ATL-FELTRE/BL012
508,56.68,56.68,e,DALLA CORTE Christian,1982,SM40,ANA ATL.FELTRE,4 se- 1,Feltre,2024-04-10,https://www.fidal.it/atleta/DALLA-CORTE-Christian/eKmRlJala2w%3D,https://www.fidal.it/societa/ANA-ATL-FELTRE/BL012
507,56.71,56.71,e,EL AOMARI Abderrahmane,1978,SM35,ANA ATL.FELTRE,3 se- 3,Feltre,2016-06-25,https://www.fidal.it/atleta/EL-AOMARI-Abderrahmane/eKmRlJSma2o%3D,https://www.fidal.it/societa/ANA-ATL-FELTRE/BL012
505,56.74,56.74,e,MAHJOUBI Amir mattia,2000,AM,ANA ATL.FELTRE,3 se- 9,Agordo,2016-05-21,https://www.fidal.it/atleta/MAHJOUBI-Amir-mattia/eKmRlJWoaGo%3D,https://www.fidal.it/societa/ANA-ATL-FELTRE/BL012
502,56.81,56.81,e,PERCO Francesco,2004,PM,ANA ATL.FELTRE,5 se- 4,Feltre,2024-06-22,https://www.fidal.it/atleta/PERCO-Francesco/eKmRlJWiaGw%3D,https://www.fidal.it/societa/ANA-ATL-FELTRE/BL012
498,71.41,1:11.41,e,GALLON Valentina,1991,AF,ANA ATL.FELTRE,5 se- 2,Abano Terme,2008-05-24,https://www.fidal.it/atleta/GALLON-Valentina/eKmRlJOocWQ%3D,https://www.fidal.it/societa/ANA-ATL-FELTRE/BL012
498,71.42,1:11.42,e,BRUNELLI Diana,1978,SF,ANA ATL.FELTRE,5 se- 1,Vicenza,2012-05-19,https://www.fidal.it/atleta/BRUNELLI-Diana/eKiRk5ujb2Q%3D,https://www.fidal.it/societa/ANA-ATL-FELTRE/BL012
497,56.93,56.93,e,PERCO Francesco,2004,PM,ANA ATL.FELTRE,2 se- 2,Feltre,2024-04-10,https://www.fidal.it/atleta/PERCO-Francesco/eKmRlJWiaGw%3D,https://www.fidal.it/societa/ANA-ATL-FELTRE/BL012
493,57.01,57.01,e,TONO Lorenzo,1994,JM,ANA ATL.FELTRE,3 se- 7,Treviso,2012-04-22,https://www.fidal.it/atleta/TONO-Lorenzo/eKmRlJKna2c%3D,https://www.fidal.it/societa/ANA-ATL-FELTRE/BL012
492,71.65,1:11.4,m,GALLON Valentina,1991,AF,ANA ATL.FELTRE,1 se- 1,Belluno,2008-08-26,https://www.fidal.it/atleta/GALLON-Valentina/eKmRlJOocWQ%3D,https://www.fidal.it/societa/ANA-ATL-FELTRE/BL012
487,57.16,57.16,e,PIZZOLOTTO Edoardo,1996,JM,ANA ATL.FELTRE,6 se- 2,Feltre,2014-06-21,https://www.fidal.it/atleta/PIZZOLOTTO-Edoardo/eKmRlJOnb2o%3D,https://www.fidal.it/societa/ANA-ATL-FELTRE/BL012
486,57.17,57.17,e,SCOPEL Luca,1994,PM,ANA ATL.FELTRE,5 se- 6,Cernusco Sul Naviglio,2016-06-15,https://www.fidal.it/atleta/SCOPEL-Luca/eKmRlJOmbWk%3D,https://www.fidal.it/societa/ANA-ATL-FELTRE/BL012
485,57.2,57.20,e,SCOPEL Luca,1994,PM,ANA ATL.FELTRE,5 se- 8,Marcon,2015-05-09,https://www.fidal.it/atleta/SCOPEL-Luca/eKmRlJOmbWk%3D,https://www.fidal.it/societa/ANA-ATL-FELTRE/BL012
482,57.26,57.26,e,SCOPEL Luca,1994,AM,ANA ATL.FELTRE,2 se- 5,Feltre,2011-06-18,https://www.fidal.it/atleta/SCOPEL-Luca/eKmRlJOmbWk%3D,https://www.fidal.it/societa/ANA-ATL-FELTRE/BL012
482,57.25,57.25,e,AGOSTINETTO Isacco,1999,JM,ANA ATL.FELTRE,5 se- 9,Piombino Dese,2018-04-25,https://www.fidal.it/atleta/AGOSTINETTO-Isacco/eKyRkpaga2g%3D,https://www.fidal.it/societa/ANA-ATL-FELTRE/BL012
477,57.38,57.38,e,SCOPEL Simone,2006,AM,ANA ATL.FELTRE,2 se- 2,Lana,2022-04-23,https://www.fidal.it/atleta/SCOPEL-Simone/eKmRlJeocGU%3D,https://www.fidal.it/societa/ANA-ATL-FELTRE/BL012
477,57.38,57.38,e,DE PAOLI Federico,2002,JM,ANA ATL.FELTRE,1 se- 4,Udine,2020-08-08,https://www.fidal.it/atleta/DE-PAOLI-Federico/eKmRlJmfcWs%3D,https://www.fidal.it/societa/ANA-ATL-FELTRE/BL012
476,57.39,57.39,e,DALLA CORTE Christian,1982,SM40,ANA ATL.FELTRE,4 se- 7,Feltre,2022-06-25,https://www.fidal.it/atleta/DALLA-CORTE-Christian/eKmRlJala2w%3D,https://www.fidal.it/societa/ANA-ATL-FELTRE/BL012
474,72.35,1:12.35,e,DALLA CORTE Giada,2001,AF,ANA ATL.FELTRE,4 se- 5,Vicenza,2017-05-13,https://www.fidal.it/atleta/DALLA-CORTE-Giada/eKmRlJancGk%3D,https://www.fidal.it/societa/ANA-ATL-FELTRE/BL012
473,57.46,57.46,e,VELLO Michele,1997,AM,ANA ATL.FELTRE,2 se- 6,Montebelluna,2013-05-04,https://www.fidal.it/atleta/VELLO-Michele/eKmRlJSkb2U%3D,https://www.fidal.it/societa/ANA-ATL-FELTRE/BL012
472,57.48,57.48,e,SCOPEL Luca,1994,AM,ANA ATL.FELTRE,3 se- 1,Feltre,2010-06-19,https://www.fidal.it/atleta/SCOPEL-Luca/eKmRlJOmbWk%3D,https://www.fidal.it/societa/ANA-ATL-FELTRE/BL012
470,57.54,57.54,e,EL AOMARI Abderrahmane,1978,SM35,ANA ATL.FELTRE,2 se- 1,Agordo,2016-05-21,https://www.fidal.it/atleta/EL-AOMARI-Abderrahmane/eKmRlJSma2o%3D,https://www.fidal.it/societa/ANA-ATL-FELTRE/BL012
467,72.63,1:12.63,e,GORZA Eleonora,2000,JF,ANA ATL.FELTRE,4 se- 2,Feltre,2018-08-31,https://www.fidal.it/atleta/GORZA-Eleonora/eKmRlJihaWc%3D,https://www.fidal.it/societa/ANA-ATL-FELTRE/BL012
462,72.85,1:12.85,e,DUCATI Marianna,1985,SF,ANA ATL.FELTRE,5 se- 2,Vicenza,2012-05-19,https://www.fidal.it/atleta/DUCATI-Marianna/eKmRkpKgaGo%3D,https://www.fidal.it/societa/ANA-ATL-FELTRE/BL012
462,72.84,1:12.84,e,DA RUGNA Dea,1997,SF,ANA ATL.FELTRE,3 su- 1,Feltre,2024-04-10,https://www.fidal.it/atleta/DA-RUGNA-Dea/eKmRlJmkaGc%3D,https://www.fidal.it/societa/ANA-ATL-FELTRE/BL012
459,72.95,1:12.7,m,GALLON Valentina,1991,AF,ANA ATL.FELTRE,4 se- 1,Belluno,2007-10-20,https://www.fidal.it/atleta/GALLON-Valentina/eKmRlJOocWQ%3D,https://www.fidal.it/societa/ANA-ATL-FELTRE/BL012
458,57.8,57.80,e,TONO Lorenzo,1994,AM,ANA ATL.FELTRE,4 se- 4,Vicenza,2011-05-21,https://www.fidal.it/atleta/TONO-Lorenzo/eKmRlJKna2c%3D,https://www.fidal.it/societa/ANA-ATL-FELTRE/BL012
456,57.85,57.85,e,EL AOMARI Abderrahmane,1978,SM40,ANA ATL.FELTRE,6 se- 1,Padova,2022-05-14,https://www.fidal.it/atleta/EL-AOMARI-Abderrahmane/eKmRlJSma2o%3D,https://www.fidal.it/societa/ANA-ATL-FELTRE/BL012
454,73.18,1:13.18,e,COMIOTTO Giada,2006,JF,ANA ATL.FELTRE,3 se- 2,Feltre,2024-08-28,https://www.fidal.it/atleta/COMIOTTO-Giada/eKmRlJaoaGc%3D,https://www.fidal.it/societa/ANA-ATL-FELTRE/BL012
453,57.92,57.92,e,TONO Lorenzo,1994,JM,ANA ATL.FELTRE,6 se- 5,Vicenza,2012-04-15,https://www.fidal.it/atleta/TONO-Lorenzo/eKmRlJKna2c%3D,https://www.fidal.it/societa/ANA-ATL-FELTRE/BL012
452,73.25,1:13.25,e,COMIOTTO Giada,2006,JF,ANA ATL.FELTRE,5 se- 4,Bassano Del Grappa,2024-09-07,https://www.fidal.it/atleta/COMIOTTO-Giada/eKmRlJaoaGc%3D,https://www.fidal.it/societa/ANA-ATL-FELTRE/BL012
451,57.97,57.97,e,SCOPEL Luca,1994,AM,ANA ATL.FELTRE,6 se- 1,Rovigo,2011-05-07,https://www.fidal.it/atleta/SCOPEL-Luca/eKmRlJOmbWk%3D,https://www.fidal.it/societa/ANA-ATL-FELTRE/BL012
443,73.62,1:13.62,e,GALLON Valentina,1991,AF,ANA ATL.FELTRE,4 se- 1,Piombino Dese,2008-06-05,https://www.fidal.it/atleta/GALLON-Valentina/eKmRlJOocWQ%3D,https://www.fidal.it/societa/ANA-ATL-FELTRE/BL012
440,58.23,58.23,e,MAHJOUBI Amir mattia,2000,AM,ANA ATL.FELTRE,2 se- 7,Vicenza,2016-04-30,https://www.fidal.it/atleta/MAHJOUBI-Amir-mattia/eKmRlJWoaGo%3D,https://www.fidal.it/societa/ANA-ATL-FELTRE/BL012
436,58.32,58.32,e,TONO Lorenzo,1994,AM,ANA ATL.FELTRE,2 se- 6,Rovigo,2011-05-07,https://www.fidal.it/atleta/TONO-Lorenzo/eKmRlJKna2c%3D,https://www.fidal.it/societa/ANA-ATL-FELTRE/BL012
435,58.35,58.35,e,EL AOMARI Abderrahmane,1978,SM35,ANA ATL.FELTRE,3 se- 1,Feltre,2015-06-20,https://www.fidal.it/atleta/EL-AOMARI-Abderrahmane/eKmRlJSma2o%3D,https://www.fidal.it/societa/ANA-ATL-FELTRE/BL012
434,58.37,58.37,e,EL AOMARI Abderrahmane,1978,SM35,ANA ATL.FELTRE,5 se- 4,Feltre,2014-06-21,https://www.fidal.it/atleta/EL-AOMARI-Abderrahmane/eKmRlJSma2o%3D,https://www.fidal.it/societa/ANA-ATL-FELTRE/BL012
429,58.5,58.50,e,EL AOMARI Abderrahmane,1978,SM,ANA ATL.FELTRE,3 se- 2,Feltre,2012-06-21,https://www.fidal.it/atleta/EL-AOMARI-Abderrahmane/eKmRlJSma2o%3D,https://www.fidal.it/societa/ANA-ATL-FELTRE/BL012
425,58.59,58.59,e,SCOPEL Luca,1994,SM,ANA ATL.FELTRE,6 se- 6,Cernusco Sul Naviglio,2017-06-14,https://www.fidal.it/atleta/SCOPEL-Luca/eKmRlJOmbWk%3D,https://www.fidal.it/societa/ANA-ATL-FELTRE/BL012
421,74.51,1:14.51,e,DALLA CORTE Giada,2001,AF,ANA ATL.FELTRE,4 se- 1,Feltre,2018-08-31,https://www.fidal.it/atleta/DALLA-CORTE-Giada/eKmRlJancGk%3D,https://www.fidal.it/societa/ANA-ATL-FELTRE/BL012
414,58.85,58.6,m,FANTINO Simone,1990,AM,ANA ATL.FELTRE,3 se- 3,Belluno,2007-10-20,https://www.fidal.it/atleta/FANTINO-Simone/eKmRlJOocWM%3D,https://www.fidal.it/societa/ANA-ATL-FELTRE/BL012
414,58.84,58.84,e,PETITTO Leonardo,2008,AM,ANA ATL.FELTRE,3 se- 2,Feltre,2024-04-10,https://www.fidal.it/atleta/PETITTO-Leonardo/eKmRlJijbmQ%3D,https://www.fidal.it/societa/ANA-ATL-FELTRE/BL012
403,59.13,59.13,e,CORSO Lorenzo,1999,AM,ANA ATL.FELTRE,4 se- 2,Feltre,2016-06-25,https://www.fidal.it/atleta/CORSO-Lorenzo/eKmRlJWkbWc%3D,https://www.fidal.it/societa/ANA-ATL-FELTRE/BL012
402,59.14,59.14,e,EL AOMARI Abderrahmane,1978,SM40,ANA ATL.FELTRE,5 se- 6,Feltre,2022-06-25,https://www.fidal.it/atleta/EL-AOMARI-Abderrahmane/eKmRlJSma2o%3D,https://www.fidal.it/societa/ANA-ATL-FELTRE/BL012
402,59.15,58.9,m,CANOVA Luca,1991,AM,ANA ATL.FELTRE,4 se- 1,Belluno,2007-10-20,https://www.fidal.it/atleta/CANOVA-Luca/eKiRlZKia2o%3D,https://www.fidal.it/societa/ANA-ATL-FELTRE/BL012
396,59.29,59.29,e,SIRAGNA Lorenzo,2001,CM,ANA ATL.FELTRE,11 se- 1,Vicenza,2016-05-13,https://www.fidal.it/atleta/SIRAGNA-Lorenzo/eKmRlJahbmY%3D,https://www.fidal.it/societa/ANA-ATL-FELTRE/BL012
388,75.96,1:15.96,e,ARBOIT Diletta,1996,AF,ANA ATL.FELTRE,5 se- 3,Vicenza,2012-05-26,https://www.fidal.it/atleta/ARBOIT-Diletta/eKmRlJWobWU%3D,https://www.fidal.it/societa/ANA-ATL-FELTRE/BL012
383,59.61,59.61,e,PERCO Francesco,2004,JM,ANA ATL.FELTRE,2 se- 2,Montebelluna,2023-07-13,https://www.fidal.it/atleta/PERCO-Francesco/eKmRlJWiaGw%3D,https://www.fidal.it/societa/ANA-ATL-FELTRE/BL012
381,59.67,59.67,e,AGOSTINETTO Isacco,1999,AM,ANA ATL.FELTRE,3 se- 3,Treviso,2015-09-12,https://www.fidal.it/atleta/AGOSTINETTO-Isacco/eKyRkpaga2g%3D,https://www.fidal.it/societa/ANA-ATL-FELTRE/BL012
362,60.17,1:00.17,e,EL AOMARI Abderrahmane,1978,SM45,ANA ATL.FELTRE,3 se- 2,Montebelluna,2023-07-13,https://www.fidal.it/atleta/EL-AOMARI-Abderrahmane/eKmRlJSma2o%3D,https://www.fidal.it/societa/ANA-ATL-FELTRE/BL012
350,77.67,1:17.67,e,ARBOIT Diletta,1996,AF,ANA ATL.FELTRE,3 se- 1,Feltre,2012-06-21,https://www.fidal.it/atleta/ARBOIT-Diletta/eKmRlJWobWU%3D,https://www.fidal.it/societa/ANA-ATL-FELTRE/BL012
349,60.51,1:00.51,e,VISCA Gianmarco,1995,AM,ANA ATL.FELTRE,6 se- 6,Vicenza,2012-04-15,https://www.fidal.it/atleta/VISCA-Gianmarco/eKmRlJOnbWQ%3D,https://www.fidal.it/societa/ANA-ATL-FELTRE/BL012
325,78.85,1:18.6,m,GORZA Eleonora,2000,AF,ANA ATL.FELTRE,4 se- 3,Agordo,2017-09-30,https://www.fidal.it/atleta/GORZA-Eleonora/eKmRlJihaWc%3D,https://www.fidal.it/societa/ANA-ATL-FELTRE/BL012
314,61.46,1:01.46,e,PETITTO Leonardo,2008,AM,ANA ATL.FELTRE,8 se- 3,Vittorio Veneto,2024-05-11,https://www.fidal.it/atleta/PETITTO-Leonardo/eKmRlJijbmQ%3D,https://www.fidal.it/societa/ANA-ATL-FELTRE/BL012
268,81.7,1:21.70,e,LAKHAR Nouhaila,1996,AF,ANA ATL.FELTRE,4 se- 1,Feltre,2012-06-21,https://www.fidal.it/atleta/LAKHAR-Nouhaila/eKmRlJWmbWs%3D,https://www.fidal.it/societa/ANA-ATL-FELTRE/BL012
195,65.15,1:04.9,m,ZUGLIAN Giorgio,2000,AM,ANA ATL.FELTRE,5 se- 1,Agordo,2016-05-15,https://www.fidal.it/atleta/ZUGLIAN-Giorgio/eKmRlJOkaGo%3D,https://www.fidal.it/societa/ANA-ATL-FELTRE/BL012
187,65.46,1:05.46,e,ZUGLIAN Giorgio,2000,AM,ANA ATL.FELTRE,4 se- 6,Vicenza,2017-05-13,https://www.fidal.it/atleta/ZUGLIAN-Giorgio/eKmRlJOkaGo%3D,https://www.fidal.it/societa/ANA-ATL-FELTRE/BL012
170,66.09,1:06.09,e,ZUGLIAN Giorgio,2000,AM,ANA ATL.FELTRE,6 se- 7,Caorle,2017-05-27,https://www.fidal.it/atleta/ZUGLIAN-Giorgio/eKmRlJOkaGo%3D,https://www.fidal.it/societa/ANA-ATL-FELTRE/BL012
