punteggio,prestazione,tempo,cronometraggio,atleta,anno,categoria,società,posizione,luogo,data,link_atleta,link_società
1017.0,78.13,1:18.13,e,PERCO Emilio,1994,PM,ANA ATL.FELTRE,1 se- 1,Rovereto,2014-04-12,https://www.fidal.it/atleta/PERCO-Emilio/eKmRlJOjaGo%3D,https://www.fidal.it/societa/ANA-ATL-FELTRE/BL012
926.0,80.49,1:20.49,e,PERCO Emilio,1994,JM,ANA ATL.FELTRE,2 se- 1,Trento,2012-04-21,https://www.fidal.it/atleta/PERCO-Emilio/eKmRlJOjaGo%3D,https://www.fidal.it/societa/ANA-ATL-FELTRE/BL012
849.0,98.84,1:38.84,e,FANTINEL Ilaria,1998,CF,ANA ATL.FELTRE,2 se- 1,Trento,2013-07-23,https://www.fidal.it/atleta/FANTINEL-Ilaria/eKmRlJWlbWU%3D,https://www.fidal.it/societa/ANA-ATL-FELTRE/BL012
829.0,99.79,1:39.79,e,D'ALBERTO Arianna,2000,CF,ANA ATL.FELTRE,5 se- 1,Trento,2015-07-14,https://www.fidal.it/atleta/D-ALBERTO-Arianna/eKmRlJWmaGs%3D,https://www.fidal.it/societa/ANA-ATL-FELTRE/BL012
812.0,100.66,1:40.66,e,FANTINEL Ilaria,1998,CF,ANA ATL.FELTRE,1 se- 3,Trento,2012-07-24,https://www.fidal.it/atleta/FANTINEL-Ilaria/eKmRlJWlbWU%3D,https://www.fidal.it/societa/ANA-ATL-FELTRE/BL012
785.0,101.96,1:41.96,e,BOTTEGA Samantha,1994,PF,ANA ATL.FELTRE,3 se- 2,Rovereto,2014-04-12,https://www.fidal.it/atleta/BOTTEGA-Samantha/eKmRlJKnb2Q%3D,https://www.fidal.it/societa/ANA-ATL-FELTRE/BL012
784.0,84.39,1:24.39,e,POLESANA Filippo,2000,SM,ANA ATL.FELTRE,6 se- 1,Rovereto,2024-04-14,https://www.fidal.it/atleta/POLESANA-Filippo/eKmRlJSobGY%3D,https://www.fidal.it/societa/ANA-ATL-FELTRE/BL012
780.0,102.21,1:42.21,e,ZAETTA Chiara,1992,CF,ANA ATL.FELTRE,99 se- 1,Majano,2006-09-09,https://www.fidal.it/atleta/ZAETTA-Chiara/eKmRlJKmbWk%3D,https://www.fidal.it/societa/ANA-ATL-FELTRE/BL012
768.0,84.85,1:24.6,m,POLESANA Filippo,2000,SM,ANA ATL.FELTRE,2 su- 1,Borgo Valbelluna,2023-06-21,https://www.fidal.it/atleta/POLESANA-Filippo/eKmRlJSobGY%3D,https://www.fidal.it/societa/ANA-ATL-FELTRE/BL012
731.0,104.7,1:44.70,e,ZAETTA Chiara,1992,CF,ANA ATL.FELTRE,4 se- 1,Trento,2007-07-24,https://www.fidal.it/atleta/ZAETTA-Chiara/eKmRlJKmbWk%3D,https://www.fidal.it/societa/ANA-ATL-FELTRE/BL012
728.0,86.05,1:25.8,m,DE PAOLI Jacopo,1988,AM,ANA ATL.FELTRE,1 su- 1,Belluno,2005-04-23,https://www.fidal.it/atleta/DE-PAOLI-Jacopo/eKiRlJWjbmY%3D,https://www.fidal.it/societa/ANA-ATL-FELTRE/BL012
706.0,105.99,1:45.99,e,GIOVANELLI Anna,1997,CF,ANA ATL.FELTRE,8 se- 1,Trento,2011-07-19,https://www.fidal.it/atleta/GIOVANELLI-Anna/eKmRlJSjbGY%3D,https://www.fidal.it/societa/ANA-ATL-FELTRE/BL012
691.0,106.8,1:46.80,e,TURRIN Lucia,2009,CF,ANA ATL.FELTRE,1 se- 1,Borgo Valbelluna,2023-06-06,https://www.fidal.it/atleta/TURRIN-Lucia/eKmRlJiibGo%3D,https://www.fidal.it/societa/ANA-ATL-FELTRE/BL012
688.0,87.25,1:27.25,e,BONAN Marco,2000,CM,ANA ATL.FELTRE,1 su- 1,Trento,2015-09-20,https://www.fidal.it/atleta/BONAN-Marco/eKmRlJShbGM%3D,https://www.fidal.it/societa/ANA-ATL-FELTRE/BL012
678.0,87.55,1:27.55,e,DAL SASSO Alberto,1998,CM,ANA ATL.FELTRE,1 se- 1,Trento,2013-07-23,https://www.fidal.it/atleta/DAL-SASSO-Alberto/eKmRlJWfbGs%3D,https://www.fidal.it/societa/ANA-ATL-FELTRE/BL012
663.0,88.01,1:28.01,e,BONAN Marco,2000,CM,ANA ATL.FELTRE,1 se- 2,Trento,2015-05-01,https://www.fidal.it/atleta/BONAN-Marco/eKmRlJShbGM%3D,https://www.fidal.it/societa/ANA-ATL-FELTRE/BL012
661.0,88.09,1:28.09,e,COSTA Edgard,1999,CM,ANA ATL.FELTRE,3 se- 1,Trento,2014-07-15,https://www.fidal.it/atleta/COSTA-Edgard/eKmRlJSjbmo%3D,https://www.fidal.it/societa/ANA-ATL-FELTRE/BL012
658.0,88.18,1:28.18,e,COSTA Edgard,1999,CM,ANA ATL.FELTRE,1 se- 1,Treviso,2014-04-13,https://www.fidal.it/atleta/COSTA-Edgard/eKmRlJSjbmo%3D,https://www.fidal.it/societa/ANA-ATL-FELTRE/BL012
656.0,108.65,1:48.4,m,BEE Nicole,1991,SF,ANA ATL.FELTRE,3 su- 1,Borgo Valbelluna,2023-06-21,https://www.fidal.it/atleta/BEE-Nicole/eKmRlJqhaWM%3D,https://www.fidal.it/societa/ANA-ATL-FELTRE/BL012
649.0,109.01,1:49.01,e,D'ALBERTO Arianna,2000,CF,ANA ATL.FELTRE,4 se- 1,Conegliano,2014-09-14,https://www.fidal.it/atleta/D-ALBERTO-Arianna/eKmRlJWmaGs%3D,https://www.fidal.it/societa/ANA-ATL-FELTRE/BL012
646.0,88.55,1:28.3,m,DALLA CORTE Christian,1982,SM40,ANA ATL.FELTRE,4 su- 1,Borgo Valbelluna,2023-06-21,https://www.fidal.it/atleta/DALLA-CORTE-Christian/eKmRlJala2w%3D,https://www.fidal.it/societa/ANA-ATL-FELTRE/BL012
638.0,109.65,1:49.4,m,SCHENAL Anna,2004,CF,ANA ATL.FELTRE,2 se- 1,Valesella,2018-05-19,https://www.fidal.it/atleta/SCHENAL-Anna/eKmRlJajbWs%3D,https://www.fidal.it/societa/ANA-ATL-FELTRE/BL012
636.0,109.75,1:49.5,m,COLUSSI Leila,2006,CF,ANA ATL.FELTRE,2 se- 1,Alpago,2021-05-30,https://www.fidal.it/atleta/COLUSSI-Leila/eKmRlJeob2s%3D,https://www.fidal.it/societa/ANA-ATL-FELTRE/BL012
636.0,109.75,1:49.5,m,FANTINEL Sara,2005,JF,ANA ATL.FELTRE,4 su- 1,Borgo Valbelluna,2023-06-21,https://www.fidal.it/atleta/FANTINEL-Sara/eKmRlJihamo%3D,https://www.fidal.it/societa/ANA-ATL-FELTRE/BL012
623.0,110.45,1:50.2,m,SCHENAL Anna,2004,CF,ANA ATL.FELTRE,1 se- 2,Agordo,2019-05-12,https://www.fidal.it/atleta/SCHENAL-Anna/eKmRlJajbWs%3D,https://www.fidal.it/societa/ANA-ATL-FELTRE/BL012
622.0,110.55,1:50.3,m,D'ALBERTO Arianna,2000,CF,ANA ATL.FELTRE,1 se- 1,Valesella Di Cadore,2014-05-03,https://www.fidal.it/atleta/D-ALBERTO-Arianna/eKmRlJWmaGs%3D,https://www.fidal.it/societa/ANA-ATL-FELTRE/BL012
618.0,89.45,1:29.2,m,PERCO Emilio,1994,CM,ANA ATL.FELTRE,1 se- 1,Belluno,2009-10-03,https://www.fidal.it/atleta/PERCO-Emilio/eKmRlJOjaGo%3D,https://www.fidal.it/societa/ANA-ATL-FELTRE/BL012
613.0,111.02,1:51.02,e,DE RIZ Silvia,2008,CF,ANA ATL.FELTRE,3 se- 1,Borgo Valbelluna,2023-06-06,https://www.fidal.it/atleta/DE-RIZ-Silvia/eKmRlJmgaWk%3D,https://www.fidal.it/societa/ANA-ATL-FELTRE/BL012
612.0,111.07,1:51.07,e,BERTELLE Arianna,2008,CF,ANA ATL.FELTRE,2 se- 2,Borgo Valbelluna,2023-06-06,https://www.fidal.it/atleta/BERTELLE-Arianna/eKmRlJikbGM%3D,https://www.fidal.it/societa/ANA-ATL-FELTRE/BL012
608.0,111.32,1:51.32,e,DOGLIONI Maria,1996,CF,ANA ATL.FELTRE,5 su- 1,Feltre,2010-05-26,https://www.fidal.it/atleta/DOGLIONI-Maria/eKmRlJSfb2o%3D,https://www.fidal.it/societa/ANA-ATL-FELTRE/BL012
606.0,111.45,1:51.2,m,D'ALBERTO Arianna,2000,CF,ANA ATL.FELTRE,1 se- 1,Agordo,2015-05-01,https://www.fidal.it/atleta/D-ALBERTO-Arianna/eKmRlJWmaGs%3D,https://www.fidal.it/societa/ANA-ATL-FELTRE/BL012
606.0,111.43,1:51.43,e,MENEGAZZO Silvia,2007,CF,ANA ATL.FELTRE,6 se- 2,Trento,2022-07-19,https://www.fidal.it/atleta/MENEGAZZO-Silvia/eKmRlJeocGM%3D,https://www.fidal.it/societa/ANA-ATL-FELTRE/BL012
604.0,111.55,1:51.3,m,GIUSTI Lovely,2009,CF,ANA ATL.FELTRE,5 su- 1,Agordo,2023-06-25,https://www.fidal.it/atleta/GIUSTI-Lovely/eKmRlJiiaWg%3D,https://www.fidal.it/societa/ANA-ATL-FELTRE/BL012
593.0,112.15,1:51.9,m,FANTINEL Sara,2005,AF,ANA ATL.FELTRE,9 su- 1,Feltre,2021-06-16,https://www.fidal.it/atleta/FANTINEL-Sara/eKmRlJihamo%3D,https://www.fidal.it/societa/ANA-ATL-FELTRE/BL012
584.0,112.71,1:52.71,e,COLUSSI Leila,2006,CF,ANA ATL.FELTRE,6 se- 2,Trento,2021-07-06,https://www.fidal.it/atleta/COLUSSI-Leila/eKmRlJeob2s%3D,https://www.fidal.it/societa/ANA-ATL-FELTRE/BL012
579.0,112.95,1:52.7,m,COLUSSI Ilary,2006,CF,ANA ATL.FELTRE,5 se- 1,Alpago,2021-05-30,https://www.fidal.it/atleta/COLUSSI-Ilary/eKmRlJeob2w%3D,https://www.fidal.it/societa/ANA-ATL-FELTRE/BL012
573.0,90.95,1:30.7,m,RECH Daniel,1993,CM,ANA ATL.FELTRE,7 se- 1,Quinto Di Treviso,2008-07-03,https://www.fidal.it/atleta/RECH-Daniel/eKmRlJKoaGs%3D,https://www.fidal.it/societa/ANA-ATL-FELTRE/BL012
566.0,113.75,1:53.75,e,TURRIN Lucia,2009,CF,ANA ATL.FELTRE,9 se- 1,Trento,2023-07-11,https://www.fidal.it/atleta/TURRIN-Lucia/eKmRlJiibGo%3D,https://www.fidal.it/societa/ANA-ATL-FELTRE/BL012
566.0,113.75,1:53.5,m,TONIN Francesca,1994,CF,ANA ATL.FELTRE,2 se- 1,Belluno,2008-04-12,https://www.fidal.it/atleta/TONIN-Francesca/eKmRlJOmbWY%3D,https://www.fidal.it/societa/ANA-ATL-FELTRE/BL012
563.0,113.93,1:53.93,e,STACH Marta,1995,CF,ANA ATL.FELTRE,7 se- 2,Trento,2009-07-21,https://www.fidal.it/atleta/STACH-Marta/eKmRlJKna2Q%3D,https://www.fidal.it/societa/ANA-ATL-FELTRE/BL012
562.0,113.97,1:53.97,e,COLUSSI Leila,2006,CF,ANA ATL.FELTRE,5 se- 1,Vittorio Veneto,2021-09-19,https://www.fidal.it/atleta/COLUSSI-Leila/eKmRlJeob2s%3D,https://www.fidal.it/societa/ANA-ATL-FELTRE/BL012
561.0,114.05,1:53.8,m,FANTINEL Sara,2005,AF,ANA ATL.FELTRE,4 su- 1,Feltre,2022-04-13,https://www.fidal.it/atleta/FANTINEL-Sara/eKmRlJihamo%3D,https://www.fidal.it/societa/ANA-ATL-FELTRE/BL012
561.0,91.35,1:31.1,m,BRUSATI Alex,2004,JM,ANA ATL.FELTRE,5 su- 1,Feltre,2022-04-13,https://www.fidal.it/atleta/BRUSATI-Alex/eKmRlJWfaGs%3D,https://www.fidal.it/societa/ANA-ATL-FELTRE/BL012
561.0,91.36,1:31.36,e,BELLUS Riccardo,2008,CM,ANA ATL.FELTRE,5 se- 1,Borgo Valbelluna,2023-06-06,https://www.fidal.it/atleta/BELLUS-Riccardo/eKmRlJekamU%3D,https://www.fidal.it/societa/ANA-ATL-FELTRE/BL012
561.0,114.05,1:53.8,m,DE RIZ Silvia,2008,CF,ANA ATL.FELTRE,6 su- 1,Feltre,2022-05-11,https://www.fidal.it/atleta/DE-RIZ-Silvia/eKmRlJmgaWk%3D,https://www.fidal.it/societa/ANA-ATL-FELTRE/BL012
559.0,114.14,1:54.14,e,TONIN Francesca,1994,CF,ANA ATL.FELTRE,16 se- 1,Trento,2009-07-21,https://www.fidal.it/atleta/TONIN-Francesca/eKmRlJOmbWY%3D,https://www.fidal.it/societa/ANA-ATL-FELTRE/BL012
558.0,91.45,1:31.2,m,PARANI Aire,1994,CM,ANA ATL.FELTRE,2 se- 1,Belluno,2009-10-03,https://www.fidal.it/atleta/PARANI-Aire/eKmRlJSgaWo%3D,https://www.fidal.it/societa/ANA-ATL-FELTRE/BL012
554.0,91.58,1:31.58,e,ROSSA Matteo,1998,CM,ANA ATL.FELTRE,13 se- 1,Trento,2013-07-23,https://www.fidal.it/atleta/ROSSA-Matteo/eKmRlJWoamo%3D,https://www.fidal.it/societa/ANA-ATL-FELTRE/BL012
552.0,114.53,1:54.53,e,CHIERA Gloria,1995,CF,ANA ATL.FELTRE,7 su- 1,Feltre,2010-05-26,https://www.fidal.it/atleta/CHIERA-Gloria/eKmRlJSmbGM%3D,https://www.fidal.it/societa/ANA-ATL-FELTRE/BL012
547.0,114.85,1:54.85,e,COLUSSI Ilary,2006,CF,ANA ATL.FELTRE,8 se- 2,Trento,2021-07-06,https://www.fidal.it/atleta/COLUSSI-Ilary/eKmRlJeob2w%3D,https://www.fidal.it/societa/ANA-ATL-FELTRE/BL012
546.0,114.93,1:54.93,e,BERTELLE Arianna,2008,CF,ANA ATL.FELTRE,11 se- 1,Trento,2023-07-11,https://www.fidal.it/atleta/BERTELLE-Arianna/eKmRlJikbGM%3D,https://www.fidal.it/societa/ANA-ATL-FELTRE/BL012
546.0,114.94,1:54.94,e,SOPPELSA Anna,1993,CF,ANA ATL.FELTRE,14 se- 1,Trento,2008-07-22,https://www.fidal.it/atleta/SOPPELSA-Anna/eKmRlJKjbmU%3D,https://www.fidal.it/societa/ANA-ATL-FELTRE/BL012
544.0,115.05,1:54.8,m,FACCHIN Alessia,1993,CF,ANA ATL.FELTRE,1 su- 1,Longarone,2007-05-19,https://www.fidal.it/atleta/FACCHIN-Alessia/eKmRlJKna2g%3D,https://www.fidal.it/societa/ANA-ATL-FELTRE/BL012
544.0,91.94,1:31.94,e,SAADAOUI Omar,2008,CM,ANA ATL.FELTRE,6 se- 1,Borgo Valbelluna,2023-06-06,https://www.fidal.it/atleta/SAADAOUI-Omar/eKmRlJimbWU%3D,https://www.fidal.it/societa/ANA-ATL-FELTRE/BL012
544.0,115.02,1:55.02,e,BERTELLE Marta,1993,CF,ANA ATL.FELTRE,4 se- 2,Trento,2007-07-24,https://www.fidal.it/atleta/BERTELLE-Marta/eKmRlJOjaGs%3D,https://www.fidal.it/societa/ANA-ATL-FELTRE/BL012
543.0,115.12,1:55.12,e,MOINO Caterina,2009,CF,ANA ATL.FELTRE,5 se- 1,Borgo Valbelluna,2023-06-06,https://www.fidal.it/atleta/MOINO-Caterina/eKmRlJiibGc%3D,https://www.fidal.it/societa/ANA-ATL-FELTRE/BL012
536.0,92.22,1:32.22,e,MAHJOUBI Amir mattia,2000,JM,ANA ATL.FELTRE,10 se- 3,Rovereto,2019-04-14,https://www.fidal.it/atleta/MAHJOUBI-Amir-mattia/eKmRlJWoaGo%3D,https://www.fidal.it/societa/ANA-ATL-FELTRE/BL012
532.0,115.75,1:55.5,m,COLDEBELLA Gloria,2000,CF,ANA ATL.FELTRE,3 se- 1,Valesella Di Cadore,2014-05-03,https://www.fidal.it/atleta/COLDEBELLA-Gloria/eKmRlJSjcGk%3D,https://www.fidal.it/societa/ANA-ATL-FELTRE/BL012
530.0,115.85,1:55.6,m,FACCHIN Alessia,1993,CF,ANA ATL.FELTRE,1 se- 1,Belluno,2008-05-10,https://www.fidal.it/atleta/FACCHIN-Alessia/eKmRlJKna2g%3D,https://www.fidal.it/societa/ANA-ATL-FELTRE/BL012
529.0,115.96,1:55.96,e,MENEGAZZO Silvia,2007,CF,ANA ATL.FELTRE,9 se- 2,Trento,2021-07-06,https://www.fidal.it/atleta/MENEGAZZO-Silvia/eKmRlJeocGM%3D,https://www.fidal.it/societa/ANA-ATL-FELTRE/BL012
528.0,116.02,1:56.02,e,TONIN Francesca,1994,CF,ANA ATL.FELTRE,16 se- 1,Trento,2008-07-22,https://www.fidal.it/atleta/TONIN-Francesca/eKmRlJOmbWY%3D,https://www.fidal.it/societa/ANA-ATL-FELTRE/BL012
528.0,92.48,1:32.48,e,RECH Daniel,1993,CM,ANA ATL.FELTRE,8 se- 1,Trento,2008-07-22,https://www.fidal.it/atleta/RECH-Daniel/eKmRlJKoaGs%3D,https://www.fidal.it/societa/ANA-ATL-FELTRE/BL012
525.0,116.15,1:55.9,m,MENEGAZZO Silvia,2007,CF,ANA ATL.FELTRE,5 se- 2,Alpago,2021-05-30,https://www.fidal.it/atleta/MENEGAZZO-Silvia/eKmRlJeocGM%3D,https://www.fidal.it/societa/ANA-ATL-FELTRE/BL012
514.0,116.85,1:56.6,m,DE RIZ Silvia,2008,CF,ANA ATL.FELTRE,7 su- 1,Agordo,2023-06-25,https://www.fidal.it/atleta/DE-RIZ-Silvia/eKmRlJmgaWk%3D,https://www.fidal.it/societa/ANA-ATL-FELTRE/BL012
512.0,116.95,1:56.7,m,BORDIN Sara,2007,CF,ANA ATL.FELTRE,6 se- 2,Alpago,2021-05-30,https://www.fidal.it/atleta/BORDIN-Sara/eKyRk5ufcWo%3D,https://www.fidal.it/societa/ANA-ATL-FELTRE/BL012
511.0,117.05,1:56.8,m,DE BACCO Emma,2006,AF,ANA ATL.FELTRE,5 su- 1,Feltre,2022-04-13,https://www.fidal.it/atleta/DE-BACCO-Emma/eKmRlJelbmU%3D,https://www.fidal.it/societa/ANA-ATL-FELTRE/BL012
509.0,93.17,1:33.17,e,PARANI Aire,1994,CM,ANA ATL.FELTRE,1 se- 2,Trento,2009-07-21,https://www.fidal.it/atleta/PARANI-Aire/eKmRlJSgaWo%3D,https://www.fidal.it/societa/ANA-ATL-FELTRE/BL012
506.0,93.27,1:33.27,e,COSTA Edgard,1999,CM,ANA ATL.FELTRE,2 se- 2,Trento,2013-07-23,https://www.fidal.it/atleta/COSTA-Edgard/eKmRlJSjbmo%3D,https://www.fidal.it/societa/ANA-ATL-FELTRE/BL012
502.0,117.59,1:57.59,e,DE CARLI Alessandra,2001,CF,ANA ATL.FELTRE,7 su- 1,Feltre,2016-06-25,https://www.fidal.it/atleta/DE-CARLI-Alessandra/eKmRlJalbmo%3D,https://www.fidal.it/societa/ANA-ATL-FELTRE/BL012
498.0,93.55,1:33.3,m,POLESANA Giacomo,2005,AM,ANA ATL.FELTRE,6 su- 1,Feltre,2022-04-13,https://www.fidal.it/atleta/POLESANA-Giacomo/eKmRlJaha2Y%3D,https://www.fidal.it/societa/ANA-ATL-FELTRE/BL012
487.0,118.55,1:58.3,m,SANGUIN Giulia,1999,CF,ANA ATL.FELTRE,6 se- 1,Vallesella,2013-05-18,https://www.fidal.it/atleta/SANGUIN-Giulia/eKmRlJSmbmo%3D,https://www.fidal.it/societa/ANA-ATL-FELTRE/BL012
476.0,94.35,1:34.35,e,SCHENAL Alessandro,1996,CM,ANA ATL.FELTRE,2 su- 1,Feltre,2010-05-26,https://www.fidal.it/atleta/SCHENAL-Alessandro/eKmRlJOja2s%3D,https://www.fidal.it/societa/ANA-ATL-FELTRE/BL012
471.0,94.54,1:34.54,e,SCOPEL Luca,1994,CM,ANA ATL.FELTRE,2 se- 2,Trento,2009-07-21,https://www.fidal.it/atleta/SCOPEL-Luca/eKmRlJOmbWk%3D,https://www.fidal.it/societa/ANA-ATL-FELTRE/BL012
463.0,94.85,1:34.6,m,BRUSATI Alex,2004,AM,ANA ATL.FELTRE,6 su- 1,Feltre,2021-06-16,https://www.fidal.it/atleta/BRUSATI-Alex/eKmRlJWfaGs%3D,https://www.fidal.it/societa/ANA-ATL-FELTRE/BL012
460.0,94.95,1:34.7,m,LIRA Riccardo,1995,CM,ANA ATL.FELTRE,4 se- 1,Belluno,2009-10-03,https://www.fidal.it/atleta/LIRA-Riccardo/eKmRlJOja2g%3D,https://www.fidal.it/societa/ANA-ATL-FELTRE/BL012
460.0,94.94,1:34.94,e,AGOSTINETTO Isacco,1999,CM,ANA ATL.FELTRE,7 se- 1,Treviso,2014-04-13,https://www.fidal.it/atleta/AGOSTINETTO-Isacco/eKyRkpaga2g%3D,https://www.fidal.it/societa/ANA-ATL-FELTRE/BL012
459.0,94.99,1:34.99,e,PIZZOLOTTO Edoardo,1996,CM,ANA ATL.FELTRE,3 su- 1,Feltre,2010-05-26,https://www.fidal.it/atleta/PIZZOLOTTO-Edoardo/eKmRlJOnb2o%3D,https://www.fidal.it/societa/ANA-ATL-FELTRE/BL012
457.0,95.07,1:35.07,e,LIRA Riccardo,1995,CM,ANA ATL.FELTRE,4 su- 1,Feltre,2010-05-26,https://www.fidal.it/atleta/LIRA-Riccardo/eKmRlJOja2g%3D,https://www.fidal.it/societa/ANA-ATL-FELTRE/BL012
455.0,95.13,1:35.13,e,SCHENAL Alessandro,1996,CM,ANA ATL.FELTRE,13 se- 1,Trento,2010-07-27,https://www.fidal.it/atleta/SCHENAL-Alessandro/eKmRlJOja2s%3D,https://www.fidal.it/societa/ANA-ATL-FELTRE/BL012
449.0,95.35,1:35.1,m,POLESANA Federico,1994,CM,ANA ATL.FELTRE,5 se- 1,Belluno,2009-10-03,https://www.fidal.it/atleta/POLESANA-Federico/eKmRlJOoaWs%3D,https://www.fidal.it/societa/ANA-ATL-FELTRE/BL012
441.0,95.65,1:35.4,m,BELLUS Riccardo,2008,CM,ANA ATL.FELTRE,6 su- 1,Feltre,2022-05-11,https://www.fidal.it/atleta/BELLUS-Riccardo/eKmRlJekamU%3D,https://www.fidal.it/societa/ANA-ATL-FELTRE/BL012
437.0,121.75,2:01.5,m,SPADA Silvia,1995,CF,ANA ATL.FELTRE,4 se- 1,Feltre,2010-05-15,https://www.fidal.it/atleta/SPADA-Silvia/eKmRlJOkaWs%3D,https://www.fidal.it/societa/ANA-ATL-FELTRE/BL012
428.0,96.15,1:36.15,e,PERENZIN Luca,1994,CM,ANA ATL.FELTRE,3 se- 2,Trento,2009-07-21,https://www.fidal.it/atleta/PERENZIN-Luca/eKmRlJOgbWM%3D,https://www.fidal.it/societa/ANA-ATL-FELTRE/BL012
427.0,122.45,2:02.2,m,DAVID Giovanna,2007,CF,ANA ATL.FELTRE,4 se- 3,Alpago,2021-05-30,https://www.fidal.it/atleta/DAVID-Giovanna/eKmRlJijb2U%3D,https://www.fidal.it/societa/ANA-ATL-FELTRE/BL012
427.0,122.44,2:02.44,e,TAMBURLIN Anna,2000,CF,ANA ATL.FELTRE,9 se- 1,Conegliano,2014-09-14,https://www.fidal.it/atleta/TAMBURLIN-Anna/eKmRlJWobGc%3D,https://www.fidal.it/societa/ANA-ATL-FELTRE/BL012
418.0,123.05,2:02.8,m,PERSICO Elisa,2002,CF,ANA ATL.FELTRE,10 se- 1,Agordo,2016-05-01,https://www.fidal.it/atleta/PERSICO-Elisa/eKmRlJWjcGk%3D,https://www.fidal.it/societa/ANA-ATL-FELTRE/BL012
413.0,96.74,1:36.74,e,LIRA Riccardo,1995,CM,ANA ATL.FELTRE,14 se- 1,Trento,2010-07-27,https://www.fidal.it/atleta/LIRA-Riccardo/eKmRlJOja2g%3D,https://www.fidal.it/societa/ANA-ATL-FELTRE/BL012
409.0,123.65,2:03.4,m,DA RIN DE MONEGO Beatrice,2003,CF,ANA ATL.FELTRE,2 se- 1,Belluno,2017-07-02,https://www.fidal.it/atleta/DA-RIN-DE-MONEGO-Beatrice/eKmRlJSmbmM%3D,https://www.fidal.it/societa/ANA-ATL-FELTRE/BL012
409.0,123.65,2:03.65,e,DALLA ROSA Silvia,1993,CF,ANA ATL.FELTRE,18 se- 1,Trento,2008-07-22,https://www.fidal.it/atleta/DALLA-ROSA-Silvia/eKmRlJKjaGY%3D,https://www.fidal.it/societa/ANA-ATL-FELTRE/BL012
406.0,123.85,2:03.6,m,FILOSA Annalisa,1999,EF,ANA ATL.FELTRE,2 su- 1,Longarone,2009-05-10,https://www.fidal.it/atleta/FILOSA-Annalisa/eKmRlJSjb2w%3D,https://www.fidal.it/societa/ANA-ATL-FELTRE/BL012
400.0,124.25,2:04.0,m,MAHJOUBI Gaia,2004,CF,ANA ATL.FELTRE,12 se- 1,Valesella,2018-05-19,https://www.fidal.it/atleta/MAHJOUBI-Gaia/eKmRlJejamY%3D,https://www.fidal.it/societa/ANA-ATL-FELTRE/BL012
399.0,97.29,1:37.29,e,PETITTO Leonardo,2008,CM,ANA ATL.FELTRE,1 se- 2,Borgo Valbelluna,2023-06-06,https://www.fidal.it/atleta/PETITTO-Leonardo/eKmRlJijbmQ%3D,https://www.fidal.it/societa/ANA-ATL-FELTRE/BL012
393.0,97.55,1:37.55,e,PIZZOLOTTO Edoardo,1996,CM,ANA ATL.FELTRE,9 se- 2,Trento,2010-07-27,https://www.fidal.it/atleta/PIZZOLOTTO-Edoardo/eKmRlJOnb2o%3D,https://www.fidal.it/societa/ANA-ATL-FELTRE/BL012
386.0,125.25,2:05.0,m,CURIC Tea,1995,CF,ANA ATL.FELTRE,6 se- 1,Feltre,2010-05-15,https://www.fidal.it/atleta/CURIC-Tea/eKmRlJSnbmc%3D,https://www.fidal.it/societa/ANA-ATL-FELTRE/BL012
381.0,98.05,1:37.8,m,FANTINEL Davide,2005,AM,ANA ATL.FELTRE,8 su- 1,Feltre,2021-06-16,https://www.fidal.it/atleta/FANTINEL-Davide/eKmRlJmjcGQ%3D,https://www.fidal.it/societa/ANA-ATL-FELTRE/BL012
376.0,98.23,1:38.23,e,MENEGAZZO Giorgio,2009,CM,ANA ATL.FELTRE,9 se- 2,Trento,2024-07-09,https://www.fidal.it/atleta/MENEGAZZO-Giorgio/eKmRlJeocGQ%3D,https://www.fidal.it/societa/ANA-ATL-FELTRE/BL012
376.0,125.95,2:05.7,m,SPADA Anna,2007,CF,ANA ATL.FELTRE,6 se- 3,Alpago,2021-05-30,https://www.fidal.it/atleta/SPADA-Anna/eKmRlJmkaWQ%3D,https://www.fidal.it/societa/ANA-ATL-FELTRE/BL012
374.0,126.15,2:05.9,m,TAMBURLIN Anna,2000,CF,ANA ATL.FELTRE,8 se- 1,Valesella Di Cadore,2014-05-03,https://www.fidal.it/atleta/TAMBURLIN-Anna/eKmRlJWobGc%3D,https://www.fidal.it/societa/ANA-ATL-FELTRE/BL012
361.0,127.05,2:06.8,m,FILOSA Annalisa,1999,CF,ANA ATL.FELTRE,9 se- 1,Valesella Di Cadore,2014-05-03,https://www.fidal.it/atleta/FILOSA-Annalisa/eKmRlJSjb2w%3D,https://www.fidal.it/societa/ANA-ATL-FELTRE/BL012
355.0,99.15,1:38.9,m,SCOPEL Luca,1994,CM,ANA ATL.FELTRE,1 se- 1,Belluno,2008-04-12,https://www.fidal.it/atleta/SCOPEL-Luca/eKmRlJOmbWk%3D,https://www.fidal.it/societa/ANA-ATL-FELTRE/BL012
349.0,127.95,2:07.7,m,MAHJOUBI Gaia,2004,CF,ANA ATL.FELTRE,5 se- 2,Agordo,2019-05-12,https://www.fidal.it/atleta/MAHJOUBI-Gaia/eKmRlJejamY%3D,https://www.fidal.it/societa/ANA-ATL-FELTRE/BL012
343.0,99.64,1:39.64,e,PICCOLOTTO Yuri,1996,CM,ANA ATL.FELTRE,6 su- 1,Feltre,2010-05-26,https://www.fidal.it/atleta/PICCOLOTTO-Yuri/eKmRlJSfcWo%3D,https://www.fidal.it/societa/ANA-ATL-FELTRE/BL012
342.0,99.7,1:39.70,e,RENTO Filippo,2002,CM,ANA ATL.FELTRE,8 se- 2,Feltre,2016-06-25,https://www.fidal.it/atleta/RENTO-Filippo/eKmRlJakbmM%3D,https://www.fidal.it/societa/ANA-ATL-FELTRE/BL012
342.0,128.45,2:08.2,m,PIOLO Carlotta,2006,CF,ANA ATL.FELTRE,7 se- 2,Alpago,2021-05-30,https://www.fidal.it/atleta/PIOLO-Carlotta/eKmRlJiiaWk%3D,https://www.fidal.it/societa/ANA-ATL-FELTRE/BL012
333.0,129.15,2:08.9,m,LUCCA Alessandra,2001,CF,ANA ATL.FELTRE,15 se- 1,Agordo,2016-05-01,https://www.fidal.it/atleta/LUCCA-Alessandra/eKmRlJejaWY%3D,https://www.fidal.it/societa/ANA-ATL-FELTRE/BL012
332.0,100.15,1:39.9,m,PARANI Aire,1994,CM,ANA ATL.FELTRE,2 se- 1,Belluno,2008-04-12,https://www.fidal.it/atleta/PARANI-Aire/eKmRlJSgaWo%3D,https://www.fidal.it/societa/ANA-ATL-FELTRE/BL012
332.0,100.15,1:39.9,m,DALLA SEGA Andrea,1995,CM,ANA ATL.FELTRE,11 se- 1,Belluno,2009-10-03,https://www.fidal.it/atleta/DALLA-SEGA-Andrea/eKmRlJSgaGY%3D,https://www.fidal.it/societa/ANA-ATL-FELTRE/BL012
323.0,129.95,2:09.7,m,D'ALBERTO Elena,2000,CF,ANA ATL.FELTRE,11 se- 1,Valesella Di Cadore,2014-05-03,https://www.fidal.it/atleta/D-ALBERTO-Elena/eKmRlJSjb2g%3D,https://www.fidal.it/societa/ANA-ATL-FELTRE/BL012
319.0,130.25,2:10.0,m,SANGUIN Giulia,1999,CF,ANA ATL.FELTRE,13 se- 1,Valesella Di Cadore,2014-05-03,https://www.fidal.it/atleta/SANGUIN-Giulia/eKmRlJSmbmo%3D,https://www.fidal.it/societa/ANA-ATL-FELTRE/BL012
318.0,130.35,2:10.1,m,CHARAF Salma,2002,CF,ANA ATL.FELTRE,16 se- 1,Agordo,2016-05-01,https://www.fidal.it/atleta/CHARAF-Salma/eKmRlJehaGg%3D,https://www.fidal.it/societa/ANA-ATL-FELTRE/BL012
317.0,100.83,1:40.83,e,LIRA Riccardo,1995,CM,ANA ATL.FELTRE,10 se- 2,Trento,2009-07-21,https://www.fidal.it/atleta/LIRA-Riccardo/eKmRlJOja2g%3D,https://www.fidal.it/societa/ANA-ATL-FELTRE/BL012
315.0,130.55,2:10.3,m,FERRACIN Giulia,2007,CF,ANA ATL.FELTRE,8 se- 3,Alpago,2021-05-30,https://www.fidal.it/atleta/FERRACIN-Giulia/eKmRlJmgbGw%3D,https://www.fidal.it/societa/ANA-ATL-FELTRE/BL012
309.0,101.15,1:40.9,m,EL AOMARI Abderrahmane,1978,SM40,ANA ATL.FELTRE,11 su- 1,Feltre,2021-06-16,https://www.fidal.it/atleta/EL-AOMARI-Abderrahmane/eKmRlJSma2o%3D,https://www.fidal.it/societa/ANA-ATL-FELTRE/BL012
306.0,131.25,2:11.0,m,DE CARLI Alessandra,2001,CF,ANA ATL.FELTRE,10 se- 1,Agordo,2015-05-01,https://www.fidal.it/atleta/DE-CARLI-Alessandra/eKmRlJalbmo%3D,https://www.fidal.it/societa/ANA-ATL-FELTRE/BL012
305.0,131.35,2:11.1,m,TAMBURLIN Anna,2000,CF,ANA ATL.FELTRE,11 se- 1,Agordo,2015-05-01,https://www.fidal.it/atleta/TAMBURLIN-Anna/eKmRlJWobGc%3D,https://www.fidal.it/societa/ANA-ATL-FELTRE/BL012
291.0,132.45,2:12.2,m,COMACCHIO Carlotta,1996,CF,ANA ATL.FELTRE,7 se- 1,Feltre,2010-05-15,https://www.fidal.it/atleta/COMACCHIO-Carlotta/eKmRlJSgaGQ%3D,https://www.fidal.it/societa/ANA-ATL-FELTRE/BL012
284.0,102.35,1:42.1,m,SAADAOUI Omar,2008,CM,ANA ATL.FELTRE,7 su- 1,Feltre,2022-05-11,https://www.fidal.it/atleta/SAADAOUI-Omar/eKmRlJimbWU%3D,https://www.fidal.it/societa/ANA-ATL-FELTRE/BL012
283.0,133.08,2:13.08,e,COLDEBELLA Gloria,2000,EF,ANA ATL.FELTRE,1 su- 1,Feltre,2011-06-04,https://www.fidal.it/atleta/COLDEBELLA-Gloria/eKmRlJSjcGk%3D,https://www.fidal.it/societa/ANA-ATL-FELTRE/BL012
279.0,133.45,2:13.2,m,COLDEBELLA Gloria,2000,EF,ANA ATL.FELTRE,1 se- 1,Belluno,2009-10-17,https://www.fidal.it/atleta/COLDEBELLA-Gloria/eKmRlJSjcGk%3D,https://www.fidal.it/societa/ANA-ATL-FELTRE/BL012
277.0,133.65,2:13.4,m,RAVEANE Giorgia,2002,CF,ANA ATL.FELTRE,8 se- 1,Belluno,2017-07-02,https://www.fidal.it/atleta/RAVEANE-Giorgia/eKmRlJakbmc%3D,https://www.fidal.it/societa/ANA-ATL-FELTRE/BL012
273.0,133.95,2:13.7,m,FILOSA Annalisa,1999,CF,ANA ATL.FELTRE,12 se- 1,Vallesella,2013-05-18,https://www.fidal.it/atleta/FILOSA-Annalisa/eKmRlJSjb2w%3D,https://www.fidal.it/societa/ANA-ATL-FELTRE/BL012
273.0,102.89,1:42.89,e,BARBANTE Lorenzo,1995,CM,ANA ATL.FELTRE,14 se- 2,Trento,2009-07-21,https://www.fidal.it/atleta/BARBANTE-Lorenzo/eKmRlJOnbms%3D,https://www.fidal.it/societa/ANA-ATL-FELTRE/BL012
264.0,134.75,2:14.5,m,FILOSA Annalisa,1999,EF,ANA ATL.FELTRE,10 se- 2,Belluno,2009-10-17,https://www.fidal.it/atleta/FILOSA-Annalisa/eKmRlJSjb2w%3D,https://www.fidal.it/societa/ANA-ATL-FELTRE/BL012
252.0,135.73,2:15.73,e,DE COL Alessia,2002,EF,ANA ATL.FELTRE,5 su- 1,Feltre,2011-06-18,https://www.fidal.it/atleta/DE-COL-Alessia/eKmRlJWjcGg%3D,https://www.fidal.it/societa/ANA-ATL-FELTRE/BL012
250.0,135.95,2:15.7,m,D'INCAU Alessia,2008,CF,ANA ATL.FELTRE,7 su- 1,Feltre,2022-05-11,https://www.fidal.it/atleta/D-INCAU-Alessia/eKmRlJmhaGo%3D,https://www.fidal.it/societa/ANA-ATL-FELTRE/BL012
243.0,136.55,2:16.3,m,DE COL Alessia,2002,EF,ANA ATL.FELTRE,5 se- 1,Feltre,2012-05-12,https://www.fidal.it/atleta/DE-COL-Alessia/eKmRlJSmbmk%3D,https://www.fidal.it/societa/ANA-ATL-FELTRE/BL012
242.0,104.43,1:44.43,e,MENEGAZZO Giorgio,2009,CM,ANA ATL.FELTRE,9 se- 1,Borgo Valbelluna,2023-06-06,https://www.fidal.it/atleta/MENEGAZZO-Giorgio/eKmRlJeocGQ%3D,https://www.fidal.it/societa/ANA-ATL-FELTRE/BL012
230.0,137.75,2:17.5,m,ZAPPIA Laura,2001,EF,ANA ATL.FELTRE,7 se- 1,Feltre,2012-05-12,https://www.fidal.it/atleta/ZAPPIA-Laura/eKmRlJSjcGc%3D,https://www.fidal.it/societa/ANA-ATL-FELTRE/BL012
228.0,137.95,2:17.7,m,SCOPEL Gioia,2002,CF,ANA ATL.FELTRE,9 se- 2,Belluno,2017-07-02,https://www.fidal.it/atleta/SCOPEL-Gioia/eKmRlJSjcGo%3D,https://www.fidal.it/societa/ANA-ATL-FELTRE/BL012
224.0,138.25,2:18.0,m,ZAPPIA Laura,2001,EF,ANA ATL.FELTRE,17 se- 1,Longarone,2012-09-23,https://www.fidal.it/atleta/ZAPPIA-Laura/eKmRlJSjcGc%3D,https://www.fidal.it/societa/ANA-ATL-FELTRE/BL012
206.0,106.38,1:46.38,e,COLUSSI Devid,2009,CM,ANA ATL.FELTRE,8 se- 3,Trento,2024-07-09,https://www.fidal.it/atleta/COLUSSI-Devid/eKmRlJmjams%3D,https://www.fidal.it/societa/ANA-ATL-FELTRE/BL012
204.0,140.15,2:19.9,m,RAVEANE Giorgia,2002,CF,ANA ATL.FELTRE,18 se- 1,Agordo,2016-05-01,https://www.fidal.it/atleta/RAVEANE-Giorgia/eKmRlJakbmc%3D,https://www.fidal.it/societa/ANA-ATL-FELTRE/BL012
179.0,142.65,2:22.4,m,LUZZATTO Sara,2008,CF,ANA ATL.FELTRE,11 su- 1,Agordo,2023-06-25,https://www.fidal.it/atleta/LUZZATTO-Sara/eKmRlJmnamM%3D,https://www.fidal.it/societa/ANA-ATL-FELTRE/BL012
164.0,108.85,1:48.6,m,PERENZIN Luca,1994,CM,ANA ATL.FELTRE,11 se- 1,Belluno,2008-04-12,https://www.fidal.it/atleta/PERENZIN-Luca/eKmRlJOgbWM%3D,https://www.fidal.it/societa/ANA-ATL-FELTRE/BL012
160.0,109.12,1:49.12,e,COLUSSI Devid,2009,CM,ANA ATL.FELTRE,3 se- 2,Borgo Valbelluna,2023-06-06,https://www.fidal.it/atleta/COLUSSI-Devid/eKmRlJmjams%3D,https://www.fidal.it/societa/ANA-ATL-FELTRE/BL012
160.0,144.74,2:24.74,e,DE COL Alessia,2002,EF,ANA ATL.FELTRE,3 su- 1,Feltre,2011-06-04,https://www.fidal.it/atleta/DE-COL-Alessia/eKmRlJWjcGg%3D,https://www.fidal.it/societa/ANA-ATL-FELTRE/BL012
158.0,144.94,2:24.94,e,ZAPPIA Laura,2001,EF,ANA ATL.FELTRE,4 su- 1,Feltre,2011-06-04,https://www.fidal.it/atleta/ZAPPIA-Laura/eKmRlJSjcGc%3D,https://www.fidal.it/societa/ANA-ATL-FELTRE/BL012
150.0,145.85,2:25.85,e,ZAPPIA Laura,2001,EF,ANA ATL.FELTRE,8 su- 1,Feltre,2011-06-18,https://www.fidal.it/atleta/ZAPPIA-Laura/eKmRlJSjcGc%3D,https://www.fidal.it/societa/ANA-ATL-FELTRE/BL012
122.0,111.65,1:51.4,m,MAZZOCCO Simone,2006,AM,ANA ATL.FELTRE,7 su- 1,Feltre,2022-04-13,https://www.fidal.it/atleta/MAZZOCCO-Simone/eKmRlJegaGM%3D,https://www.fidal.it/societa/ANA-ATL-FELTRE/BL012
112.0,150.41,2:30.41,e,PERSICO Irene,2000,EF,ANA ATL.FELTRE,5 su- 1,Feltre,2011-06-04,https://www.fidal.it/atleta/PERSICO-Irene/eKmRlJWjcGo%3D,https://www.fidal.it/societa/ANA-ATL-FELTRE/BL012
108.0,150.96,2:30.96,e,DA RIN DE MONEGO Beatrice,2003,EF,ANA ATL.FELTRE,6 su- 1,Feltre,2011-06-04,https://www.fidal.it/atleta/DA-RIN-DE-MONEGO-Beatrice/eKmRlJSmbmM%3D,https://www.fidal.it/societa/ANA-ATL-FELTRE/BL012
68.0,116.19,1:56.19,e,BONAN Marco,2000,EM,ANA ATL.FELTRE,2 su- 1,Feltre,2011-06-18,https://www.fidal.it/atleta/BONAN-Marco/eKmRlJShbGM%3D,https://www.fidal.it/societa/ANA-ATL-FELTRE/BL012
53.0,159.58,2:39.58,e,PERSICO Elisa,2002,EF,ANA ATL.FELTRE,8 su- 1,Feltre,2011-06-04,https://www.fidal.it/atleta/PERSICO-Elisa/eKmRlJWjcGk%3D,https://www.fidal.it/societa/ANA-ATL-FELTRE/BL012
11.0,124.12,2:04.12,e,BONAN Marco,2000,EM,ANA ATL.FELTRE,2 su- 1,Feltre,2011-06-04,https://www.fidal.it/atleta/BONAN-Marco/eKmRlJShbGM%3D,https://www.fidal.it/societa/ANA-ATL-FELTRE/BL012
6.0,172.95,2:52.7,m,ZAPPIA Laura,2001,EF,ANA ATL.FELTRE,21 se- 1,Belluno,2009-10-17,https://www.fidal.it/atleta/ZAPPIA-Laura/eKmRlJSjcGc%3D,https://www.fidal.it/societa/ANA-ATL-FELTRE/BL012
5.0,125.75,2:05.5,m,CICCIOMASCOLO Leonardo,2002,EM,ANA ATL.FELTRE,4 se- 1,Feltre,2012-05-12,https://www.fidal.it/atleta/CICCIOMASCOLO-Leonardo/eKmRlJSobWo%3D,https://www.fidal.it/societa/ANA-ATL-FELTRE/BL012
3.0,126.59,2:06.59,e,PAGNUSSAT Alessandro,2000,EM,ANA ATL.FELTRE,4 su- 1,Feltre,2011-06-04,https://www.fidal.it/atleta/PAGNUSSAT-Alessandro/eKmRlJWjbGc%3D,https://www.fidal.it/societa/ANA-ATL-FELTRE/BL012
2.0,126.82,2:06.82,e,FACCHIN Daniele,1996,CM,ANA ATL.FELTRE,9 su- 1,Feltre,2010-05-26,https://www.fidal.it/atleta/FACCHIN-Daniele/eKmRlJSobmo%3D,https://www.fidal.it/societa/ANA-ATL-FELTRE/BL012
,140.35,2:20.35,e,STACH Nicola,1998,EM,ANA ATL.FELTRE,5 su- 1,Cles,2008-08-21,https://www.fidal.it/atleta/STACH-Nicola/eKmRlJKob2U%3D,https://www.fidal.it/societa/ANA-ATL-FELTRE/BL012
,142.2,2:22.20,e,STACH Nicola,1998,EM,ANA ATL.FELTRE,12 se- 2,Trento,2008-07-22,https://www.fidal.it/atleta/STACH-Nicola/eKmRlJKob2U%3D,https://www.fidal.it/societa/ANA-ATL-FELTRE/BL012
,129.24,2:09.24,e,BONAN Marco,2000,EM,ANA ATL.FELTRE,1 su- 1,Trento,2009-07-21,https://www.fidal.it/atleta/BONAN-Marco/eKmRlJShbGM%3D,https://www.fidal.it/societa/ANA-ATL-FELTRE/BL012
,129.55,2:09.3,m,BONAN Marco,2000,EM,ANA ATL.FELTRE,1 se- 1,Belluno,2009-10-17,https://www.fidal.it/atleta/BONAN-Marco/eKmRlJShbGM%3D,https://www.fidal.it/societa/ANA-ATL-FELTRE/BL012
,129.95,2:09.7,m,STACH Nicola,1998,EM,ANA ATL.FELTRE,5 su- 1,Longarone,2009-05-10,https://www.fidal.it/atleta/STACH-Nicola/eKmRlJKob2U%3D,https://www.fidal.it/societa/ANA-ATL-FELTRE/BL012
,131.15,2:11.15,e,STACH Nicola,1998,EM,ANA ATL.FELTRE,4 se- 2,Trento,2009-07-21,https://www.fidal.it/atleta/STACH-Nicola/eKmRlJKob2U%3D,https://www.fidal.it/societa/ANA-ATL-FELTRE/BL012
,134.15,2:13.9,m,ZAPPIA Matteo,1998,EM,ANA ATL.FELTRE,7 su- 1,Longarone,2009-05-10,https://www.fidal.it/atleta/ZAPPIA-Matteo/eKmRlJSjcGM%3D,https://www.fidal.it/societa/ANA-ATL-FELTRE/BL012
,142.05,2:21.8,m,STACH Piero,2001,EM,ANA ATL.FELTRE,10 se- 1,Belluno,2009-10-17,https://www.fidal.it/atleta/STACH-Piero/eKmRlJSjcWM%3D,https://www.fidal.it/societa/ANA-ATL-FELTRE/BL012
,142.35,2:22.1,m,ZAPPIA Matteo,1998,EM,ANA ATL.FELTRE,8 se- 2,Belluno,2009-10-17,https://www.fidal.it/atleta/ZAPPIA-Matteo/eKmRlJSjcGM%3D,https://www.fidal.it/societa/ANA-ATL-FELTRE/BL012
,142.75,2:22.5,m,STACH Piero,2001,EM,ANA ATL.FELTRE,3 se- 1,Feltre,2009-09-12,https://www.fidal.it/atleta/STACH-Piero/eKmRlJSjcWM%3D,https://www.fidal.it/societa/ANA-ATL-FELTRE/BL012
,143.19,2:23.19,e,STACH Piero,2001,EM,ANA ATL.FELTRE,6 su- 1,Trento,2009-07-21,https://www.fidal.it/atleta/STACH-Piero/eKmRlJSjcWM%3D,https://www.fidal.it/societa/ANA-ATL-FELTRE/BL012
,145.25,2:25.0,m,DA RIN DE MONEGO Lorenzo,2000,EM,ANA ATL.FELTRE,4 se- 1,Feltre,2009-09-12,https://www.fidal.it/atleta/DA-RIN-DE-MONEGO-Lorenzo/eKmRlJefa2M%3D,https://www.fidal.it/societa/ANA-ATL-FELTRE/BL012
,136.13,2:16.13,e,STACH Piero,2001,EM,ANA ATL.FELTRE,8 su- 1,Feltre,2011-06-18,https://www.fidal.it/atleta/STACH-Piero/eKmRlJSjcWM%3D,https://www.fidal.it/societa/ANA-ATL-FELTRE/BL012
,138.12,2:18.12,e,STACH Piero,2001,EM,ANA ATL.FELTRE,7 su- 1,Feltre,2011-06-04,https://www.fidal.it/atleta/STACH-Piero/eKmRlJSjcWM%3D,https://www.fidal.it/societa/ANA-ATL-FELTRE/BL012
,147.3,2:27.30,e,CICCIOMASCOLO Leonardo,2002,EM,ANA ATL.FELTRE,9 su- 1,Feltre,2011-06-04,https://www.fidal.it/atleta/CICCIOMASCOLO-Leonardo/eKmRlJSobWo%3D,https://www.fidal.it/societa/ANA-ATL-FELTRE/BL012
,167.3,2:47.30,e,VIECELI Simone,2004,EM,ANA ATL.FELTRE,11 su- 1,Feltre,2011-06-04,https://www.fidal.it/atleta/VIECELI-Simone/eKmRlJWjcGs%3D,https://www.fidal.it/societa/ANA-ATL-FELTRE/BL012
,130.85,2:10.6,m,STACH Piero,2001,EM,ANA ATL.FELTRE,7 se- 1,Feltre,2012-05-12,https://www.fidal.it/atleta/STACH-Piero/eKmRlJSjcWM%3D,https://www.fidal.it/societa/ANA-ATL-FELTRE/BL012
,146.65,2:26.4,m,PERCO Francesco,2004,EM,ANA ATL.FELTRE,11 se- 1,Feltre,2012-05-12,https://www.fidal.it/atleta/PERCO-Francesco/eKmRlJWiaGw%3D,https://www.fidal.it/societa/ANA-ATL-FELTRE/BL012
