punteggio,prestazione,atleta,anno,categoria,società,posizione,luogo,data,link_atleta,link_società
605,11.31,DOGLIONI Giorgio,1996,JM,ANA ATL.FELTRE,6 su- 1,Padova,2015-01-31,https://www.fidal.it/atleta/DOGLIONI-Giorgio/eKmRlJSgaGU%3D,https://www.fidal.it/societa/ANA-ATL-FELTRE/BL012
542,10.23,DALLA CORTE Matteo,2001,SM,ANA ATL.FELTRE,7 su- 1,Padova,2024-01-13,https://www.fidal.it/atleta/DALLA-CORTE-Matteo/eKmRlJWmaWo%3D,https://www.fidal.it/societa/ANA-ATL-FELTRE/BL012
536,10.14,DALLA CORTE Matteo,2001,SM,ANA ATL.FELTRE,10 su- 1,Padova,2024-02-03,https://www.fidal.it/atleta/DALLA-CORTE-Matteo/eKmRlJWmaWo%3D,https://www.fidal.it/societa/ANA-ATL-FELTRE/BL012
509,9.68,DALLA CORTE Matteo,2001,PM,ANA ATL.FELTRE,8 se- 2,Padova,2022-02-12,https://www.fidal.it/atleta/DALLA-CORTE-Matteo/eKmRlJWmaWo%3D,https://www.fidal.it/societa/ANA-ATL-FELTRE/BL012
475,9.09,DALLA CORTE Matteo,2001,PM,ANA ATL.FELTRE,12 su- 1,Padova,2022-01-29,https://www.fidal.it/atleta/DALLA-CORTE-Matteo/eKmRlJWmaWo%3D,https://www.fidal.it/societa/ANA-ATL-FELTRE/BL012
