punteggio,prestazione,atleta,anno,categoria,società,posizione,luogo,data,link_atleta,link_società
984,1.76,DE PAOLI Camilla,2005,AF,ANA ATL.FELTRE,1 su- 1,Caorle,2022-05-21,https://www.fidal.it/atleta/DE-PAOLI-Camilla/eKmRlJifbGs%3D,https://www.fidal.it/societa/ANA-ATL-FELTRE/BL012
974,1.75,DE PAOLI Camilla,2005,AF,ANA ATL.FELTRE,6 fi- 1,Gerusalemme,2022-07-06,https://www.fidal.it/atleta/DE-PAOLI-Camilla/eKmRlJifbGs%3D,https://www.fidal.it/societa/ANA-ATL-FELTRE/BL012
965,1.74,DE PAOLI Camilla,2005,JF,ANA ATL.FELTRE,1 su- 1,San Vendemiano,2023-06-14,https://www.fidal.it/atleta/DE-PAOLI-Camilla/eKmRlJifbGs%3D,https://www.fidal.it/societa/ANA-ATL-FELTRE/BL012
965,1.74,DE PAOLI Camilla,2005,JF,ANA ATL.FELTRE,3 su- 1,Modena,2023-07-12,https://www.fidal.it/atleta/DE-PAOLI-Camilla/eKmRlJifbGs%3D,https://www.fidal.it/societa/ANA-ATL-FELTRE/BL012
965,1.74,DE PAOLI Camilla,2005,AF,ANA ATL.FELTRE,7 qu- 1,Gerusalemme,2022-07-04,https://www.fidal.it/atleta/DE-PAOLI-Camilla/eKmRlJifbGs%3D,https://www.fidal.it/societa/ANA-ATL-FELTRE/BL012
965,1.74,DE PAOLI Camilla,2005,AF,ANA ATL.FELTRE,2 se- 2,Milano,2022-06-18,https://www.fidal.it/atleta/DE-PAOLI-Camilla/eKmRlJifbGs%3D,https://www.fidal.it/societa/ANA-ATL-FELTRE/BL012
936,1.71,DE PAOLI Camilla,2005,JF,ANA ATL.FELTRE,3 su- 1,Caorle,2023-05-27,https://www.fidal.it/atleta/DE-PAOLI-Camilla/eKmRlJifbGs%3D,https://www.fidal.it/societa/ANA-ATL-FELTRE/BL012
936,1.71,DE PAOLI Camilla,2005,JF,ANA ATL.FELTRE,2 su- 1,Arco,2023-05-07,https://www.fidal.it/atleta/DE-PAOLI-Camilla/eKmRlJifbGs%3D,https://www.fidal.it/societa/ANA-ATL-FELTRE/BL012
926,1.7,DE PAOLI Camilla,2005,AF,ANA ATL.FELTRE,1 su- 1,Modena,2022-09-07,https://www.fidal.it/atleta/DE-PAOLI-Camilla/eKmRlJifbGs%3D,https://www.fidal.it/societa/ANA-ATL-FELTRE/BL012
926,1.7,BASSANI Hilary,1992,AF,ANA ATL.FELTRE,1 se- 1,Szombathely,2008-06-25,https://www.fidal.it/atleta/BASSANI-Hilary/eKmRlJKmbWs%3D,https://www.fidal.it/societa/ANA-ATL-FELTRE/BL012
916,1.69,BASSANI Hilary,1992,AF,ANA ATL.FELTRE,2 fi- 1,Lignano Sabbiadoro,2008-09-25,https://www.fidal.it/atleta/BASSANI-Hilary/eKmRlJKmbWs%3D,https://www.fidal.it/societa/ANA-ATL-FELTRE/BL012
916,1.69,DE PAOLI Camilla,2005,AF,ANA ATL.FELTRE,4 se- 2,Padova,2022-05-14,https://www.fidal.it/atleta/DE-PAOLI-Camilla/eKmRlJifbGs%3D,https://www.fidal.it/societa/ANA-ATL-FELTRE/BL012
916,1.69,SCOPEL Gioia,2002,PF,ANA ATL.FELTRE,1 su- 1,Cleveland,2023-05-05,https://www.fidal.it/atleta/SCOPEL-Gioia/eKmRlJSjcGo%3D,https://www.fidal.it/societa/ANA-ATL-FELTRE/BL012
914,2.0,VENDRAME Marco,1995,JM,ANA ATL.FELTRE,1 se- 1,Agordo,2013-09-25,https://www.fidal.it/atleta/VENDRAME-Marco/eKmRlJOkcWY%3D,https://www.fidal.it/societa/ANA-ATL-FELTRE/BL012
907,1.68,DE PAOLI Camilla,2005,AF,ANA ATL.FELTRE,1 su- 1,Feltre,2022-06-25,https://www.fidal.it/atleta/DE-PAOLI-Camilla/eKmRlJifbGs%3D,https://www.fidal.it/societa/ANA-ATL-FELTRE/BL012
897,1.67,BASSANI Hilary,1992,CF,ANA ATL.FELTRE,1 su- 1,Belluno,2007-04-21,https://www.fidal.it/atleta/BASSANI-Hilary/eKmRlJKmbWs%3D,https://www.fidal.it/societa/ANA-ATL-FELTRE/BL012
897,1.67,DE PAOLI Camilla,2005,AF,ANA ATL.FELTRE,1 su- 1,Verona,2021-09-11,https://www.fidal.it/atleta/DE-PAOLI-Camilla/eKmRlJifbGs%3D,https://www.fidal.it/societa/ANA-ATL-FELTRE/BL012
888,1.97,TAMBURLIN Piero,1996,AM,ANA ATL.FELTRE,3 su- 1,Vicenza,2013-05-19,https://www.fidal.it/atleta/TAMBURLIN-Piero/eKmRlJSkcGg%3D,https://www.fidal.it/societa/ANA-ATL-FELTRE/BL012
888,1.66,DE PAOLI Camilla,2005,JF,ANA ATL.FELTRE,4 su- 1,Padova,2023-05-13,https://www.fidal.it/atleta/DE-PAOLI-Camilla/eKmRlJifbGs%3D,https://www.fidal.it/societa/ANA-ATL-FELTRE/BL012
888,1.97,VENDRAME Marco,1995,JM,ANA ATL.FELTRE,5 su- 1,Gorizia,2013-06-27,https://www.fidal.it/atleta/VENDRAME-Marco/eKmRlJOkcWY%3D,https://www.fidal.it/societa/ANA-ATL-FELTRE/BL012
888,1.97,VENDRAME Marco,1995,JM,ANA ATL.FELTRE,5 su- 1,Gorizia,2013-07-07,https://www.fidal.it/atleta/VENDRAME-Marco/eKmRlJOkcWY%3D,https://www.fidal.it/societa/ANA-ATL-FELTRE/BL012
879,1.96,SAADAOUI Omar,2008,AM,ANA ATL.FELTRE,3 su- 1,Vittorio Veneto,2024-09-15,https://www.fidal.it/atleta/SAADAOUI-Omar/eKmRlJimbWU%3D,https://www.fidal.it/societa/ANA-ATL-FELTRE/BL012
879,1.96,TAMBURLIN Piero,1996,JM,ANA ATL.FELTRE,1 su- 1,Bassano Del Grappa,2015-05-17,https://www.fidal.it/atleta/TAMBURLIN-Piero/eKmRlJSkcGg%3D,https://www.fidal.it/societa/ANA-ATL-FELTRE/BL012
878,1.65,BASSANI Hilary,1992,AF,ANA ATL.FELTRE,2 su- 1,Rossano Veneto,2008-09-07,https://www.fidal.it/atleta/BASSANI-Hilary/eKmRlJKmbWs%3D,https://www.fidal.it/societa/ANA-ATL-FELTRE/BL012
878,1.65,DE PAOLI Camilla,2005,AF,ANA ATL.FELTRE,1 su- 1,Cles,2021-09-25,https://www.fidal.it/atleta/DE-PAOLI-Camilla/eKmRlJifbGs%3D,https://www.fidal.it/societa/ANA-ATL-FELTRE/BL012
878,1.65,BASSANI Hilary,1992,AF,ANA ATL.FELTRE,1 su- 1,Bovolone,2008-09-21,https://www.fidal.it/atleta/BASSANI-Hilary/eKmRlJKmbWs%3D,https://www.fidal.it/societa/ANA-ATL-FELTRE/BL012
878,1.65,DE PAOLI Camilla,2005,JF,ANA ATL.FELTRE,1 su- 1,Feltre,2023-07-01,https://www.fidal.it/atleta/DE-PAOLI-Camilla/eKmRlJifbGs%3D,https://www.fidal.it/societa/ANA-ATL-FELTRE/BL012
878,1.65,BASSANI Hilary,1992,AF,ANA ATL.FELTRE,2 se- 1,Piombino Dese,2008-06-05,https://www.fidal.it/atleta/BASSANI-Hilary/eKmRlJKmbWs%3D,https://www.fidal.it/societa/ANA-ATL-FELTRE/BL012
878,1.65,DE PAOLI Camilla,2005,JF,ANA ATL.FELTRE,7 su- 1,Grosseto,2023-07-22,https://www.fidal.it/atleta/DE-PAOLI-Camilla/eKmRlJifbGs%3D,https://www.fidal.it/societa/ANA-ATL-FELTRE/BL012
878,1.65,DE PAOLI Camilla,2005,JF,ANA ATL.FELTRE,3 su- 1,Firenze,2023-06-24,https://www.fidal.it/atleta/DE-PAOLI-Camilla/eKmRlJifbGs%3D,https://www.fidal.it/societa/ANA-ATL-FELTRE/BL012
870,1.95,TAMBURLIN Piero,1996,AM,ANA ATL.FELTRE,3 su- 1,Montebelluna,2013-05-05,https://www.fidal.it/atleta/TAMBURLIN-Piero/eKmRlJSkcGg%3D,https://www.fidal.it/societa/ANA-ATL-FELTRE/BL012
870,1.95,VENDRAME Marco,1995,JM,ANA ATL.FELTRE,1 se- 1,Belluno,2013-08-22,https://www.fidal.it/atleta/VENDRAME-Marco/eKmRlJOkcWY%3D,https://www.fidal.it/societa/ANA-ATL-FELTRE/BL012
868,1.64,BASSANI Hilary,1992,CF,ANA ATL.FELTRE,2 su- 1,Ravenna,2007-10-12,https://www.fidal.it/atleta/BASSANI-Hilary/eKmRlJKmbWs%3D,https://www.fidal.it/societa/ANA-ATL-FELTRE/BL012
868,1.64,DE PAOLI Camilla,2005,AF,ANA ATL.FELTRE,2 su- 1,Modena,2021-09-08,https://www.fidal.it/atleta/DE-PAOLI-Camilla/eKmRlJifbGs%3D,https://www.fidal.it/societa/ANA-ATL-FELTRE/BL012
868,1.64,DE PAOLI Camilla,2005,AF,ANA ATL.FELTRE,2 su- 1,Padova,2022-05-01,https://www.fidal.it/atleta/DE-PAOLI-Camilla/eKmRlJifbGs%3D,https://www.fidal.it/societa/ANA-ATL-FELTRE/BL012
868,1.64,DE PAOLI Camilla,2005,AF,ANA ATL.FELTRE,6 su- 1,Bressanone,2022-05-29,https://www.fidal.it/atleta/DE-PAOLI-Camilla/eKmRlJifbGs%3D,https://www.fidal.it/societa/ANA-ATL-FELTRE/BL012
868,1.64,BASSANI Hilary,1992,AF,ANA ATL.FELTRE,1 se- 1,Belluno,2008-06-21,https://www.fidal.it/atleta/BASSANI-Hilary/eKmRlJKmbWs%3D,https://www.fidal.it/societa/ANA-ATL-FELTRE/BL012
862,1.94,VENDRAME Marco,1995,JM,ANA ATL.FELTRE,2 su- 1,Feltre,2013-06-22,https://www.fidal.it/atleta/VENDRAME-Marco/eKmRlJOkcWY%3D,https://www.fidal.it/societa/ANA-ATL-FELTRE/BL012
862,1.94,VENDRAME Marco,1995,JM,ANA ATL.FELTRE,1 su- 1,Feltre,2014-06-21,https://www.fidal.it/atleta/VENDRAME-Marco/eKmRlJOkcWY%3D,https://www.fidal.it/societa/ANA-ATL-FELTRE/BL012
862,1.94,VENDRAME Marco,1995,JM,ANA ATL.FELTRE,2 su- 1,Codroipo,2013-05-04,https://www.fidal.it/atleta/VENDRAME-Marco/eKmRlJOkcWY%3D,https://www.fidal.it/societa/ANA-ATL-FELTRE/BL012
862,1.94,VENDRAME Marco,1995,JM,ANA ATL.FELTRE,12 su- 1,Rieti,2013-06-15,https://www.fidal.it/atleta/VENDRAME-Marco/eKmRlJOkcWY%3D,https://www.fidal.it/societa/ANA-ATL-FELTRE/BL012
862,1.94,VENDRAME Marco,1995,JM,ANA ATL.FELTRE,3 su- 1,Bassano Del Grappa,2013-09-22,https://www.fidal.it/atleta/VENDRAME-Marco/eKmRlJOkcWY%3D,https://www.fidal.it/societa/ANA-ATL-FELTRE/BL012
862,1.94,TAMBURLIN Piero,1996,AM,ANA ATL.FELTRE,5 su- 1,Marcon,2012-05-06,https://www.fidal.it/atleta/TAMBURLIN-Piero/eKmRlJSkcGg%3D,https://www.fidal.it/societa/ANA-ATL-FELTRE/BL012
862,1.94,VENDRAME Marco,1995,JM,ANA ATL.FELTRE,6 su- 1,Arco,2013-07-20,https://www.fidal.it/atleta/VENDRAME-Marco/eKmRlJOkcWY%3D,https://www.fidal.it/societa/ANA-ATL-FELTRE/BL012
862,1.94,TAMBURLIN Piero,1996,AM,ANA ATL.FELTRE,4 su- 1,Rovigo,2013-09-07,https://www.fidal.it/atleta/TAMBURLIN-Piero/eKmRlJSkcGg%3D,https://www.fidal.it/societa/ANA-ATL-FELTRE/BL012
859,1.63,DE PAOLI Camilla,2005,AF,ANA ATL.FELTRE,2 su- 1,Modena,2022-04-25,https://www.fidal.it/atleta/DE-PAOLI-Camilla/eKmRlJifbGs%3D,https://www.fidal.it/societa/ANA-ATL-FELTRE/BL012
859,1.63,BASSANI Hilary,1992,CF,ANA ATL.FELTRE,2 su- 1,Verona,2007-06-03,https://www.fidal.it/atleta/BASSANI-Hilary/eKmRlJKmbWs%3D,https://www.fidal.it/societa/ANA-ATL-FELTRE/BL012
859,1.63,SCOPEL Gioia,2002,PF,ANA ATL.FELTRE,1 su- 1,Clinton,2023-04-28,https://www.fidal.it/atleta/SCOPEL-Gioia/eKmRlJSjcGo%3D,https://www.fidal.it/societa/ANA-ATL-FELTRE/BL012
859,1.63,SCOPEL Gioia,2002,CF,ANA ATL.FELTRE,1 se- 1,Vicenza,2017-05-30,https://www.fidal.it/atleta/SCOPEL-Gioia/eKmRlJSjcGo%3D,https://www.fidal.it/societa/ANA-ATL-FELTRE/BL012
859,1.63,D'ALBERTO Elena,2000,JF,ANA ATL.FELTRE,7 su- 1,Bussolengo,2018-05-26,https://www.fidal.it/atleta/D-ALBERTO-Elena/eKmRlJSjb2g%3D,https://www.fidal.it/societa/ANA-ATL-FELTRE/BL012
859,1.63,BASSANI Hilary,1992,AF,ANA ATL.FELTRE,1 su- 1,Abano Terme,2008-05-24,https://www.fidal.it/atleta/BASSANI-Hilary/eKmRlJKmbWs%3D,https://www.fidal.it/societa/ANA-ATL-FELTRE/BL012
853,1.93,TAMBURLIN Piero,1996,AM,ANA ATL.FELTRE,6 se- 1,Padova,2013-05-23,https://www.fidal.it/atleta/TAMBURLIN-Piero/eKmRlJSkcGg%3D,https://www.fidal.it/societa/ANA-ATL-FELTRE/BL012
853,1.93,TAMBURLIN Piero,1996,JM,ANA ATL.FELTRE,3 su- 1,Caorle,2014-05-18,https://www.fidal.it/atleta/TAMBURLIN-Piero/eKmRlJSkcGg%3D,https://www.fidal.it/societa/ANA-ATL-FELTRE/BL012
849,1.62,BASSANI Hilary,1992,CF,ANA ATL.FELTRE,1 su- 1,Conegliano,2007-04-25,https://www.fidal.it/atleta/BASSANI-Hilary/eKmRlJKmbWs%3D,https://www.fidal.it/societa/ANA-ATL-FELTRE/BL012
844,1.92,TAMBURLIN Piero,1996,AM,ANA ATL.FELTRE,3 su- 1,Trento,2013-06-09,https://www.fidal.it/atleta/TAMBURLIN-Piero/eKmRlJSkcGg%3D,https://www.fidal.it/societa/ANA-ATL-FELTRE/BL012
840,1.61,SCOPEL Gioia,2002,PF,ANA ATL.FELTRE,3 su- 1,Jonesboro,2023-04-22,https://www.fidal.it/atleta/SCOPEL-Gioia/eKmRlJSjcGo%3D,https://www.fidal.it/societa/ANA-ATL-FELTRE/BL012
836,1.91,TAMBURLIN Piero,1996,AM,ANA ATL.FELTRE,3 su- 1,Bassano Del Grappa,2013-09-22,https://www.fidal.it/atleta/TAMBURLIN-Piero/eKmRlJSkcGg%3D,https://www.fidal.it/societa/ANA-ATL-FELTRE/BL012
836,1.91,VENDRAME Marco,1995,JM,ANA ATL.FELTRE,5 su- 1,Pordenone,2013-06-19,https://www.fidal.it/atleta/VENDRAME-Marco/eKmRlJOkcWY%3D,https://www.fidal.it/societa/ANA-ATL-FELTRE/BL012
836,1.91,TAMBURLIN Piero,1996,JM,ANA ATL.FELTRE,3 su- 1,Marcon,2015-05-10,https://www.fidal.it/atleta/TAMBURLIN-Piero/eKmRlJSkcGg%3D,https://www.fidal.it/societa/ANA-ATL-FELTRE/BL012
836,1.91,TAMBURLIN Piero,1996,AM,ANA ATL.FELTRE,2 su- 1,Bastia Umbra,2012-06-24,https://www.fidal.it/atleta/TAMBURLIN-Piero/eKmRlJSkcGg%3D,https://www.fidal.it/societa/ANA-ATL-FELTRE/BL012
836,1.91,VENDRAME Marco,1995,AM,ANA ATL.FELTRE,2 su- 1,Vicenza,2012-05-27,https://www.fidal.it/atleta/VENDRAME-Marco/eKmRlJOkcWY%3D,https://www.fidal.it/societa/ANA-ATL-FELTRE/BL012
836,1.91,TAMBURLIN Piero,1996,AM,ANA ATL.FELTRE,3 su- 1,Feltre,2013-06-22,https://www.fidal.it/atleta/TAMBURLIN-Piero/eKmRlJSkcGg%3D,https://www.fidal.it/societa/ANA-ATL-FELTRE/BL012
836,1.91,SAADAOUI Omar,2008,AM,ANA ATL.FELTRE,1 su- 1,Feltre,2024-08-28,https://www.fidal.it/atleta/SAADAOUI-Omar/eKmRlJimbWU%3D,https://www.fidal.it/societa/ANA-ATL-FELTRE/BL012
836,1.91,TAMBURLIN Piero,1996,JM,ANA ATL.FELTRE,2 su- 1,Merano,2014-05-24,https://www.fidal.it/atleta/TAMBURLIN-Piero/eKmRlJSkcGg%3D,https://www.fidal.it/societa/ANA-ATL-FELTRE/BL012
830,1.6,SCOPEL Gioia,2002,CF,ANA ATL.FELTRE,1 su- 1,Feltre,2017-04-01,https://www.fidal.it/atleta/SCOPEL-Gioia/eKmRlJSjcGo%3D,https://www.fidal.it/societa/ANA-ATL-FELTRE/BL012
830,1.6,DE PAOLI Camilla,2005,AF,ANA ATL.FELTRE,2 su- 1,Treviso,2021-04-18,https://www.fidal.it/atleta/DE-PAOLI-Camilla/eKmRlJifbGs%3D,https://www.fidal.it/societa/ANA-ATL-FELTRE/BL012
830,1.6,BASSANI Hilary,1992,AF,ANA ATL.FELTRE,2 su- 1,Cles,2008-08-21,https://www.fidal.it/atleta/BASSANI-Hilary/eKmRlJKmbWs%3D,https://www.fidal.it/societa/ANA-ATL-FELTRE/BL012
830,1.6,SCOPEL Gioia,2002,CF,ANA ATL.FELTRE,3 su- 1,Gemona Del Friuli,2017-09-09,https://www.fidal.it/atleta/SCOPEL-Gioia/eKmRlJSjcGo%3D,https://www.fidal.it/societa/ANA-ATL-FELTRE/BL012
830,1.6,SCOPEL Gioia,2002,CF,ANA ATL.FELTRE,1 su- 1,Feltre,2017-08-23,https://www.fidal.it/atleta/SCOPEL-Gioia/eKmRlJSjcGo%3D,https://www.fidal.it/societa/ANA-ATL-FELTRE/BL012
830,1.6,BASSANI Hilary,1992,AF,ANA ATL.FELTRE,8 su- 1,Rieti,2008-10-04,https://www.fidal.it/atleta/BASSANI-Hilary/eKmRlJKmbWs%3D,https://www.fidal.it/societa/ANA-ATL-FELTRE/BL012
827,1.9,SAADAOUI Omar,2008,AM,ANA ATL.FELTRE,2 su- 1,Cles,2024-08-24,https://www.fidal.it/atleta/SAADAOUI-Omar/eKmRlJimbWU%3D,https://www.fidal.it/societa/ANA-ATL-FELTRE/BL012
827,1.9,TAMBURLIN Piero,1996,JM,ANA ATL.FELTRE,14 qu- 1,Torino,2014-06-07,https://www.fidal.it/atleta/TAMBURLIN-Piero/eKmRlJSkcGg%3D,https://www.fidal.it/societa/ANA-ATL-FELTRE/BL012
827,1.9,VENDRAME Marco,1995,JM,ANA ATL.FELTRE,5 su- 1,Majano,2014-07-12,https://www.fidal.it/atleta/VENDRAME-Marco/eKmRlJOkcWY%3D,https://www.fidal.it/societa/ANA-ATL-FELTRE/BL012
827,1.9,VOICU Ioan alexandru,1997,JM,ANA ATL.FELTRE,8 su- 1,Bovolone,2016-06-05,https://www.fidal.it/atleta/VOICU-Ioan-alexandru/eKmRlJWicWY%3D,https://www.fidal.it/societa/ANA-ATL-FELTRE/BL012
827,1.9,VENDRAME Marco,1995,JM,ANA ATL.FELTRE,7 su- 1,Bressanone,2013-05-18,https://www.fidal.it/atleta/VENDRAME-Marco/eKmRlJOkcWY%3D,https://www.fidal.it/societa/ANA-ATL-FELTRE/BL012
827,1.9,TAMBURLIN Piero,1996,AM,ANA ATL.FELTRE,7 se- 2,Jesolo,2013-10-06,https://www.fidal.it/atleta/TAMBURLIN-Piero/eKmRlJSkcGg%3D,https://www.fidal.it/societa/ANA-ATL-FELTRE/BL012
827,1.9,VOICU Ioan alexandru,1997,PM,ANA ATL.FELTRE,3 su- 1,Catania,2017-06-17,https://www.fidal.it/atleta/VOICU-Ioan-alexandru/eKmRlJWicWY%3D,https://www.fidal.it/societa/ANA-ATL-FELTRE/BL012
820,1.59,BASSANI Hilary,1992,CF,ANA ATL.FELTRE,2 su- 1,Mogliano Veneto,2007-09-30,https://www.fidal.it/atleta/BASSANI-Hilary/eKmRlJKmbWs%3D,https://www.fidal.it/societa/ANA-ATL-FELTRE/BL012
820,1.59,SCOPEL Gioia,2002,PF,ANA ATL.FELTRE,10 su- 1,Caorle,2023-05-27,https://www.fidal.it/atleta/SCOPEL-Gioia/eKmRlJSjcGo%3D,https://www.fidal.it/societa/ANA-ATL-FELTRE/BL012
820,1.59,D'ALBERTO Elena,2000,AF,ANA ATL.FELTRE,5 su- 1,Vicenza,2016-04-30,https://www.fidal.it/atleta/D-ALBERTO-Elena/eKmRlJSjb2g%3D,https://www.fidal.it/societa/ANA-ATL-FELTRE/BL012
820,1.59,BASSANI Hilary,1992,CF,ANA ATL.FELTRE,4 su- 1,Majano,2007-09-08,https://www.fidal.it/atleta/BASSANI-Hilary/eKmRlJKmbWs%3D,https://www.fidal.it/societa/ANA-ATL-FELTRE/BL012
818,1.89,TAMBURLIN Piero,1996,AM,ANA ATL.FELTRE,4 su- 1,Vicenza,2012-05-27,https://www.fidal.it/atleta/TAMBURLIN-Piero/eKmRlJSkcGg%3D,https://www.fidal.it/societa/ANA-ATL-FELTRE/BL012
818,1.89,VENDRAME Marco,1995,JM,ANA ATL.FELTRE,4 su- 1,Caprino Veronese,2013-06-08,https://www.fidal.it/atleta/VENDRAME-Marco/eKmRlJOkcWY%3D,https://www.fidal.it/societa/ANA-ATL-FELTRE/BL012
811,1.58,BASSANI Hilary,1992,CF,ANA ATL.FELTRE,3 su- 1,Fidenza,2007-06-17,https://www.fidal.it/atleta/BASSANI-Hilary/eKmRlJKmbWs%3D,https://www.fidal.it/societa/ANA-ATL-FELTRE/BL012
811,1.58,BASSANI Hilary,1992,CF,ANA ATL.FELTRE,1 se- 1,Feltre,2006-08-22,https://www.fidal.it/atleta/BASSANI-Hilary/eKmRlJKmbWs%3D,https://www.fidal.it/societa/ANA-ATL-FELTRE/BL012
811,1.58,SCOPEL Gioia,2002,CF,ANA ATL.FELTRE,2 su- 1,Caprino Veronese,2017-09-24,https://www.fidal.it/atleta/SCOPEL-Gioia/eKmRlJSjcGo%3D,https://www.fidal.it/societa/ANA-ATL-FELTRE/BL012
810,1.88,VENDRAME Marco,1995,JM,ANA ATL.FELTRE,3 su- 1,Cles,2013-08-29,https://www.fidal.it/atleta/VENDRAME-Marco/eKmRlJOkcWY%3D,https://www.fidal.it/societa/ANA-ATL-FELTRE/BL012
810,1.88,VENDRAME Marco,1995,AM,ANA ATL.FELTRE,2 su- 1,Rovigo,2011-05-08,https://www.fidal.it/atleta/VENDRAME-Marco/eKmRlJOkcWY%3D,https://www.fidal.it/societa/ANA-ATL-FELTRE/BL012
810,1.88,TAMBURLIN Piero,1996,JM,ANA ATL.FELTRE,2 su- 1,Feltre,2014-06-21,https://www.fidal.it/atleta/TAMBURLIN-Piero/eKmRlJSkcGg%3D,https://www.fidal.it/societa/ANA-ATL-FELTRE/BL012
801,1.57,BASSANI Hilary,1992,CF,ANA ATL.FELTRE,1 su- 1,Abano Terme,2006-06-11,https://www.fidal.it/atleta/BASSANI-Hilary/eKmRlJKmbWs%3D,https://www.fidal.it/societa/ANA-ATL-FELTRE/BL012
801,1.57,DE PAOLI Camilla,2005,AF,ANA ATL.FELTRE,5 su- 1,San Biagio Di Callalta,2021-05-02,https://www.fidal.it/atleta/DE-PAOLI-Camilla/eKmRlJifbGs%3D,https://www.fidal.it/societa/ANA-ATL-FELTRE/BL012
801,1.57,D'ALBERTO Elena,2000,AF,ANA ATL.FELTRE,4 su- 1,Padova,2016-04-25,https://www.fidal.it/atleta/D-ALBERTO-Elena/eKmRlJSjb2g%3D,https://www.fidal.it/societa/ANA-ATL-FELTRE/BL012
801,1.57,D'ALBERTO Elena,2000,JF,ANA ATL.FELTRE,7 su- 1,Modena,2018-05-20,https://www.fidal.it/atleta/D-ALBERTO-Elena/eKmRlJSjb2g%3D,https://www.fidal.it/societa/ANA-ATL-FELTRE/BL012
801,1.57,SCOPEL Gioia,2002,AF,ANA ATL.FELTRE,8 su- 1,San Biagio Di Callalta,2018-05-12,https://www.fidal.it/atleta/SCOPEL-Gioia/eKmRlJSjcGo%3D,https://www.fidal.it/societa/ANA-ATL-FELTRE/BL012
801,1.57,SCOPEL Gioia,2002,CF,ANA ATL.FELTRE,5 su- 1,Borgoricco,2016-09-25,https://www.fidal.it/atleta/SCOPEL-Gioia/eKmRlJSjcGo%3D,https://www.fidal.it/societa/ANA-ATL-FELTRE/BL012
801,1.57,SCOPEL Gioia,2002,CF,ANA ATL.FELTRE,1 su- 1,Belluno,2017-04-30,https://www.fidal.it/atleta/SCOPEL-Gioia/eKmRlJSjcGo%3D,https://www.fidal.it/societa/ANA-ATL-FELTRE/BL012
801,1.87,TAMBURLIN Piero,1996,CM,ANA ATL.FELTRE,1 su- 1,Rossano Veneto,2011-09-04,https://www.fidal.it/atleta/TAMBURLIN-Piero/eKmRlJSkcGg%3D,https://www.fidal.it/societa/ANA-ATL-FELTRE/BL012
801,1.57,DE PAOLI Camilla,2005,AF,ANA ATL.FELTRE,5 su- 1,Feltre,2021-06-26,https://www.fidal.it/atleta/DE-PAOLI-Camilla/eKmRlJifbGs%3D,https://www.fidal.it/societa/ANA-ATL-FELTRE/BL012
792,1.86,VENDRAME Marco,1995,AM,ANA ATL.FELTRE,2 se- 1,Padova,2011-05-18,https://www.fidal.it/atleta/VENDRAME-Marco/eKmRlJOkcWY%3D,https://www.fidal.it/societa/ANA-ATL-FELTRE/BL012
792,1.86,VENDRAME Marco,1995,JM,ANA ATL.FELTRE,6 su- 1,San Giovanni Lupatoto,2014-07-05,https://www.fidal.it/atleta/VENDRAME-Marco/eKmRlJOkcWY%3D,https://www.fidal.it/societa/ANA-ATL-FELTRE/BL012
792,1.56,SCOPEL Gioia,2002,CF,ANA ATL.FELTRE,3 su- 1,Rossano Veneto,2016-09-11,https://www.fidal.it/atleta/SCOPEL-Gioia/eKmRlJSjcGo%3D,https://www.fidal.it/societa/ANA-ATL-FELTRE/BL012
792,1.56,D'ALBERTO Elena,2000,CF,ANA ATL.FELTRE,6 su- 1,Caprino Veronese,2014-09-28,https://www.fidal.it/atleta/D-ALBERTO-Elena/eKmRlJSjb2g%3D,https://www.fidal.it/societa/ANA-ATL-FELTRE/BL012
784,1.85,VENDRAME Marco,1995,JM,ANA ATL.FELTRE,5 su- 1,Vedelago,2013-06-29,https://www.fidal.it/atleta/VENDRAME-Marco/eKmRlJOkcWY%3D,https://www.fidal.it/societa/ANA-ATL-FELTRE/BL012
784,1.85,VENDRAME Marco,1995,JM,ANA ATL.FELTRE,3 su- 1,Gorizia,2013-09-15,https://www.fidal.it/atleta/VENDRAME-Marco/eKmRlJOkcWY%3D,https://www.fidal.it/societa/ANA-ATL-FELTRE/BL012
784,1.85,VENDRAME Marco,1995,AM,ANA ATL.FELTRE,1 se- 1,Feltre,2012-08-23,https://www.fidal.it/atleta/VENDRAME-Marco/eKmRlJOkcWY%3D,https://www.fidal.it/societa/ANA-ATL-FELTRE/BL012
784,1.85,TAMBURLIN Piero,1996,AM,ANA ATL.FELTRE,3 su- 1,Feltre,2012-06-21,https://www.fidal.it/atleta/TAMBURLIN-Piero/eKmRlJSkcGg%3D,https://www.fidal.it/societa/ANA-ATL-FELTRE/BL012
784,1.85,VOICU Ioan alexandru,1997,JM,ANA ATL.FELTRE,4 su- 1,Caorle,2016-05-29,https://www.fidal.it/atleta/VOICU-Ioan-alexandru/eKmRlJWicWY%3D,https://www.fidal.it/societa/ANA-ATL-FELTRE/BL012
784,1.85,TAMBURLIN Piero,1996,PM,ANA ATL.FELTRE,12 su- 1,Bovolone,2016-06-05,https://www.fidal.it/atleta/TAMBURLIN-Piero/eKmRlJSkcGg%3D,https://www.fidal.it/societa/ANA-ATL-FELTRE/BL012
784,1.85,VENDRAME Marco,1995,JM,ANA ATL.FELTRE,2 se- 1,Belluno,2014-08-21,https://www.fidal.it/atleta/VENDRAME-Marco/eKmRlJOkcWY%3D,https://www.fidal.it/societa/ANA-ATL-FELTRE/BL012
784,1.85,VENDRAME Marco,1995,JM,ANA ATL.FELTRE,12 su- 1,Marcon,2014-06-15,https://www.fidal.it/atleta/VENDRAME-Marco/eKmRlJOkcWY%3D,https://www.fidal.it/societa/ANA-ATL-FELTRE/BL012
784,1.85,TAMBURLIN Piero,1996,JM,ANA ATL.FELTRE,3 su- 1,Treviso,2014-05-28,https://www.fidal.it/atleta/TAMBURLIN-Piero/eKmRlJSkcGg%3D,https://www.fidal.it/societa/ANA-ATL-FELTRE/BL012
784,1.85,VENDRAME Marco,1995,JM,ANA ATL.FELTRE,6 su- 1,Caorle,2014-05-18,https://www.fidal.it/atleta/VENDRAME-Marco/eKmRlJOkcWY%3D,https://www.fidal.it/societa/ANA-ATL-FELTRE/BL012
784,1.85,SAADAOUI Omar,2008,AM,ANA ATL.FELTRE,9 se- 2,Caorle,2024-05-26,https://www.fidal.it/atleta/SAADAOUI-Omar/eKmRlJimbWU%3D,https://www.fidal.it/societa/ANA-ATL-FELTRE/BL012
784,1.85,TAMBURLIN Piero,1996,JM,ANA ATL.FELTRE,10 su- 1,Marcon,2014-06-15,https://www.fidal.it/atleta/TAMBURLIN-Piero/eKmRlJSkcGg%3D,https://www.fidal.it/societa/ANA-ATL-FELTRE/BL012
784,1.85,TAMBURLIN Piero,1996,JM,ANA ATL.FELTRE,10 su- 1,Vedelago,2014-09-13,https://www.fidal.it/atleta/TAMBURLIN-Piero/eKmRlJSkcGg%3D,https://www.fidal.it/societa/ANA-ATL-FELTRE/BL012
784,1.85,VENDRAME Marco,1995,AM,ANA ATL.FELTRE,3 su- 1,Montebelluna,2011-05-01,https://www.fidal.it/atleta/VENDRAME-Marco/eKmRlJOkcWY%3D,https://www.fidal.it/societa/ANA-ATL-FELTRE/BL012
784,1.85,VENDRAME Marco,1995,AM,ANA ATL.FELTRE,7 se- 1,Rieti,2011-10-02,https://www.fidal.it/atleta/VENDRAME-Marco/eKmRlJOkcWY%3D,https://www.fidal.it/societa/ANA-ATL-FELTRE/BL012
784,1.85,VENDRAME Marco,1995,JM,ANA ATL.FELTRE,12 su- 1,Marcon,2013-05-12,https://www.fidal.it/atleta/VENDRAME-Marco/eKmRlJOkcWY%3D,https://www.fidal.it/societa/ANA-ATL-FELTRE/BL012
782,1.55,D'ALBERTO Elena,2000,AF,ANA ATL.FELTRE,5 su- 1,Rosa,2016-09-17,https://www.fidal.it/atleta/D-ALBERTO-Elena/eKmRlJSjb2g%3D,https://www.fidal.it/societa/ANA-ATL-FELTRE/BL012
782,1.55,D'ALBERTO Elena,2000,AF,ANA ATL.FELTRE,4 su- 1,Bovolone,2016-06-04,https://www.fidal.it/atleta/D-ALBERTO-Elena/eKmRlJSjb2g%3D,https://www.fidal.it/societa/ANA-ATL-FELTRE/BL012
782,1.55,D'ALBERTO Elena,2000,CF,ANA ATL.FELTRE,2 se- 1,Belluno,2015-10-18,https://www.fidal.it/atleta/D-ALBERTO-Elena/eKmRlJSjb2g%3D,https://www.fidal.it/societa/ANA-ATL-FELTRE/BL012
782,1.55,D'ALBERTO Elena,2000,CF,ANA ATL.FELTRE,2 se- 1,Feltre,2015-08-26,https://www.fidal.it/atleta/D-ALBERTO-Elena/eKmRlJSjb2g%3D,https://www.fidal.it/societa/ANA-ATL-FELTRE/BL012
782,1.55,BASSANI Hilary,1992,CF,ANA ATL.FELTRE,1 se- 1,Longarone,2007-05-12,https://www.fidal.it/atleta/BASSANI-Hilary/eKmRlJKmbWs%3D,https://www.fidal.it/societa/ANA-ATL-FELTRE/BL012
782,1.55,D'ALBERTO Elena,2000,JF,ANA ATL.FELTRE,11 qu- 1,Agropoli,2018-06-01,https://www.fidal.it/atleta/D-ALBERTO-Elena/eKmRlJSjb2g%3D,https://www.fidal.it/societa/ANA-ATL-FELTRE/BL012
782,1.55,BASSANI Hilary,1992,CF,ANA ATL.FELTRE,7 su- 1,Bastia Umbra,2006-09-16,https://www.fidal.it/atleta/BASSANI-Hilary/eKmRlJKmbWs%3D,https://www.fidal.it/societa/ANA-ATL-FELTRE/BL012
782,1.55,D'ALBERTO Elena,2000,AF,ANA ATL.FELTRE,11 su- 1,Vicenza,2017-05-13,https://www.fidal.it/atleta/D-ALBERTO-Elena/eKmRlJSjb2g%3D,https://www.fidal.it/societa/ANA-ATL-FELTRE/BL012
775,1.84,VENDRAME Marco,1995,AM,ANA ATL.FELTRE,4 su- 1,Verona,2011-06-02,https://www.fidal.it/atleta/VENDRAME-Marco/eKmRlJOkcWY%3D,https://www.fidal.it/societa/ANA-ATL-FELTRE/BL012
775,1.84,TAMBURLIN Piero,1996,CM,ANA ATL.FELTRE,1 su- 1,Majano,2011-09-10,https://www.fidal.it/atleta/TAMBURLIN-Piero/eKmRlJSkcGg%3D,https://www.fidal.it/societa/ANA-ATL-FELTRE/BL012
775,1.84,VOICU Ioan alexandru,1997,JM,ANA ATL.FELTRE,7 su- 1,Conegliano,2016-09-25,https://www.fidal.it/atleta/VOICU-Ioan-alexandru/eKmRlJWicWY%3D,https://www.fidal.it/societa/ANA-ATL-FELTRE/BL012
775,1.84,VENDRAME Marco,1995,AM,ANA ATL.FELTRE,1 se- 1,Feltre,2011-08-27,https://www.fidal.it/atleta/VENDRAME-Marco/eKmRlJOkcWY%3D,https://www.fidal.it/societa/ANA-ATL-FELTRE/BL012
773,1.54,SCOPEL Gioia,2002,PF,ANA ATL.FELTRE,9 su- 1,Padova,2022-05-01,https://www.fidal.it/atleta/SCOPEL-Gioia/eKmRlJSjcGo%3D,https://www.fidal.it/societa/ANA-ATL-FELTRE/BL012
773,1.54,BASSANI Hilary,1992,CF,ANA ATL.FELTRE,1 se- 1,Pous D Alpago,2007-09-05,https://www.fidal.it/atleta/BASSANI-Hilary/eKmRlJKmbWs%3D,https://www.fidal.it/societa/ANA-ATL-FELTRE/BL012
773,1.54,SCOPEL Gioia,2002,AF,ANA ATL.FELTRE,10 qu- 2,Rieti,2018-06-15,https://www.fidal.it/atleta/SCOPEL-Gioia/eKmRlJSjcGo%3D,https://www.fidal.it/societa/ANA-ATL-FELTRE/BL012
773,1.54,D'ALBERTO Elena,2000,AF,ANA ATL.FELTRE,9 su- 1,Agordo,2016-05-21,https://www.fidal.it/atleta/D-ALBERTO-Elena/eKmRlJSjb2g%3D,https://www.fidal.it/societa/ANA-ATL-FELTRE/BL012
773,1.54,D'ALBERTO Elena,2000,JF,ANA ATL.FELTRE,21 su- 1,Caorle,2018-05-05,https://www.fidal.it/atleta/D-ALBERTO-Elena/eKmRlJSjb2g%3D,https://www.fidal.it/societa/ANA-ATL-FELTRE/BL012
766,1.83,VENDRAME Marco,1995,AM,ANA ATL.FELTRE,5 su- 1,Bassano Del Grappa,2012-09-16,https://www.fidal.it/atleta/VENDRAME-Marco/eKmRlJOkcWY%3D,https://www.fidal.it/societa/ANA-ATL-FELTRE/BL012
766,1.83,SAADAOUI Omar,2008,AM,ANA ATL.FELTRE,6 su- 1,Treviso,2024-04-14,https://www.fidal.it/atleta/SAADAOUI-Omar/eKmRlJimbWU%3D,https://www.fidal.it/societa/ANA-ATL-FELTRE/BL012
766,1.83,VENDRAME Marco,1995,AM,ANA ATL.FELTRE,8 su- 1,Rossano Veneto,2012-09-02,https://www.fidal.it/atleta/VENDRAME-Marco/eKmRlJOkcWY%3D,https://www.fidal.it/societa/ANA-ATL-FELTRE/BL012
766,1.83,TAMBURLIN Piero,1996,CM,ANA ATL.FELTRE,1 su- 1,Montebelluna,2011-09-24,https://www.fidal.it/atleta/TAMBURLIN-Piero/eKmRlJSkcGg%3D,https://www.fidal.it/societa/ANA-ATL-FELTRE/BL012
763,1.53,SCOPEL Gioia,2002,CF,ANA ATL.FELTRE,1 se- 1,Belluno,2017-07-02,https://www.fidal.it/atleta/SCOPEL-Gioia/eKmRlJSjcGo%3D,https://www.fidal.it/societa/ANA-ATL-FELTRE/BL012
763,1.53,D'ALBERTO Elena,2000,CF,ANA ATL.FELTRE,1 se- 1,Agordo,2014-10-18,https://www.fidal.it/atleta/D-ALBERTO-Elena/eKmRlJSjb2g%3D,https://www.fidal.it/societa/ANA-ATL-FELTRE/BL012
763,1.53,DE MARCHI Veronica,1994,AF,ANA ATL.FELTRE,5 su- 1,Vicenza,2011-05-21,https://www.fidal.it/atleta/DE-MARCHI-Veronica/eKmRlJOmbGs%3D,https://www.fidal.it/societa/ANA-ATL-FELTRE/BL012
763,1.53,BASSANI Hilary,1992,CF,ANA ATL.FELTRE,2 se- 1,Marcon,2006-09-03,https://www.fidal.it/atleta/BASSANI-Hilary/eKmRlJKmbWs%3D,https://www.fidal.it/societa/ANA-ATL-FELTRE/BL012
763,1.53,BASSANI Hilary,1992,AF,ANA ATL.FELTRE,8 su- 1,Rosa,2009-05-23,https://www.fidal.it/atleta/BASSANI-Hilary/eKmRlJKmbWs%3D,https://www.fidal.it/societa/ANA-ATL-FELTRE/BL012
763,1.53,D'ALBERTO Elena,2000,CF,ANA ATL.FELTRE,2 se- 1,Belluno,2014-05-17,https://www.fidal.it/atleta/D-ALBERTO-Elena/eKmRlJSjb2g%3D,https://www.fidal.it/societa/ANA-ATL-FELTRE/BL012
758,1.82,TAMBURLIN Piero,1996,CM,ANA ATL.FELTRE,6 su- 1,Jesolo,2011-10-09,https://www.fidal.it/atleta/TAMBURLIN-Piero/eKmRlJSkcGg%3D,https://www.fidal.it/societa/ANA-ATL-FELTRE/BL012
758,1.82,TAMBURLIN Piero,1996,CM,ANA ATL.FELTRE,5 se- 1,Padova,2011-05-18,https://www.fidal.it/atleta/TAMBURLIN-Piero/eKmRlJSkcGg%3D,https://www.fidal.it/societa/ANA-ATL-FELTRE/BL012
758,1.82,SAADAOUI Omar,2008,AM,ANA ATL.FELTRE,5 su- 1,San Biagio Di Callalta,2024-06-28,https://www.fidal.it/atleta/SAADAOUI-Omar/eKmRlJimbWU%3D,https://www.fidal.it/societa/ANA-ATL-FELTRE/BL012
758,1.82,TAMBURLIN Piero,1996,CM,ANA ATL.FELTRE,4 su- 1,Belluno,2011-06-04,https://www.fidal.it/atleta/TAMBURLIN-Piero/eKmRlJSkcGg%3D,https://www.fidal.it/societa/ANA-ATL-FELTRE/BL012
754,1.52,D'ALBERTO Elena,2000,CF,ANA ATL.FELTRE,8 su- 1,Majano,2015-09-05,https://www.fidal.it/atleta/D-ALBERTO-Elena/eKmRlJSjb2g%3D,https://www.fidal.it/societa/ANA-ATL-FELTRE/BL012
754,1.52,SCOPEL Gioia,2002,CF,ANA ATL.FELTRE,7 su- 1,Majano,2016-09-03,https://www.fidal.it/atleta/SCOPEL-Gioia/eKmRlJSjcGo%3D,https://www.fidal.it/societa/ANA-ATL-FELTRE/BL012
754,1.52,DE PAOLI Camilla,2005,CF,ANA ATL.FELTRE,3 su- 1,Pederobba,2020-09-27,https://www.fidal.it/atleta/DE-PAOLI-Camilla/eKmRlJifbGs%3D,https://www.fidal.it/societa/ANA-ATL-FELTRE/BL012
749,1.81,TAMBURLIN Piero,1996,AM,ANA ATL.FELTRE,7 su- 1,Bassano Del Grappa,2012-09-16,https://www.fidal.it/atleta/TAMBURLIN-Piero/eKmRlJSkcGg%3D,https://www.fidal.it/societa/ANA-ATL-FELTRE/BL012
749,1.81,SAADAOUI Omar,2008,CM,ANA ATL.FELTRE,10 se- 2,Caorle,2023-10-08,https://www.fidal.it/atleta/SAADAOUI-Omar/eKmRlJimbWU%3D,https://www.fidal.it/societa/ANA-ATL-FELTRE/BL012
749,1.81,VENDRAME Marco,1995,AM,ANA ATL.FELTRE,6 su- 1,Vicenza,2011-05-22,https://www.fidal.it/atleta/VENDRAME-Marco/eKmRlJOkcWY%3D,https://www.fidal.it/societa/ANA-ATL-FELTRE/BL012
749,1.81,TAMBURLIN Piero,1996,AM,ANA ATL.FELTRE,3 se- 1,Feltre,2012-08-23,https://www.fidal.it/atleta/TAMBURLIN-Piero/eKmRlJSkcGg%3D,https://www.fidal.it/societa/ANA-ATL-FELTRE/BL012
744,1.51,D'ALBERTO Elena,2000,CF,ANA ATL.FELTRE,1 su- 1,Feltre,2014-06-21,https://www.fidal.it/atleta/D-ALBERTO-Elena/eKmRlJSjb2g%3D,https://www.fidal.it/societa/ANA-ATL-FELTRE/BL012
744,1.51,D'ALBERTO Elena,2000,CF,ANA ATL.FELTRE,9 su- 1,Belluno,2014-06-08,https://www.fidal.it/atleta/D-ALBERTO-Elena/eKmRlJSjb2g%3D,https://www.fidal.it/societa/ANA-ATL-FELTRE/BL012
741,1.8,SAADAOUI Omar,2008,AM,ANA ATL.FELTRE,10 se- 2,Vittorio Veneto,2024-05-12,https://www.fidal.it/atleta/SAADAOUI-Omar/eKmRlJimbWU%3D,https://www.fidal.it/societa/ANA-ATL-FELTRE/BL012
741,1.8,TAMBURLIN Piero,1996,CM,ANA ATL.FELTRE,1 su- 1,Feltre,2011-06-18,https://www.fidal.it/atleta/TAMBURLIN-Piero/eKmRlJSkcGg%3D,https://www.fidal.it/societa/ANA-ATL-FELTRE/BL012
741,1.8,TAMBURLIN Piero,1996,CM,ANA ATL.FELTRE,1 se- 1,Longarone,2011-05-14,https://www.fidal.it/atleta/TAMBURLIN-Piero/eKmRlJSkcGg%3D,https://www.fidal.it/societa/ANA-ATL-FELTRE/BL012
741,1.8,TAMBURLIN Piero,1996,CM,ANA ATL.FELTRE,1 se- 1,Feltre,2011-06-01,https://www.fidal.it/atleta/TAMBURLIN-Piero/eKmRlJSkcGg%3D,https://www.fidal.it/societa/ANA-ATL-FELTRE/BL012
741,1.8,VENDRAME Marco,1995,JM,ANA ATL.FELTRE,8 su- 1,Palmanova,2014-05-01,https://www.fidal.it/atleta/VENDRAME-Marco/eKmRlJOkcWY%3D,https://www.fidal.it/societa/ANA-ATL-FELTRE/BL012
741,1.8,TAMBURLIN Piero,1996,JM,ANA ATL.FELTRE,9 su- 1,Vicenza,2014-05-11,https://www.fidal.it/atleta/TAMBURLIN-Piero/eKmRlJSkcGg%3D,https://www.fidal.it/societa/ANA-ATL-FELTRE/BL012
741,1.8,VENDRAME Marco,1995,JM,ANA ATL.FELTRE,9 su- 1,Vicenza,2014-05-11,https://www.fidal.it/atleta/VENDRAME-Marco/eKmRlJOkcWY%3D,https://www.fidal.it/societa/ANA-ATL-FELTRE/BL012
741,1.8,TAMBURLIN Piero,1996,JM,ANA ATL.FELTRE,7 su- 1,Bassano Del Grappa,2014-06-29,https://www.fidal.it/atleta/TAMBURLIN-Piero/eKmRlJSkcGg%3D,https://www.fidal.it/societa/ANA-ATL-FELTRE/BL012
741,1.8,TAMBURLIN Piero,1996,CM,ANA ATL.FELTRE,1 se- 1,Feltre,2011-08-27,https://www.fidal.it/atleta/TAMBURLIN-Piero/eKmRlJSkcGg%3D,https://www.fidal.it/societa/ANA-ATL-FELTRE/BL012
741,1.8,VOICU Ioan alexandru,1997,JM,ANA ATL.FELTRE,13 su- 1,Agordo,2016-05-22,https://www.fidal.it/atleta/VOICU-Ioan-alexandru/eKmRlJWicWY%3D,https://www.fidal.it/societa/ANA-ATL-FELTRE/BL012
741,1.8,TAMBURLIN Piero,1996,AM,ANA ATL.FELTRE,8 su- 1,Abano Terme,2012-05-13,https://www.fidal.it/atleta/TAMBURLIN-Piero/eKmRlJSkcGg%3D,https://www.fidal.it/societa/ANA-ATL-FELTRE/BL012
741,1.8,TAMBURLIN Piero,1996,AM,ANA ATL.FELTRE,9 su- 1,Treviso,2012-04-22,https://www.fidal.it/atleta/TAMBURLIN-Piero/eKmRlJSkcGg%3D,https://www.fidal.it/societa/ANA-ATL-FELTRE/BL012
741,1.8,VENDRAME Marco,1995,AM,ANA ATL.FELTRE,7 su- 1,Abano Terme,2012-05-13,https://www.fidal.it/atleta/VENDRAME-Marco/eKmRlJOkcWY%3D,https://www.fidal.it/societa/ANA-ATL-FELTRE/BL012
741,1.8,VENDRAME Marco,1995,AM,ANA ATL.FELTRE,15 su- 1,Vicenza,2011-07-10,https://www.fidal.it/atleta/VENDRAME-Marco/eKmRlJOkcWY%3D,https://www.fidal.it/societa/ANA-ATL-FELTRE/BL012
741,1.8,VENDRAME Marco,1995,AM,ANA ATL.FELTRE,14 su- 1,Vedelago,2011-09-11,https://www.fidal.it/atleta/VENDRAME-Marco/eKmRlJOkcWY%3D,https://www.fidal.it/societa/ANA-ATL-FELTRE/BL012
741,1.8,VOICU Ioan alexandru,1997,PM,ANA ATL.FELTRE,15 su- 1,San Biagio Di Callalta,2017-05-21,https://www.fidal.it/atleta/VOICU-Ioan-alexandru/eKmRlJWicWY%3D,https://www.fidal.it/societa/ANA-ATL-FELTRE/BL012
741,1.8,VENDRAME Marco,1995,AM,ANA ATL.FELTRE,10 su- 1,Marcon,2011-05-15,https://www.fidal.it/atleta/VENDRAME-Marco/eKmRlJOkcWY%3D,https://www.fidal.it/societa/ANA-ATL-FELTRE/BL012
741,1.8,VOICU Ioan alexandru,1997,PM,ANA ATL.FELTRE,8 su- 1,Arzignano,2017-06-25,https://www.fidal.it/atleta/VOICU-Ioan-alexandru/eKmRlJWicWY%3D,https://www.fidal.it/societa/ANA-ATL-FELTRE/BL012
741,1.8,VOICU Ioan alexandru,1997,PM,ANA ATL.FELTRE,14 su- 1,Caorle,2018-05-06,https://www.fidal.it/atleta/VOICU-Ioan-alexandru/eKmRlJWicWY%3D,https://www.fidal.it/societa/ANA-ATL-FELTRE/BL012
741,1.8,TAMBURLIN Piero,1996,AM,ANA ATL.FELTRE,4 su- 1,Marcon,2012-06-13,https://www.fidal.it/atleta/TAMBURLIN-Piero/eKmRlJSkcGg%3D,https://www.fidal.it/societa/ANA-ATL-FELTRE/BL012
741,1.8,TAMBURLIN Piero,1996,AM,ANA ATL.FELTRE,18 se- 2,Firenze,2012-09-29,https://www.fidal.it/atleta/TAMBURLIN-Piero/eKmRlJSkcGg%3D,https://www.fidal.it/societa/ANA-ATL-FELTRE/BL012
741,1.8,TAMBURLIN Piero,1996,AM,ANA ATL.FELTRE,15 su- 1,Marcon,2013-05-12,https://www.fidal.it/atleta/TAMBURLIN-Piero/eKmRlJSkcGg%3D,https://www.fidal.it/societa/ANA-ATL-FELTRE/BL012
741,1.8,TAMBURLIN Piero,1996,AM,ANA ATL.FELTRE,6 su- 1,Treviso,2013-04-21,https://www.fidal.it/atleta/TAMBURLIN-Piero/eKmRlJSkcGg%3D,https://www.fidal.it/societa/ANA-ATL-FELTRE/BL012
741,1.8,SAADAOUI Omar,2008,CM,ANA ATL.FELTRE,1 su- 1,Longarone,2023-09-16,https://www.fidal.it/atleta/SAADAOUI-Omar/eKmRlJimbWU%3D,https://www.fidal.it/societa/ANA-ATL-FELTRE/BL012
735,1.5,SCOPEL Gioia,2002,PF,ANA ATL.FELTRE,6 su- 1,San Biagio Di Callalta,2022-07-02,https://www.fidal.it/atleta/SCOPEL-Gioia/eKmRlJSjcGo%3D,https://www.fidal.it/societa/ANA-ATL-FELTRE/BL012
735,1.5,D'ALBERTO Elena,2000,PF,ANA ATL.FELTRE,4 se- 1,Padova,2022-05-14,https://www.fidal.it/atleta/D-ALBERTO-Elena/eKmRlJSjb2g%3D,https://www.fidal.it/societa/ANA-ATL-FELTRE/BL012
735,1.5,D'ALBERTO Elena,2000,PF,ANA ATL.FELTRE,12 su- 1,Vittorio Veneto,2022-05-28,https://www.fidal.it/atleta/D-ALBERTO-Elena/eKmRlJSjb2g%3D,https://www.fidal.it/societa/ANA-ATL-FELTRE/BL012
735,1.5,SCOPEL Gioia,2002,AF,ANA ATL.FELTRE,5 su- 1,Vicenza,2018-09-15,https://www.fidal.it/atleta/SCOPEL-Gioia/eKmRlJSjcGo%3D,https://www.fidal.it/societa/ANA-ATL-FELTRE/BL012
735,1.5,D'ALBERTO Elena,2000,AF,ANA ATL.FELTRE,15 qu- 2,Jesolo,2016-06-17,https://www.fidal.it/atleta/D-ALBERTO-Elena/eKmRlJSjb2g%3D,https://www.fidal.it/societa/ANA-ATL-FELTRE/BL012
725,1.49,D'ALBERTO Elena,2000,CF,ANA ATL.FELTRE,9 su- 1,Abano Terme,2014-06-27,https://www.fidal.it/atleta/D-ALBERTO-Elena/eKmRlJSjb2g%3D,https://www.fidal.it/societa/ANA-ATL-FELTRE/BL012
725,1.49,SCOPEL Gioia,2002,CF,ANA ATL.FELTRE,3 su- 1,Feltre,2016-06-25,https://www.fidal.it/atleta/SCOPEL-Gioia/eKmRlJSjcGo%3D,https://www.fidal.it/societa/ANA-ATL-FELTRE/BL012
725,1.49,D'ALBERTO Elena,2000,CF,ANA ATL.FELTRE,10 su- 1,Belluno,2015-05-31,https://www.fidal.it/atleta/D-ALBERTO-Elena/eKmRlJSjb2g%3D,https://www.fidal.it/societa/ANA-ATL-FELTRE/BL012
725,1.49,D'ALBERTO Elena,2000,CF,ANA ATL.FELTRE,9 su- 1,Marostica,2015-09-27,https://www.fidal.it/atleta/D-ALBERTO-Elena/eKmRlJSjb2g%3D,https://www.fidal.it/societa/ANA-ATL-FELTRE/BL012
725,1.49,BASSANI Hilary,1992,AF,ANA ATL.FELTRE,3 qu- 2,Lignano Sabbiadoro,2008-09-24,https://www.fidal.it/atleta/BASSANI-Hilary/eKmRlJKmbWs%3D,https://www.fidal.it/societa/ANA-ATL-FELTRE/BL012
723,1.78,TAMBURLIN Piero,1996,CM,ANA ATL.FELTRE,1 se- 1,Belluno,2011-05-07,https://www.fidal.it/atleta/TAMBURLIN-Piero/eKmRlJSkcGg%3D,https://www.fidal.it/societa/ANA-ATL-FELTRE/BL012
723,1.78,VENDRAME Marco,1995,AM,ANA ATL.FELTRE,5 su- 1,Saronno,2011-06-12,https://www.fidal.it/atleta/VENDRAME-Marco/eKmRlJOkcWY%3D,https://www.fidal.it/societa/ANA-ATL-FELTRE/BL012
723,1.78,SAADAOUI Omar,2008,AM,ANA ATL.FELTRE,7 se- 2,Mestre,2024-06-09,https://www.fidal.it/atleta/SAADAOUI-Omar/eKmRlJimbWU%3D,https://www.fidal.it/societa/ANA-ATL-FELTRE/BL012
715,1.77,SAADAOUI Omar,2008,CM,ANA ATL.FELTRE,1 su- 1,Borgo Valbelluna,2023-09-02,https://www.fidal.it/atleta/SAADAOUI-Omar/eKmRlJimbWU%3D,https://www.fidal.it/societa/ANA-ATL-FELTRE/BL012
706,1.76,SAADAOUI Omar,2008,CM,ANA ATL.FELTRE,4 su- 1,Majano,2023-09-09,https://www.fidal.it/atleta/SAADAOUI-Omar/eKmRlJimbWU%3D,https://www.fidal.it/societa/ANA-ATL-FELTRE/BL012
698,1.75,VENDRAME Marco,1995,AM,ANA ATL.FELTRE,7 su- 1,Bassano Del Grappa,2011-09-18,https://www.fidal.it/atleta/VENDRAME-Marco/eKmRlJOkcWY%3D,https://www.fidal.it/societa/ANA-ATL-FELTRE/BL012
697,1.46,SARTORI Luna,2003,CF,ANA ATL.FELTRE,2 su- 1,Feltre,2018-06-30,https://www.fidal.it/atleta/SARTORI-Luna/eKmRlJijcGM%3D,https://www.fidal.it/societa/ANA-ATL-FELTRE/BL012
697,1.46,D'ALBERTO Elena,2000,CF,ANA ATL.FELTRE,2 se- 1,Belluno,2015-05-17,https://www.fidal.it/atleta/D-ALBERTO-Elena/eKmRlJSjb2g%3D,https://www.fidal.it/societa/ANA-ATL-FELTRE/BL012
697,1.46,ZATTA Vanessa,2001,AF,ANA ATL.FELTRE,1 su- 1,Feltre,2018-06-30,https://www.fidal.it/atleta/ZATTA-Vanessa/eKmRlJela2Q%3D,https://www.fidal.it/societa/ANA-ATL-FELTRE/BL012
697,1.46,MARAZZINI Giulia,1998,CF,ANA ATL.FELTRE,3 su- 1,Feltre,2013-04-06,https://www.fidal.it/atleta/MARAZZINI-Giulia/eKmRlJSncWs%3D,https://www.fidal.it/societa/ANA-ATL-FELTRE/BL012
689,1.74,BALDISSERI Pietro,2008,CM,ANA ATL.FELTRE,4 su- 1,San Biagio Di Callalta,2023-05-20,https://www.fidal.it/atleta/BALDISSERI-Pietro/eKmRlJeocGc%3D,https://www.fidal.it/societa/ANA-ATL-FELTRE/BL012
689,1.74,SAADAOUI Omar,2008,CM,ANA ATL.FELTRE,1 su- 1,Agordo,2023-06-25,https://www.fidal.it/atleta/SAADAOUI-Omar/eKmRlJimbWU%3D,https://www.fidal.it/societa/ANA-ATL-FELTRE/BL012
687,1.45,DE MARCHI Veronica,1994,JF,ANA ATL.FELTRE,14 su- 1,Vicenza,2012-05-19,https://www.fidal.it/atleta/DE-MARCHI-Veronica/eKmRlJOmbGs%3D,https://www.fidal.it/societa/ANA-ATL-FELTRE/BL012
687,1.45,DE MARCHI Veronica,1994,JF,ANA ATL.FELTRE,3 su- 1,Treviso,2012-04-22,https://www.fidal.it/atleta/DE-MARCHI-Veronica/eKmRlJOmbGs%3D,https://www.fidal.it/societa/ANA-ATL-FELTRE/BL012
687,1.45,DE MARCHI Veronica,1994,AF,ANA ATL.FELTRE,8 su- 1,Bastia Umbra,2011-06-11,https://www.fidal.it/atleta/DE-MARCHI-Veronica/eKmRlJOmbGs%3D,https://www.fidal.it/societa/ANA-ATL-FELTRE/BL012
687,1.45,DE PAOLI Camilla,2005,CF,ANA ATL.FELTRE,11 su- 1,Vittorio Veneto,2020-09-20,https://www.fidal.it/atleta/DE-PAOLI-Camilla/eKmRlJifbGs%3D,https://www.fidal.it/societa/ANA-ATL-FELTRE/BL012
687,1.45,DE MARCHI Veronica,1994,JF,ANA ATL.FELTRE,4 su- 1,Bassano Del Grappa,2012-09-15,https://www.fidal.it/atleta/DE-MARCHI-Veronica/eKmRlJOmbGs%3D,https://www.fidal.it/societa/ANA-ATL-FELTRE/BL012
687,1.45,DE MARCHI Veronica,1994,AF,ANA ATL.FELTRE,6 su- 1,Mestre,2010-05-08,https://www.fidal.it/atleta/DE-MARCHI-Veronica/eKmRlJOmbGs%3D,https://www.fidal.it/societa/ANA-ATL-FELTRE/BL012
687,1.45,DE MARCHI Veronica,1994,AF,ANA ATL.FELTRE,6 su- 1,Verona,2010-06-02,https://www.fidal.it/atleta/DE-MARCHI-Veronica/eKmRlJOmbGs%3D,https://www.fidal.it/societa/ANA-ATL-FELTRE/BL012
687,1.45,ZATTA Vanessa,2001,AF,ANA ATL.FELTRE,17 su- 1,San Biagio Di Callalta,2018-05-12,https://www.fidal.it/atleta/ZATTA-Vanessa/eKmRlJela2Q%3D,https://www.fidal.it/societa/ANA-ATL-FELTRE/BL012
687,1.45,ZANON Gaia,2002,AF,ANA ATL.FELTRE,19 su- 1,Vicenza,2019-06-01,https://www.fidal.it/atleta/ZANON-Gaia/eKmRlJilbmM%3D,https://www.fidal.it/societa/ANA-ATL-FELTRE/BL012
687,1.45,D'ALBERTO Elena,2000,AF,ANA ATL.FELTRE,6 se- 1,Vicenza,2016-05-13,https://www.fidal.it/atleta/D-ALBERTO-Elena/eKmRlJSjb2g%3D,https://www.fidal.it/societa/ANA-ATL-FELTRE/BL012
687,1.45,DE MARCHI Veronica,1994,CF,ANA ATL.FELTRE,1 se- 1,Belluno,2008-08-26,https://www.fidal.it/atleta/DE-MARCHI-Veronica/eKmRlJOmbGs%3D,https://www.fidal.it/societa/ANA-ATL-FELTRE/BL012
687,1.45,BASSANI Hilary,1992,CF,ANA ATL.FELTRE,6 su- 1,Majano,2006-09-09,https://www.fidal.it/atleta/BASSANI-Hilary/eKmRlJKmbWs%3D,https://www.fidal.it/societa/ANA-ATL-FELTRE/BL012
680,1.73,VIEL Davide,1994,AM,ANA ATL.FELTRE,8 su- 1,Verona,2010-05-30,https://www.fidal.it/atleta/VIEL-Davide/eKmRlJSlaGw%3D,https://www.fidal.it/societa/ANA-ATL-FELTRE/BL012
672,1.72,SAADAOUI Omar,2008,CM,ANA ATL.FELTRE,3 su- 1,Montebelluna,2023-07-13,https://www.fidal.it/atleta/SAADAOUI-Omar/eKmRlJimbWU%3D,https://www.fidal.it/societa/ANA-ATL-FELTRE/BL012
672,1.72,TAMBURLIN Piero,1996,CM,ANA ATL.FELTRE,2 su- 1,Rossano Veneto,2010-09-05,https://www.fidal.it/atleta/TAMBURLIN-Piero/eKmRlJSkcGg%3D,https://www.fidal.it/societa/ANA-ATL-FELTRE/BL012
668,1.43,DE PAOLI Camilla,2005,CF,ANA ATL.FELTRE,1 su- 1,Puos D'alpago,2020-09-05,https://www.fidal.it/atleta/DE-PAOLI-Camilla/eKmRlJifbGs%3D,https://www.fidal.it/societa/ANA-ATL-FELTRE/BL012
668,1.43,CANOVA Aurora,2001,CF,ANA ATL.FELTRE,3 se- 1,Belluno,2015-10-18,https://www.fidal.it/atleta/CANOVA-Aurora/eKmRlJamcGg%3D,https://www.fidal.it/societa/ANA-ATL-FELTRE/BL012
668,1.43,SARTORI Luna,2003,CF,ANA ATL.FELTRE,5 su- 1,Feltre,2018-08-31,https://www.fidal.it/atleta/SARTORI-Luna/eKmRlJijcGM%3D,https://www.fidal.it/societa/ANA-ATL-FELTRE/BL012
668,1.43,SARTORI Luna,2003,CF,ANA ATL.FELTRE,2 su- 1,Modena,2018-05-20,https://www.fidal.it/atleta/SARTORI-Luna/eKmRlJijcGM%3D,https://www.fidal.it/societa/ANA-ATL-FELTRE/BL012
668,1.43,SCOPEL Gioia,2002,CF,ANA ATL.FELTRE,1 se- 1,Feltre,2016-04-02,https://www.fidal.it/atleta/SCOPEL-Gioia/eKmRlJSjcGo%3D,https://www.fidal.it/societa/ANA-ATL-FELTRE/BL012
668,1.43,CREMONESE Chiara,2001,CF,ANA ATL.FELTRE,1 se- 1,Agordo,2016-05-15,https://www.fidal.it/atleta/CREMONESE-Chiara/eKmRlJanaWM%3D,https://www.fidal.it/societa/ANA-ATL-FELTRE/BL012
668,1.43,DE MARCHI Veronica,1994,CF,ANA ATL.FELTRE,10 su- 1,Verona,2008-06-02,https://www.fidal.it/atleta/DE-MARCHI-Veronica/eKmRlJOmbGs%3D,https://www.fidal.it/societa/ANA-ATL-FELTRE/BL012
668,1.43,DE MARCHI Veronica,1994,CF,ANA ATL.FELTRE,1 su- 1,Longarone,2008-05-25,https://www.fidal.it/atleta/DE-MARCHI-Veronica/eKmRlJOmbGs%3D,https://www.fidal.it/societa/ANA-ATL-FELTRE/BL012
668,1.43,DE MARCHI Veronica,1994,CF,ANA ATL.FELTRE,6 su- 1,Conegliano,2009-04-25,https://www.fidal.it/atleta/DE-MARCHI-Veronica/eKmRlJOmbGs%3D,https://www.fidal.it/societa/ANA-ATL-FELTRE/BL012
668,1.43,DE MARCHI Veronica,1994,CF,ANA ATL.FELTRE,5 su- 1,Mogliano Veneto,2009-09-19,https://www.fidal.it/atleta/DE-MARCHI-Veronica/eKmRlJOmbGs%3D,https://www.fidal.it/societa/ANA-ATL-FELTRE/BL012
668,1.43,D'ALBERTO Elena,2000,CF,ANA ATL.FELTRE,2 su- 1,Feltre,2015-06-20,https://www.fidal.it/atleta/D-ALBERTO-Elena/eKmRlJSjb2g%3D,https://www.fidal.it/societa/ANA-ATL-FELTRE/BL012
659,1.42,CREMONESE Chiara,2001,CF,ANA ATL.FELTRE,11 su- 1,Rossano Veneto,2016-09-11,https://www.fidal.it/atleta/CREMONESE-Chiara/eKmRlJanaWM%3D,https://www.fidal.it/societa/ANA-ATL-FELTRE/BL012
659,1.42,D'ALBERTO Elena,2000,CF,ANA ATL.FELTRE,3 se- 1,Valesella Di Cadore,2014-05-03,https://www.fidal.it/atleta/D-ALBERTO-Elena/eKmRlJSjb2g%3D,https://www.fidal.it/societa/ANA-ATL-FELTRE/BL012
655,1.7,SAADAOUI Omar,2008,CM,ANA ATL.FELTRE,7 se- 2,Vittorio Veneto,2023-09-23,https://www.fidal.it/atleta/SAADAOUI-Omar/eKmRlJimbWU%3D,https://www.fidal.it/societa/ANA-ATL-FELTRE/BL012
655,1.7,TAMBURLIN Piero,1996,CM,ANA ATL.FELTRE,2 se- 1,Feltre,2010-08-25,https://www.fidal.it/atleta/TAMBURLIN-Piero/eKmRlJSkcGg%3D,https://www.fidal.it/societa/ANA-ATL-FELTRE/BL012
655,1.7,SAADAOUI Omar,2008,CM,ANA ATL.FELTRE,3 su- 1,Feltre,2023-07-01,https://www.fidal.it/atleta/SAADAOUI-Omar/eKmRlJimbWU%3D,https://www.fidal.it/societa/ANA-ATL-FELTRE/BL012
655,1.7,VOICU Ioan alexandru,1997,JM,ANA ATL.FELTRE,5 su- 1,Bassano Del Grappa,2015-05-17,https://www.fidal.it/atleta/VOICU-Ioan-alexandru/eKmRlJWicWY%3D,https://www.fidal.it/societa/ANA-ATL-FELTRE/BL012
655,1.7,HAROUF Omar,1999,AM,ANA ATL.FELTRE,15 su- 1,Vicenza,2016-05-08,https://www.fidal.it/atleta/HAROUF-Omar/eKyRkpmiaWo%3D,https://www.fidal.it/societa/ANA-ATL-FELTRE/BL012
655,1.7,CANOVA Luca,1991,AM,ANA ATL.FELTRE,2 su- 1,Rosa,2008-06-15,https://www.fidal.it/atleta/CANOVA-Luca/eKiRlZKia2o%3D,https://www.fidal.it/societa/ANA-ATL-FELTRE/BL012
655,1.7,VOICU Ioan alexandru,1997,AM,ANA ATL.FELTRE,14 su- 1,Vicenza,2013-05-19,https://www.fidal.it/atleta/VOICU-Ioan-alexandru/eKmRlJWicWY%3D,https://www.fidal.it/societa/ANA-ATL-FELTRE/BL012
655,1.7,SAADAOUI Omar,2008,AM,ANA ATL.FELTRE,20 se- 2,Molfetta,2024-07-06,https://www.fidal.it/atleta/SAADAOUI-Omar/eKmRlJimbWU%3D,https://www.fidal.it/societa/ANA-ATL-FELTRE/BL012
655,1.7,VIEL Davide,1994,AM,ANA ATL.FELTRE,9 su- 1,Rossano Veneto,2010-09-05,https://www.fidal.it/atleta/VIEL-Davide/eKmRlJSlaGw%3D,https://www.fidal.it/societa/ANA-ATL-FELTRE/BL012
655,1.7,HAROUF Omar,1999,AM,ANA ATL.FELTRE,8 su- 1,Vicenza,2015-05-03,https://www.fidal.it/atleta/HAROUF-Omar/eKyRkpmiaWo%3D,https://www.fidal.it/societa/ANA-ATL-FELTRE/BL012
655,1.7,BALDISSERI Pietro,2008,AM,ANA ATL.FELTRE,8 se- 1,Caorle,2024-05-26,https://www.fidal.it/atleta/BALDISSERI-Pietro/eKmRlJeocGc%3D,https://www.fidal.it/societa/ANA-ATL-FELTRE/BL012
655,1.7,HAROUF Omar,1999,AM,ANA ATL.FELTRE,7 su- 1,Vicenza,2016-05-01,https://www.fidal.it/atleta/HAROUF-Omar/eKyRkpmiaWo%3D,https://www.fidal.it/societa/ANA-ATL-FELTRE/BL012
649,1.41,GIUSTI Lovely,2009,CF,ANA ATL.FELTRE,5 su- 1,Agordo,2023-06-24,https://www.fidal.it/atleta/GIUSTI-Lovely/eKmRlJiiaWg%3D,https://www.fidal.it/societa/ANA-ATL-FELTRE/BL012
640,1.4,DE MARCHI Veronica,1994,CF,ANA ATL.FELTRE,3 se- 1,Feltre,2009-08-26,https://www.fidal.it/atleta/DE-MARCHI-Veronica/eKmRlJOmbGs%3D,https://www.fidal.it/societa/ANA-ATL-FELTRE/BL012
640,1.4,DE MARCHI Veronica,1994,CF,ANA ATL.FELTRE,4 se- 1,Longarone,2009-05-10,https://www.fidal.it/atleta/DE-MARCHI-Veronica/eKmRlJOmbGs%3D,https://www.fidal.it/societa/ANA-ATL-FELTRE/BL012
640,1.4,ROLUCCI Ilaria,2005,CF,ANA ATL.FELTRE,15 su- 1,Bassano Del Grappa,2019-05-26,https://www.fidal.it/atleta/ROLUCCI-Ilaria/eKmRlJifb2M%3D,https://www.fidal.it/societa/ANA-ATL-FELTRE/BL012
640,1.4,SPADA Stefania,1998,CF,ANA ATL.FELTRE,3 se- 1,Belluno,2013-05-04,https://www.fidal.it/atleta/SPADA-Stefania/eKmRlJOkamU%3D,https://www.fidal.it/societa/ANA-ATL-FELTRE/BL012
640,1.4,CREMONESE Chiara,2001,CF,ANA ATL.FELTRE,2 se- 1,Feltre,2016-04-02,https://www.fidal.it/atleta/CREMONESE-Chiara/eKmRlJanaWM%3D,https://www.fidal.it/societa/ANA-ATL-FELTRE/BL012
640,1.4,VIECELI Gloria,1999,AF,ANA ATL.FELTRE,15 su- 1,Vicenza,2015-05-02,https://www.fidal.it/atleta/VIECELI-Gloria/eKmRlJancWo%3D,https://www.fidal.it/societa/ANA-ATL-FELTRE/BL012
640,1.4,FERRACIN Giulia,2007,CF,ANA ATL.FELTRE,11 su- 1,Abano Terme,2021-06-20,https://www.fidal.it/atleta/FERRACIN-Giulia/eKmRlJmgbGw%3D,https://www.fidal.it/societa/ANA-ATL-FELTRE/BL012
640,1.4,DE MARCHI Veronica,1994,JF,ANA ATL.FELTRE,13 su- 1,Marcon,2013-05-11,https://www.fidal.it/atleta/DE-MARCHI-Veronica/eKmRlJOmbGs%3D,https://www.fidal.it/societa/ANA-ATL-FELTRE/BL012
640,1.4,VIECELI Gloria,2000,CF,ANA ATL.FELTRE,4 se- 1,Belluno,2014-05-17,https://www.fidal.it/atleta/VIECELI-Gloria/eKmRlJambWs%3D,https://www.fidal.it/societa/ANA-ATL-FELTRE/BL012
640,1.4,VIECELI Gloria,2000,CF,ANA ATL.FELTRE,10 se- 1,Rovigo,2014-05-20,https://www.fidal.it/atleta/VIECELI-Gloria/eKmRlJambWs%3D,https://www.fidal.it/societa/ANA-ATL-FELTRE/BL012
640,1.4,ZATTA Vanessa,2001,CF,ANA ATL.FELTRE,9 se- 1,Vicenza,2016-05-13,https://www.fidal.it/atleta/ZATTA-Vanessa/eKmRlJela2Q%3D,https://www.fidal.it/societa/ANA-ATL-FELTRE/BL012
640,1.4,CANOVA Aurora,2001,CF,ANA ATL.FELTRE,2 se- 1,Agordo,2016-05-15,https://www.fidal.it/atleta/CANOVA-Aurora/eKmRlJamcGg%3D,https://www.fidal.it/societa/ANA-ATL-FELTRE/BL012
640,1.4,SARTORI Luna,2003,CF,ANA ATL.FELTRE,10 su- 1,Bassano Del Grappa,2018-09-23,https://www.fidal.it/atleta/SARTORI-Luna/eKmRlJijcGM%3D,https://www.fidal.it/societa/ANA-ATL-FELTRE/BL012
640,1.4,CANOVA Aurora,2001,AF,ANA ATL.FELTRE,23 su- 1,Vicenza,2017-05-13,https://www.fidal.it/atleta/CANOVA-Aurora/eKmRlJamcGg%3D,https://www.fidal.it/societa/ANA-ATL-FELTRE/BL012
640,1.4,ROLUCCI Ilaria,2005,CF,ANA ATL.FELTRE,3 su- 1,Feltre,2019-06-22,https://www.fidal.it/atleta/ROLUCCI-Ilaria/eKmRlJifb2M%3D,https://www.fidal.it/societa/ANA-ATL-FELTRE/BL012
640,1.4,DE MARCHI Veronica,1994,AF,ANA ATL.FELTRE,1 se- 1,Feltre,2011-08-27,https://www.fidal.it/atleta/DE-MARCHI-Veronica/eKmRlJOmbGs%3D,https://www.fidal.it/societa/ANA-ATL-FELTRE/BL012
640,1.4,DE MARCHI Veronica,1994,AF,ANA ATL.FELTRE,5 su- 1,Bassano Del Grappa,2011-09-17,https://www.fidal.it/atleta/DE-MARCHI-Veronica/eKmRlJOmbGs%3D,https://www.fidal.it/societa/ANA-ATL-FELTRE/BL012
640,1.4,DE MARCHI Veronica,1994,CF,ANA ATL.FELTRE,3 se- 1,Belluno,2009-10-17,https://www.fidal.it/atleta/DE-MARCHI-Veronica/eKmRlJOmbGs%3D,https://www.fidal.it/societa/ANA-ATL-FELTRE/BL012
640,1.4,CREMONESE Chiara,2001,CF,ANA ATL.FELTRE,4 se- 1,Belluno,2015-10-18,https://www.fidal.it/atleta/CREMONESE-Chiara/eKmRlJanaWM%3D,https://www.fidal.it/societa/ANA-ATL-FELTRE/BL012
638,1.68,TAMBURLIN Piero,1996,CM,ANA ATL.FELTRE,9 su- 1,Mogliano Veneto,2010-09-19,https://www.fidal.it/atleta/TAMBURLIN-Piero/eKmRlJSkcGg%3D,https://www.fidal.it/societa/ANA-ATL-FELTRE/BL012
638,1.68,DA RIN DE MONEGO Lorenzo,2000,AM,ANA ATL.FELTRE,10 se- 1,Vicenza,2016-05-13,https://www.fidal.it/atleta/DA-RIN-DE-MONEGO-Lorenzo/eKmRlJefa2M%3D,https://www.fidal.it/societa/ANA-ATL-FELTRE/BL012
638,1.68,RECH Martino,2007,CM,ANA ATL.FELTRE,5 su- 1,Majano,2022-09-10,https://www.fidal.it/atleta/RECH-Martino/eKmRlJmgaGU%3D,https://www.fidal.it/societa/ANA-ATL-FELTRE/BL012
631,1.39,D'ALBERTO Arianna,2000,CF,ANA ATL.FELTRE,6 se- 1,Valesella Di Cadore,2014-05-03,https://www.fidal.it/atleta/D-ALBERTO-Arianna/eKmRlJWmaGs%3D,https://www.fidal.it/societa/ANA-ATL-FELTRE/BL012
629,1.67,BALDISSERI Pietro,2008,CM,ANA ATL.FELTRE,5 su- 1,Montebelluna,2023-07-13,https://www.fidal.it/atleta/BALDISSERI-Pietro/eKmRlJeocGc%3D,https://www.fidal.it/societa/ANA-ATL-FELTRE/BL012
629,1.67,BALDISSERI Pietro,2008,CM,ANA ATL.FELTRE,4 su- 1,Feltre,2023-07-01,https://www.fidal.it/atleta/BALDISSERI-Pietro/eKmRlJeocGc%3D,https://www.fidal.it/societa/ANA-ATL-FELTRE/BL012
621,1.66,HAROUF Omar,1999,CM,ANA ATL.FELTRE,5 su- 1,Belluno,2014-06-07,https://www.fidal.it/atleta/HAROUF-Omar/eKyRkpmiaWo%3D,https://www.fidal.it/societa/ANA-ATL-FELTRE/BL012
621,1.38,SCHENAL Anna,2004,CF,ANA ATL.FELTRE,2 se- 1,Agordo,2019-05-11,https://www.fidal.it/atleta/SCHENAL-Anna/eKmRlJajbWs%3D,https://www.fidal.it/societa/ANA-ATL-FELTRE/BL012
621,1.38,MAHJOUBI Gaia,2004,CF,ANA ATL.FELTRE,6 su- 1,Feltre,2018-08-31,https://www.fidal.it/atleta/MAHJOUBI-Gaia/eKmRlJejamY%3D,https://www.fidal.it/societa/ANA-ATL-FELTRE/BL012
621,1.66,TAMBURLIN Piero,1996,CM,ANA ATL.FELTRE,7 su- 1,Rovigo,2010-06-05,https://www.fidal.it/atleta/TAMBURLIN-Piero/eKmRlJSkcGg%3D,https://www.fidal.it/societa/ANA-ATL-FELTRE/BL012
621,1.66,BERTON Nicola,1996,CM,ANA ATL.FELTRE,2 se- 1,Longarone,2011-05-14,https://www.fidal.it/atleta/BERTON-Nicola/eKmRlJWfa2c%3D,https://www.fidal.it/societa/ANA-ATL-FELTRE/BL012
612,1.65,VOICU Ioan alexandru,1997,AM,ANA ATL.FELTRE,7 se- 1,Padova,2013-05-23,https://www.fidal.it/atleta/VOICU-Ioan-alexandru/eKmRlJWicWY%3D,https://www.fidal.it/societa/ANA-ATL-FELTRE/BL012
612,1.37,D'ALBERTO Arianna,2000,CF,ANA ATL.FELTRE,1 se- 1,Agordo,2015-05-01,https://www.fidal.it/atleta/D-ALBERTO-Arianna/eKmRlJWmaGs%3D,https://www.fidal.it/societa/ANA-ATL-FELTRE/BL012
604,1.64,BERTON Nicola,1996,CM,ANA ATL.FELTRE,2 se- 1,Feltre,2011-06-01,https://www.fidal.it/atleta/BERTON-Nicola/eKmRlJWfa2c%3D,https://www.fidal.it/societa/ANA-ATL-FELTRE/BL012
604,1.64,RECH Martino,2007,CM,ANA ATL.FELTRE,1 su- 1,Feltre,2022-10-01,https://www.fidal.it/atleta/RECH-Martino/eKmRlJmgaGU%3D,https://www.fidal.it/societa/ANA-ATL-FELTRE/BL012
604,1.64,SACCHET Andrea,1996,CM,ANA ATL.FELTRE,9 su- 1,Rovigo,2010-06-05,https://www.fidal.it/atleta/SACCHET-Andrea/eKmRlJWfa2Y%3D,https://www.fidal.it/societa/ANA-ATL-FELTRE/BL012
604,1.64,BERTON Nicola,1996,CM,ANA ATL.FELTRE,13 su- 1,Belluno,2011-06-04,https://www.fidal.it/atleta/BERTON-Nicola/eKmRlJWfa2c%3D,https://www.fidal.it/societa/ANA-ATL-FELTRE/BL012
604,1.64,VIEL Davide,1994,CM,ANA ATL.FELTRE,8 su- 1,Vicenza,2009-06-06,https://www.fidal.it/atleta/VIEL-Davide/eKmRlJSlaGw%3D,https://www.fidal.it/societa/ANA-ATL-FELTRE/BL012
595,1.63,RECH Martino,2007,CM,ANA ATL.FELTRE,9 su- 1,Venezia,2022-09-17,https://www.fidal.it/atleta/RECH-Martino/eKmRlJmgaGU%3D,https://www.fidal.it/societa/ANA-ATL-FELTRE/BL012
593,1.35,FACCHIN Alessia,1993,CF,ANA ATL.FELTRE,1 su- 1,Longarone,2007-05-19,https://www.fidal.it/atleta/FACCHIN-Alessia/eKmRlJKna2g%3D,https://www.fidal.it/societa/ANA-ATL-FELTRE/BL012
593,1.35,TAMBURLIN Anna,2000,CF,ANA ATL.FELTRE,8 se- 1,Belluno,2015-10-18,https://www.fidal.it/atleta/TAMBURLIN-Anna/eKmRlJWobGc%3D,https://www.fidal.it/societa/ANA-ATL-FELTRE/BL012
593,1.35,CANOVA Aurora,2001,CF,ANA ATL.FELTRE,3 se- 1,Feltre,2016-04-02,https://www.fidal.it/atleta/CANOVA-Aurora/eKmRlJamcGg%3D,https://www.fidal.it/societa/ANA-ATL-FELTRE/BL012
593,1.35,CANOVA Aurora,2001,CF,ANA ATL.FELTRE,19 su- 1,Rovigo,2016-05-29,https://www.fidal.it/atleta/CANOVA-Aurora/eKmRlJamcGg%3D,https://www.fidal.it/societa/ANA-ATL-FELTRE/BL012
593,1.35,DE MARCHI Veronica,1994,CF,ANA ATL.FELTRE,16 su- 1,Majano,2008-09-06,https://www.fidal.it/atleta/DE-MARCHI-Veronica/eKmRlJOmbGs%3D,https://www.fidal.it/societa/ANA-ATL-FELTRE/BL012
593,1.35,PALUDETTO Camilla,1993,CF,ANA ATL.FELTRE,5 se- 1,Longarone,2007-05-12,https://www.fidal.it/atleta/PALUDETTO-Camilla/eKmRlJOjbmY%3D,https://www.fidal.it/societa/ANA-ATL-FELTRE/BL012
593,1.35,MAHJOUBI Gaia,2004,CF,ANA ATL.FELTRE,9 se- 1,Belluno,2018-04-28,https://www.fidal.it/atleta/MAHJOUBI-Gaia/eKmRlJejamY%3D,https://www.fidal.it/societa/ANA-ATL-FELTRE/BL012
593,1.35,SCHENAL Anna,2004,CF,ANA ATL.FELTRE,8 se- 1,Belluno,2018-04-28,https://www.fidal.it/atleta/SCHENAL-Anna/eKmRlJajbWs%3D,https://www.fidal.it/societa/ANA-ATL-FELTRE/BL012
593,1.35,MAHJOUBI Gaia,2004,CF,ANA ATL.FELTRE,9 se- 1,Valesella,2018-05-19,https://www.fidal.it/atleta/MAHJOUBI-Gaia/eKmRlJejamY%3D,https://www.fidal.it/societa/ANA-ATL-FELTRE/BL012
593,1.35,ZANON Gaia,2002,AF,ANA ATL.FELTRE,9 se- 1,Padova,2019-05-15,https://www.fidal.it/atleta/ZANON-Gaia/eKmRlJilbmM%3D,https://www.fidal.it/societa/ANA-ATL-FELTRE/BL012
593,1.35,ROLUCCI Ilaria,2005,CF,ANA ATL.FELTRE,1 se- 1,Feltre,2019-05-18,https://www.fidal.it/atleta/ROLUCCI-Ilaria/eKmRlJifb2M%3D,https://www.fidal.it/societa/ANA-ATL-FELTRE/BL012
593,1.35,ZANON Gaia,2002,AF,ANA ATL.FELTRE,2 su- 1,Feltre,2018-06-30,https://www.fidal.it/atleta/ZANON-Gaia/eKmRlJilbmM%3D,https://www.fidal.it/societa/ANA-ATL-FELTRE/BL012
593,1.35,CANOVA Aurora,2001,CF,ANA ATL.FELTRE,6 su- 1,Feltre,2016-06-25,https://www.fidal.it/atleta/CANOVA-Aurora/eKmRlJamcGg%3D,https://www.fidal.it/societa/ANA-ATL-FELTRE/BL012
593,1.35,PIOLO Carlotta,2006,CF,ANA ATL.FELTRE,4 su- 1,Agordo,2021-04-25,https://www.fidal.it/atleta/PIOLO-Carlotta/eKmRlJiiaWk%3D,https://www.fidal.it/societa/ANA-ATL-FELTRE/BL012
593,1.35,SCHENAL Anna,2004,CF,ANA ATL.FELTRE,8 se- 1,Valesella,2018-05-19,https://www.fidal.it/atleta/SCHENAL-Anna/eKmRlJajbWs%3D,https://www.fidal.it/societa/ANA-ATL-FELTRE/BL012
593,1.35,STACH Marta,1995,CF,ANA ATL.FELTRE,4 se- 1,Belluno,2009-10-17,https://www.fidal.it/atleta/STACH-Marta/eKmRlJKna2Q%3D,https://www.fidal.it/societa/ANA-ATL-FELTRE/BL012
593,1.35,CURIC Tea,1995,CF,ANA ATL.FELTRE,23 su- 1,Rovigo,2010-06-06,https://www.fidal.it/atleta/CURIC-Tea/eKmRlJSnbmc%3D,https://www.fidal.it/societa/ANA-ATL-FELTRE/BL012
587,1.62,RECH Martino,2007,CM,ANA ATL.FELTRE,3 su- 1,Feltre,2022-06-25,https://www.fidal.it/atleta/RECH-Martino/eKmRlJmgaGU%3D,https://www.fidal.it/societa/ANA-ATL-FELTRE/BL012
587,1.62,HAROUF Omar,1999,CM,ANA ATL.FELTRE,1 se- 1,Belluno,2014-05-17,https://www.fidal.it/atleta/HAROUF-Omar/eKyRkpmiaWo%3D,https://www.fidal.it/societa/ANA-ATL-FELTRE/BL012
570,1.6,BERTON Nicola,1996,AM,ANA ATL.FELTRE,17 su- 1,Montebelluna,2013-05-05,https://www.fidal.it/atleta/BERTON-Nicola/eKmRlJWfa2c%3D,https://www.fidal.it/societa/ANA-ATL-FELTRE/BL012
570,1.6,TAMBURLIN Piero,1996,AM,ANA ATL.FELTRE,5 su- 1,Vicenza,2012-05-20,https://www.fidal.it/atleta/TAMBURLIN-Piero/eKmRlJSkcGg%3D,https://www.fidal.it/societa/ANA-ATL-FELTRE/BL012
570,1.6,VOICU Ioan alexandru,1997,CM,ANA ATL.FELTRE,10 su- 1,Marostica,2012-09-22,https://www.fidal.it/atleta/VOICU-Ioan-alexandru/eKmRlJWicWY%3D,https://www.fidal.it/societa/ANA-ATL-FELTRE/BL012
570,1.6,VOICU Ioan alexandru,1997,AM,ANA ATL.FELTRE,10 su- 1,Padova,2014-09-21,https://www.fidal.it/atleta/VOICU-Ioan-alexandru/eKmRlJWicWY%3D,https://www.fidal.it/societa/ANA-ATL-FELTRE/BL012
570,1.6,VIEL Davide,1994,AM,ANA ATL.FELTRE,7 su- 1,Saronno,2010-06-27,https://www.fidal.it/atleta/VIEL-Davide/eKmRlJSlaGw%3D,https://www.fidal.it/societa/ANA-ATL-FELTRE/BL012
570,1.6,CASSOL Samuele,2001,AM,ANA ATL.FELTRE,22 su- 1,San Biagio Di Callalta,2018-05-13,https://www.fidal.it/atleta/CASSOL-Samuele/eKmRlJilaWs%3D,https://www.fidal.it/societa/ANA-ATL-FELTRE/BL012
570,1.6,VOICU Ioan alexandru,1997,JM,ANA ATL.FELTRE,16 su- 1,Rovigo,2015-06-07,https://www.fidal.it/atleta/VOICU-Ioan-alexandru/eKmRlJWicWY%3D,https://www.fidal.it/societa/ANA-ATL-FELTRE/BL012
565,1.32,COLUSSI Ilary,2006,CF,ANA ATL.FELTRE,4 su- 1,Alpago,2021-05-29,https://www.fidal.it/atleta/COLUSSI-Ilary/eKmRlJeob2w%3D,https://www.fidal.it/societa/ANA-ATL-FELTRE/BL012
565,1.32,CANOVA Aurora,2001,CF,ANA ATL.FELTRE,14 su- 1,Rossano Veneto,2016-09-11,https://www.fidal.it/atleta/CANOVA-Aurora/eKmRlJamcGg%3D,https://www.fidal.it/societa/ANA-ATL-FELTRE/BL012
561,1.59,DALLA CORTE Matteo,2001,PM,ANA ATL.FELTRE,8 su- 1,Bovolone,2023-04-29,https://www.fidal.it/atleta/DALLA-CORTE-Matteo/eKmRlJWmaWo%3D,https://www.fidal.it/societa/ANA-ATL-FELTRE/BL012
553,1.58,MANISCALCHI Stefano,1990,CM,ANA ATL.FELTRE,7 se- 1,Marostica,2005-05-15,https://www.fidal.it/atleta/MANISCALCHI-Stefano/eKiRlZKia2s%3D,https://www.fidal.it/societa/ANA-ATL-FELTRE/BL012
553,1.58,VOICU Ioan alexandru,1997,CM,ANA ATL.FELTRE,2 se- 1,Belluno,2012-05-19,https://www.fidal.it/atleta/VOICU-Ioan-alexandru/eKmRlJWicWY%3D,https://www.fidal.it/societa/ANA-ATL-FELTRE/BL012
553,1.58,VELLO Michele,1997,CM,ANA ATL.FELTRE,5 su- 1,Villorba,2012-05-26,https://www.fidal.it/atleta/VELLO-Michele/eKmRlJSkb2U%3D,https://www.fidal.it/societa/ANA-ATL-FELTRE/BL012
553,1.58,BALDISSERI Pietro,2008,CM,ANA ATL.FELTRE,2 su- 1,Feltre,2022-10-01,https://www.fidal.it/atleta/BALDISSERI-Pietro/eKmRlJeocGc%3D,https://www.fidal.it/societa/ANA-ATL-FELTRE/BL012
546,1.3,ZANON Gaia,2002,AF,ANA ATL.FELTRE,16 su- 1,Vittorio Veneto,2019-05-04,https://www.fidal.it/atleta/ZANON-Gaia/eKmRlJilbmM%3D,https://www.fidal.it/societa/ANA-ATL-FELTRE/BL012
546,1.3,PIOLO Carlotta,2006,CF,ANA ATL.FELTRE,7 su- 1,Verona,2021-06-02,https://www.fidal.it/atleta/PIOLO-Carlotta/eKmRlJiiaWk%3D,https://www.fidal.it/societa/ANA-ATL-FELTRE/BL012
546,1.3,FERRACIN Giulia,2007,CF,ANA ATL.FELTRE,8 su- 1,Verona,2021-06-02,https://www.fidal.it/atleta/FERRACIN-Giulia/eKmRlJmgbGw%3D,https://www.fidal.it/societa/ANA-ATL-FELTRE/BL012
546,1.3,FERRACIN Giulia,2007,CF,ANA ATL.FELTRE,5 su- 1,Alpago,2021-10-16,https://www.fidal.it/atleta/FERRACIN-Giulia/eKmRlJmgbGw%3D,https://www.fidal.it/societa/ANA-ATL-FELTRE/BL012
546,1.3,COLUSSI Ilary,2006,CF,ANA ATL.FELTRE,5 su- 1,Alpago,2021-10-16,https://www.fidal.it/atleta/COLUSSI-Ilary/eKmRlJeob2w%3D,https://www.fidal.it/societa/ANA-ATL-FELTRE/BL012
546,1.3,SPADA Stefania,1998,CF,ANA ATL.FELTRE,17 su- 1,Marostica,2012-09-23,https://www.fidal.it/atleta/SPADA-Stefania/eKmRlJOkamU%3D,https://www.fidal.it/societa/ANA-ATL-FELTRE/BL012
546,1.3,D'ALBERTO Arianna,2000,CF,ANA ATL.FELTRE,15 su- 1,Conegliano,2014-09-14,https://www.fidal.it/atleta/D-ALBERTO-Arianna/eKmRlJWmaGs%3D,https://www.fidal.it/societa/ANA-ATL-FELTRE/BL012
546,1.3,D'ALBERTO Arianna,2000,CF,ANA ATL.FELTRE,7 su- 1,Feltre,2014-06-21,https://www.fidal.it/atleta/D-ALBERTO-Arianna/eKmRlJWmaGs%3D,https://www.fidal.it/societa/ANA-ATL-FELTRE/BL012
546,1.3,SPADA Stefania,1998,CF,ANA ATL.FELTRE,23 su- 1,Bassano Del Grappa,2013-06-02,https://www.fidal.it/atleta/SPADA-Stefania/eKmRlJOkamU%3D,https://www.fidal.it/societa/ANA-ATL-FELTRE/BL012
546,1.3,SPADA Stefania,1998,CF,ANA ATL.FELTRE,8 se- 1,Padova,2013-05-23,https://www.fidal.it/atleta/SPADA-Stefania/eKmRlJOkamU%3D,https://www.fidal.it/societa/ANA-ATL-FELTRE/BL012
546,1.3,DE MARCHI Veronica,1994,JF,ANA ATL.FELTRE,1 se- 1,Feltre,2012-08-23,https://www.fidal.it/atleta/DE-MARCHI-Veronica/eKmRlJOmbGs%3D,https://www.fidal.it/societa/ANA-ATL-FELTRE/BL012
546,1.3,MARAZZINI Giulia,1998,CF,ANA ATL.FELTRE,17 su- 1,Marostica,2012-09-23,https://www.fidal.it/atleta/MARAZZINI-Giulia/eKmRlJSncWs%3D,https://www.fidal.it/societa/ANA-ATL-FELTRE/BL012
546,1.3,REDETTI Lisa,1993,CF,ANA ATL.FELTRE,7 su- 1,Belluno,2007-04-21,https://www.fidal.it/atleta/REDETTI-Lisa/eKmRlJKlamk%3D,https://www.fidal.it/societa/ANA-ATL-FELTRE/BL012
546,1.3,PIOLO Carlotta,2006,CF,ANA ATL.FELTRE,8 su- 1,Feltre,2021-06-26,https://www.fidal.it/atleta/PIOLO-Carlotta/eKmRlJiiaWk%3D,https://www.fidal.it/societa/ANA-ATL-FELTRE/BL012
546,1.3,STACH Marta,1995,CF,ANA ATL.FELTRE,7 se- 1,Feltre,2010-05-15,https://www.fidal.it/atleta/STACH-Marta/eKmRlJKna2Q%3D,https://www.fidal.it/societa/ANA-ATL-FELTRE/BL012
546,1.3,SPADA Silvia,1995,CF,ANA ATL.FELTRE,5 se- 1,Feltre,2010-05-15,https://www.fidal.it/atleta/SPADA-Silvia/eKmRlJOkaWs%3D,https://www.fidal.it/societa/ANA-ATL-FELTRE/BL012
546,1.3,FERRACIN Giulia,2007,CF,ANA ATL.FELTRE,4 su- 1,Verona,2022-06-02,https://www.fidal.it/atleta/FERRACIN-Giulia/eKmRlJmgbGw%3D,https://www.fidal.it/societa/ANA-ATL-FELTRE/BL012
546,1.3,CURIC Tea,1995,CF,ANA ATL.FELTRE,5 se- 1,Feltre,2010-05-15,https://www.fidal.it/atleta/CURIC-Tea/eKmRlJSnbmc%3D,https://www.fidal.it/societa/ANA-ATL-FELTRE/BL012
546,1.3,SPADA Stefania,1998,CF,ANA ATL.FELTRE,3 se- 1,Belluno,2012-05-04,https://www.fidal.it/atleta/SPADA-Stefania/eKmRlJOkamU%3D,https://www.fidal.it/societa/ANA-ATL-FELTRE/BL012
546,1.3,COSTA Martina,1998,CF,ANA ATL.FELTRE,4 se- 1,Belluno,2012-05-04,https://www.fidal.it/atleta/COSTA-Martina/eKmRlJWlbmo%3D,https://www.fidal.it/societa/ANA-ATL-FELTRE/BL012
546,1.3,COSTA Martina,1998,CF,ANA ATL.FELTRE,10 se- 1,Feltre,2012-04-14,https://www.fidal.it/atleta/COSTA-Martina/eKmRlJWlbmo%3D,https://www.fidal.it/societa/ANA-ATL-FELTRE/BL012
546,1.3,CANOVA Aurora,2001,CF,ANA ATL.FELTRE,7 su- 1,Feltre,2015-06-20,https://www.fidal.it/atleta/CANOVA-Aurora/eKmRlJamcGg%3D,https://www.fidal.it/societa/ANA-ATL-FELTRE/BL012
537,1.29,PIOLO Carlotta,2006,CF,ANA ATL.FELTRE,6 su- 1,Alpago,2021-05-29,https://www.fidal.it/atleta/PIOLO-Carlotta/eKmRlJiiaWk%3D,https://www.fidal.it/societa/ANA-ATL-FELTRE/BL012
536,1.56,TIREL Enrico,1993,CM,ANA ATL.FELTRE,1 se- 1,Longarone,2008-05-24,https://www.fidal.it/atleta/TIREL-Enrico/eKmRlJOjaGg%3D,https://www.fidal.it/societa/ANA-ATL-FELTRE/BL012
536,1.56,BELLUS Riccardo,2008,CM,ANA ATL.FELTRE,3 su- 1,Agordo,2023-06-25,https://www.fidal.it/atleta/BELLUS-Riccardo/eKmRlJekamU%3D,https://www.fidal.it/societa/ANA-ATL-FELTRE/BL012
536,1.56,BALDISSERI Pietro,2008,CM,ANA ATL.FELTRE,9 su- 1,Feltre,2022-06-25,https://www.fidal.it/atleta/BALDISSERI-Pietro/eKmRlJeocGc%3D,https://www.fidal.it/societa/ANA-ATL-FELTRE/BL012
536,1.56,RECH Martino,2007,CM,ANA ATL.FELTRE,2 su- 1,Agordo,2022-05-21,https://www.fidal.it/atleta/RECH-Martino/eKmRlJmgaGU%3D,https://www.fidal.it/societa/ANA-ATL-FELTRE/BL012
536,1.56,SCOPEL Simone,2006,AM,ANA ATL.FELTRE,6 se- 2,Lana,2022-04-23,https://www.fidal.it/atleta/SCOPEL-Simone/eKmRlJeocGU%3D,https://www.fidal.it/societa/ANA-ATL-FELTRE/BL012
527,1.28,TAMBURLIN Anna,2000,CF,ANA ATL.FELTRE,7 se- 1,Agordo,2015-05-01,https://www.fidal.it/atleta/TAMBURLIN-Anna/eKmRlJWobGc%3D,https://www.fidal.it/societa/ANA-ATL-FELTRE/BL012
527,1.55,BIANCHIN Gioele,2002,CM,ANA ATL.FELTRE,17 su- 1,Vicenza,2017-06-03,https://www.fidal.it/atleta/BIANCHIN-Gioele/eKmRlJigaWs%3D,https://www.fidal.it/societa/ANA-ATL-FELTRE/BL012
519,1.54,CAMPAGNOLI Lorenzo,1995,CM,ANA ATL.FELTRE,10 su- 1,Rossano Veneto,2009-09-06,https://www.fidal.it/atleta/CAMPAGNOLI-Lorenzo/eKmRlJOkcGg%3D,https://www.fidal.it/societa/ANA-ATL-FELTRE/BL012
510,1.53,BALDISSERI Pietro,2008,CM,ANA ATL.FELTRE,1 su- 1,Alpago,2022-06-19,https://www.fidal.it/atleta/BALDISSERI-Pietro/eKmRlJeocGc%3D,https://www.fidal.it/societa/ANA-ATL-FELTRE/BL012
510,1.53,SAADAOUI Omar,2008,CM,ANA ATL.FELTRE,10 su- 1,Feltre,2022-06-25,https://www.fidal.it/atleta/SAADAOUI-Omar/eKmRlJimbWU%3D,https://www.fidal.it/societa/ANA-ATL-FELTRE/BL012
510,1.53,GRIS Matteo,2002,CM,ANA ATL.FELTRE,6 se- 1,Belluno,2017-07-02,https://www.fidal.it/atleta/GRIS-Matteo/eKmRlJWibGg%3D,https://www.fidal.it/societa/ANA-ATL-FELTRE/BL012
510,1.53,COSTA Edgard,1999,CM,ANA ATL.FELTRE,3 se- 1,Valesella Di Cadore,2014-05-03,https://www.fidal.it/atleta/COSTA-Edgard/eKmRlJSjbmo%3D,https://www.fidal.it/societa/ANA-ATL-FELTRE/BL012
510,1.53,DALLA CORTE Matteo,2001,PM,ANA ATL.FELTRE,5 su- 1,Lana,2022-09-03,https://www.fidal.it/atleta/DALLA-CORTE-Matteo/eKmRlJWmaWo%3D,https://www.fidal.it/societa/ANA-ATL-FELTRE/BL012
510,1.53,RECH Martino,2007,CM,ANA ATL.FELTRE,1 su- 1,Agordo,2021-04-25,https://www.fidal.it/atleta/RECH-Martino/eKmRlJmgaGU%3D,https://www.fidal.it/societa/ANA-ATL-FELTRE/BL012
510,1.53,SAADAOUI Omar,2008,CM,ANA ATL.FELTRE,3 su- 1,Feltre,2022-10-01,https://www.fidal.it/atleta/SAADAOUI-Omar/eKmRlJimbWU%3D,https://www.fidal.it/societa/ANA-ATL-FELTRE/BL012
510,1.53,COSTA Edgard,1999,CM,ANA ATL.FELTRE,13 su- 1,Conegliano,2014-09-14,https://www.fidal.it/atleta/COSTA-Edgard/eKmRlJSjbmo%3D,https://www.fidal.it/societa/ANA-ATL-FELTRE/BL012
510,1.53,BIESUZ Enrico,2002,CM,ANA ATL.FELTRE,5 se- 1,Belluno,2017-07-02,https://www.fidal.it/atleta/BIESUZ-Enrico/eKmRlJSjb2s%3D,https://www.fidal.it/societa/ANA-ATL-FELTRE/BL012
509,1.26,DA RIN DE MONEGO Beatrice,2003,CF,ANA ATL.FELTRE,10 se- 1,Belluno,2017-07-02,https://www.fidal.it/atleta/DA-RIN-DE-MONEGO-Beatrice/eKmRlJSmbmM%3D,https://www.fidal.it/societa/ANA-ATL-FELTRE/BL012
509,1.26,BARP Anna asia,2004,CF,ANA ATL.FELTRE,12 se- 1,Agordo,2019-05-11,https://www.fidal.it/atleta/BARP-Anna-asia/eKmRlJekb2c%3D,https://www.fidal.it/societa/ANA-ATL-FELTRE/BL012
509,1.26,DAVID Giovanna,2007,CF,ANA ATL.FELTRE,12 su- 1,Alpago,2021-05-29,https://www.fidal.it/atleta/DAVID-Giovanna/eKmRlJijb2U%3D,https://www.fidal.it/societa/ANA-ATL-FELTRE/BL012
509,1.26,CASSOL Anita,2005,CF,ANA ATL.FELTRE,11 se- 1,Agordo,2019-05-11,https://www.fidal.it/atleta/CASSOL-Anita/eKmRlJWjbGY%3D,https://www.fidal.it/societa/ANA-ATL-FELTRE/BL012
500,1.25,PALUMBO Ginevra,2010,CF,ANA ATL.FELTRE,19 su- 1,Vittorio Veneto,2024-09-22,https://www.fidal.it/atleta/PALUMBO-Ginevra/eKmRlJqjcWU%3D,https://www.fidal.it/societa/ANA-ATL-FELTRE/BL012
500,1.25,PALUMBO Ginevra,2010,CF,ANA ATL.FELTRE,19 su- 1,Brugnera,2024-07-13,https://www.fidal.it/atleta/PALUMBO-Ginevra/eKmRlJqjcWU%3D,https://www.fidal.it/societa/ANA-ATL-FELTRE/BL012
494,1.51,DALLA SEGA Andrea,1995,CM,ANA ATL.FELTRE,1 se- 1,Feltre,2010-05-15,https://www.fidal.it/atleta/DALLA-SEGA-Andrea/eKmRlJSgaGY%3D,https://www.fidal.it/societa/ANA-ATL-FELTRE/BL012
490,1.24,TAMBURLIN Anna,2000,CF,ANA ATL.FELTRE,8 se- 1,Valesella Di Cadore,2014-05-03,https://www.fidal.it/atleta/TAMBURLIN-Anna/eKmRlJWobGc%3D,https://www.fidal.it/societa/ANA-ATL-FELTRE/BL012
490,1.24,SANGUIN Giulia,1999,CF,ANA ATL.FELTRE,8 se- 1,Valesella Di Cadore,2014-05-03,https://www.fidal.it/atleta/SANGUIN-Giulia/eKmRlJSmbmo%3D,https://www.fidal.it/societa/ANA-ATL-FELTRE/BL012
485,1.5,BIANCHIN Gioele,2002,CM,ANA ATL.FELTRE,6 su- 1,Vallesella Di Cadore,2017-05-13,https://www.fidal.it/atleta/BIANCHIN-Gioele/eKmRlJigaWs%3D,https://www.fidal.it/societa/ANA-ATL-FELTRE/BL012
485,1.5,BIANCHIN Gioele,2002,CM,ANA ATL.FELTRE,6 su- 1,Vallesella,2017-05-13,https://www.fidal.it/atleta/BIANCHIN-Gioele/eKmRlJigaWs%3D,https://www.fidal.it/societa/ANA-ATL-FELTRE/BL012
485,1.5,VOICU Ioan alexandru,1997,CM,ANA ATL.FELTRE,10 su- 1,Verona,2012-06-02,https://www.fidal.it/atleta/VOICU-Ioan-alexandru/eKmRlJWicWY%3D,https://www.fidal.it/societa/ANA-ATL-FELTRE/BL012
485,1.5,ZAPPIA Matteo,1998,CM,ANA ATL.FELTRE,3 se- 1,Agordo,2013-07-10,https://www.fidal.it/atleta/ZAPPIA-Matteo/eKmRlJSjcGM%3D,https://www.fidal.it/societa/ANA-ATL-FELTRE/BL012
485,1.5,BIZZARINI Lorenzo,1991,CM,ANA ATL.FELTRE,7 se- 1,Marostica,2005-10-02,https://www.fidal.it/atleta/BIZZARINI-Lorenzo/eKmRlJOhbWs%3D,https://www.fidal.it/societa/ANA-ATL-FELTRE/BL012
485,1.5,TIREL Enrico,1993,CM,ANA ATL.FELTRE,1 se- 1,Longarone,2007-05-19,https://www.fidal.it/atleta/TIREL-Enrico/eKmRlJOjaGg%3D,https://www.fidal.it/societa/ANA-ATL-FELTRE/BL012
485,1.5,CAMPAGNOLI Lorenzo,1995,CM,ANA ATL.FELTRE,2 se- 1,Feltre,2009-08-26,https://www.fidal.it/atleta/CAMPAGNOLI-Lorenzo/eKmRlJOkcGg%3D,https://www.fidal.it/societa/ANA-ATL-FELTRE/BL012
485,1.5,BERTON Nicola,1996,AM,ANA ATL.FELTRE,20 su- 1,Vicenza,2013-05-19,https://www.fidal.it/atleta/BERTON-Nicola/eKmRlJWfa2c%3D,https://www.fidal.it/societa/ANA-ATL-FELTRE/BL012
485,1.5,PETITTO Leonardo,2008,CM,ANA ATL.FELTRE,4 su- 1,Agordo,2023-06-25,https://www.fidal.it/atleta/PETITTO-Leonardo/eKmRlJijbmQ%3D,https://www.fidal.it/societa/ANA-ATL-FELTRE/BL012
485,1.5,D'AGOSTINI Enrico,1994,CM,ANA ATL.FELTRE,1 se- 1,Belluno,2008-05-10,https://www.fidal.it/atleta/D-AGOSTINI-Enrico/eKmRlJSgaGM%3D,https://www.fidal.it/societa/ANA-ATL-FELTRE/BL012
485,1.5,CALLEGARO Elia,1993,AM,ANA ATL.FELTRE,16 su- 1,Verona,2010-05-30,https://www.fidal.it/atleta/CALLEGARO-Elia/eKmRlJSocWU%3D,https://www.fidal.it/societa/ANA-ATL-FELTRE/BL012
485,1.5,CALLEGARO Elia,1993,AM,ANA ATL.FELTRE,18 su- 1,Mestre,2010-05-09,https://www.fidal.it/atleta/CALLEGARO-Elia/eKmRlJSocWU%3D,https://www.fidal.it/societa/ANA-ATL-FELTRE/BL012
485,1.5,SAADAOUI Omar,2008,CM,ANA ATL.FELTRE,2 su- 1,Alpago,2022-06-19,https://www.fidal.it/atleta/SAADAOUI-Omar/eKmRlJimbWU%3D,https://www.fidal.it/societa/ANA-ATL-FELTRE/BL012
485,1.5,CANOVA Luca,1991,CM,ANA ATL.FELTRE,6 se- 1,Marostica,2005-10-02,https://www.fidal.it/atleta/CANOVA-Luca/eKiRlZKia2o%3D,https://www.fidal.it/societa/ANA-ATL-FELTRE/BL012
485,1.5,CAMPAGNOLI Lorenzo,1995,CM,ANA ATL.FELTRE,27 su- 1,Vicenza,2009-06-06,https://www.fidal.it/atleta/CAMPAGNOLI-Lorenzo/eKmRlJOkcGg%3D,https://www.fidal.it/societa/ANA-ATL-FELTRE/BL012
481,1.23,FERRACIN Giulia,2007,CF,ANA ATL.FELTRE,13 su- 1,Alpago,2021-05-29,https://www.fidal.it/atleta/FERRACIN-Giulia/eKmRlJmgbGw%3D,https://www.fidal.it/societa/ANA-ATL-FELTRE/BL012
481,1.23,MENEGAZZO Silvia,2007,CF,ANA ATL.FELTRE,16 su- 1,Alpago,2021-05-29,https://www.fidal.it/atleta/MENEGAZZO-Silvia/eKmRlJeocGM%3D,https://www.fidal.it/societa/ANA-ATL-FELTRE/BL012
481,1.23,COLUSSI Leila,2006,CF,ANA ATL.FELTRE,14 su- 1,Vittorio Veneto,2021-09-19,https://www.fidal.it/atleta/COLUSSI-Leila/eKmRlJeob2s%3D,https://www.fidal.it/societa/ANA-ATL-FELTRE/BL012
481,1.23,BORDIN Sara,2007,CF,ANA ATL.FELTRE,13 su- 1,Alpago,2021-05-29,https://www.fidal.it/atleta/BORDIN-Sara/eKyRk5ufcWo%3D,https://www.fidal.it/societa/ANA-ATL-FELTRE/BL012
468,1.48,PETITTO Leonardo,2008,CM,ANA ATL.FELTRE,9 su- 1,Feltre,2023-07-01,https://www.fidal.it/atleta/PETITTO-Leonardo/eKmRlJijbmQ%3D,https://www.fidal.it/societa/ANA-ATL-FELTRE/BL012
460,1.47,BONAN Marco,2000,CM,ANA ATL.FELTRE,5 se- 1,Valesella Di Cadore,2014-05-03,https://www.fidal.it/atleta/BONAN-Marco/eKmRlJShbGM%3D,https://www.fidal.it/societa/ANA-ATL-FELTRE/BL012
460,1.47,ZABOT Julian,2002,CM,ANA ATL.FELTRE,8 se- 1,Belluno,2017-07-02,https://www.fidal.it/atleta/ZABOT-Julian/eKmRlJelbGY%3D,https://www.fidal.it/societa/ANA-ATL-FELTRE/BL012
453,1.2,PIOLO Carlotta,2006,CF,ANA ATL.FELTRE,10 su- 1,Alpago,2021-10-16,https://www.fidal.it/atleta/PIOLO-Carlotta/eKmRlJiiaWk%3D,https://www.fidal.it/societa/ANA-ATL-FELTRE/BL012
453,1.2,CHIOVARO Ilenia,2006,CF,ANA ATL.FELTRE,14 su- 1,Feltre,2021-06-26,https://www.fidal.it/atleta/CHIOVARO-Ilenia/eKmRlJmlbWc%3D,https://www.fidal.it/societa/ANA-ATL-FELTRE/BL012
453,1.2,BERTELLE Alice,2004,CF,ANA ATL.FELTRE,10 se- 1,Belluno,2018-04-28,https://www.fidal.it/atleta/BERTELLE-Alice/eKmRlJijamQ%3D,https://www.fidal.it/societa/ANA-ATL-FELTRE/BL012
453,1.2,MAHJOUBI Gaia,2004,CF,ANA ATL.FELTRE,4 su- 1,Feltre,2018-06-30,https://www.fidal.it/atleta/MAHJOUBI-Gaia/eKmRlJejamY%3D,https://www.fidal.it/societa/ANA-ATL-FELTRE/BL012
453,1.2,MAHJOUBI Gaia,2004,CF,ANA ATL.FELTRE,4 su- 1,Agordo,2018-10-06,https://www.fidal.it/atleta/MAHJOUBI-Gaia/eKmRlJejamY%3D,https://www.fidal.it/societa/ANA-ATL-FELTRE/BL012
453,1.2,BERTELLE Alice,2004,CF,ANA ATL.FELTRE,4 su- 1,Feltre,2018-06-30,https://www.fidal.it/atleta/BERTELLE-Alice/eKmRlJijamQ%3D,https://www.fidal.it/societa/ANA-ATL-FELTRE/BL012
453,1.2,COLMANET Elena,1996,CF,ANA ATL.FELTRE,5 su- 1,Belluno,2010-05-09,https://www.fidal.it/atleta/COLMANET-Elena/eKmRlJSocGU%3D,https://www.fidal.it/societa/ANA-ATL-FELTRE/BL012
453,1.2,RECH Yasmin,1996,CF,ANA ATL.FELTRE,5 su- 1,Belluno,2010-05-09,https://www.fidal.it/atleta/RECH-Yasmin/eKmRlJSocGY%3D,https://www.fidal.it/societa/ANA-ATL-FELTRE/BL012
453,1.2,FERRACIN Giulia,2007,CF,ANA ATL.FELTRE,5 su- 1,Alpago,2022-05-14,https://www.fidal.it/atleta/FERRACIN-Giulia/eKmRlJmgbGw%3D,https://www.fidal.it/societa/ANA-ATL-FELTRE/BL012
453,1.2,COMACCHIO Carlotta,1996,CF,ANA ATL.FELTRE,8 se- 1,Feltre,2010-05-15,https://www.fidal.it/atleta/COMACCHIO-Carlotta/eKmRlJSgaGQ%3D,https://www.fidal.it/societa/ANA-ATL-FELTRE/BL012
453,1.2,FERRACIN Giulia,2007,CF,ANA ATL.FELTRE,14 su- 1,Feltre,2021-06-26,https://www.fidal.it/atleta/FERRACIN-Giulia/eKmRlJmgbGw%3D,https://www.fidal.it/societa/ANA-ATL-FELTRE/BL012
453,1.2,FERRACIN Giulia,2007,CF,ANA ATL.FELTRE,7 su- 1,Agordo,2021-04-25,https://www.fidal.it/atleta/FERRACIN-Giulia/eKmRlJmgbGw%3D,https://www.fidal.it/societa/ANA-ATL-FELTRE/BL012
453,1.2,MOINO Eleonora,2006,CF,ANA ATL.FELTRE,9 su- 1,Agordo,2021-04-25,https://www.fidal.it/atleta/MOINO-Eleonora/eKmRlJiibGg%3D,https://www.fidal.it/societa/ANA-ATL-FELTRE/BL012
453,1.2,BORDIN Sara,2007,CF,ANA ATL.FELTRE,8 su- 1,Agordo,2021-04-25,https://www.fidal.it/atleta/BORDIN-Sara/eKyRk5ufcWo%3D,https://www.fidal.it/societa/ANA-ATL-FELTRE/BL012
453,1.2,FILOSA Annalisa,1999,CF,ANA ATL.FELTRE,9 se- 1,Vallesella,2013-05-18,https://www.fidal.it/atleta/FILOSA-Annalisa/eKmRlJSjb2w%3D,https://www.fidal.it/societa/ANA-ATL-FELTRE/BL012
453,1.2,SANGUIN Giulia,1999,CF,ANA ATL.FELTRE,9 se- 1,Vallesella,2013-05-18,https://www.fidal.it/atleta/SANGUIN-Giulia/eKmRlJSmbmo%3D,https://www.fidal.it/societa/ANA-ATL-FELTRE/BL012
453,1.2,PROCACCINI Sara,1999,CF,ANA ATL.FELTRE,6 su- 1,Feltre,2013-04-06,https://www.fidal.it/atleta/PROCACCINI-Sara/eKmRlJSmbWw%3D,https://www.fidal.it/societa/ANA-ATL-FELTRE/BL012
453,1.2,PROCACCINI Sara,1999,CF,ANA ATL.FELTRE,9 se- 1,Belluno,2013-05-04,https://www.fidal.it/atleta/PROCACCINI-Sara/eKmRlJSmbWw%3D,https://www.fidal.it/societa/ANA-ATL-FELTRE/BL012
453,1.2,ARBOIT Diletta,1996,AF,ANA ATL.FELTRE,15 su- 1,Vicenza,2012-05-26,https://www.fidal.it/atleta/ARBOIT-Diletta/eKmRlJWobWU%3D,https://www.fidal.it/societa/ANA-ATL-FELTRE/BL012
453,1.2,CANOVA Aurora,2001,CF,ANA ATL.FELTRE,11 se- 1,Agordo,2015-05-01,https://www.fidal.it/atleta/CANOVA-Aurora/eKmRlJamcGg%3D,https://www.fidal.it/societa/ANA-ATL-FELTRE/BL012
453,1.2,FACCHIN Alessia,1993,CF,ANA ATL.FELTRE,5 se- 1,Belluno,2008-05-10,https://www.fidal.it/atleta/FACCHIN-Alessia/eKmRlJKna2g%3D,https://www.fidal.it/societa/ANA-ATL-FELTRE/BL012
453,1.2,PALUMBO Ginevra,2010,CF,ANA ATL.FELTRE,4 su- 1,Borgo Valbelluna,2024-06-16,https://www.fidal.it/atleta/PALUMBO-Ginevra/eKmRlJqjcWU%3D,https://www.fidal.it/societa/ANA-ATL-FELTRE/BL012
453,1.2,RAVEANE Giorgia,2002,CF,ANA ATL.FELTRE,16 se- 1,Belluno,2017-07-02,https://www.fidal.it/atleta/RAVEANE-Giorgia/eKmRlJakbmc%3D,https://www.fidal.it/societa/ANA-ATL-FELTRE/BL012
453,1.2,DA RIN DE MONEGO Beatrice,2003,CF,ANA ATL.FELTRE,6 su- 1,Feltre,2017-04-01,https://www.fidal.it/atleta/DA-RIN-DE-MONEGO-Beatrice/eKmRlJSmbmM%3D,https://www.fidal.it/societa/ANA-ATL-FELTRE/BL012
451,1.46,RECH Martino,2007,CM,ANA ATL.FELTRE,12 su- 1,Majano,2021-09-04,https://www.fidal.it/atleta/RECH-Martino/eKmRlJmgaGU%3D,https://www.fidal.it/societa/ANA-ATL-FELTRE/BL012
444,1.19,BATTISTEL Angelica,2002,CF,ANA ATL.FELTRE,17 se- 1,Agordo,2016-05-01,https://www.fidal.it/atleta/BATTISTEL-Angelica/eKmRlJWmamk%3D,https://www.fidal.it/societa/ANA-ATL-FELTRE/BL012
444,1.19,RAVEANE Giorgia,2002,CF,ANA ATL.FELTRE,18 se- 1,Agordo,2016-05-01,https://www.fidal.it/atleta/RAVEANE-Giorgia/eKmRlJakbmc%3D,https://www.fidal.it/societa/ANA-ATL-FELTRE/BL012
444,1.19,LUCCA Alessandra,2001,CF,ANA ATL.FELTRE,14 se- 1,Agordo,2016-05-01,https://www.fidal.it/atleta/LUCCA-Alessandra/eKmRlJejaWY%3D,https://www.fidal.it/societa/ANA-ATL-FELTRE/BL012
443,1.45,GRIS Matteo,2002,CM,ANA ATL.FELTRE,5 se- 1,Agordo,2017-09-30,https://www.fidal.it/atleta/GRIS-Matteo/eKmRlJWibGg%3D,https://www.fidal.it/societa/ANA-ATL-FELTRE/BL012
443,1.45,ZAPPIA Matteo,1998,CM,ANA ATL.FELTRE,3 se- 1,Feltre,2013-08-28,https://www.fidal.it/atleta/ZAPPIA-Matteo/eKmRlJSjcGM%3D,https://www.fidal.it/societa/ANA-ATL-FELTRE/BL012
443,1.45,ZUGLIAN Giorgio,2000,AM,ANA ATL.FELTRE,12 su- 1,Chiari,2017-10-01,https://www.fidal.it/atleta/ZUGLIAN-Giorgio/eKmRlJOkaGo%3D,https://www.fidal.it/societa/ANA-ATL-FELTRE/BL012
435,1.44,AGOSTINETTO Isacco,1999,CM,ANA ATL.FELTRE,8 se- 1,Valesella Di Cadore,2014-05-03,https://www.fidal.it/atleta/AGOSTINETTO-Isacco/eKyRkpaga2g%3D,https://www.fidal.it/societa/ANA-ATL-FELTRE/BL012
435,1.44,SCOPEL Simone,2006,CM,ANA ATL.FELTRE,2 su- 1,Alpago,2021-05-30,https://www.fidal.it/atleta/SCOPEL-Simone/eKmRlJeocGU%3D,https://www.fidal.it/societa/ANA-ATL-FELTRE/BL012
435,1.44,DALLA CORTE Matteo,2001,SM,ANA ATL.FELTRE,11 su- 1,Bovolone,2024-05-04,https://www.fidal.it/atleta/DALLA-CORTE-Matteo/eKmRlJWmaWo%3D,https://www.fidal.it/societa/ANA-ATL-FELTRE/BL012
435,1.44,DALLA CORTE Matteo,2001,PM,ANA ATL.FELTRE,10 su- 1,Lana,2022-04-23,https://www.fidal.it/atleta/DALLA-CORTE-Matteo/eKmRlJWmaWo%3D,https://www.fidal.it/societa/ANA-ATL-FELTRE/BL012
435,1.44,ZAPPIA Matteo,1998,CM,ANA ATL.FELTRE,11 se- 2,Rossano Veneto,2013-06-15,https://www.fidal.it/atleta/ZAPPIA-Matteo/eKmRlJSjcGM%3D,https://www.fidal.it/societa/ANA-ATL-FELTRE/BL012
435,1.44,BONAN Marco,2000,CM,ANA ATL.FELTRE,17 su- 1,Conegliano,2014-09-14,https://www.fidal.it/atleta/BONAN-Marco/eKmRlJShbGM%3D,https://www.fidal.it/societa/ANA-ATL-FELTRE/BL012
435,1.18,COLDEBELLA Gloria,2000,CF,ANA ATL.FELTRE,14 se- 1,Valesella Di Cadore,2014-05-03,https://www.fidal.it/atleta/COLDEBELLA-Gloria/eKmRlJSjcGk%3D,https://www.fidal.it/societa/ANA-ATL-FELTRE/BL012
426,1.43,PIZZOLOTTO Edoardo,1996,CM,ANA ATL.FELTRE,6 se- 1,Belluno,2011-05-07,https://www.fidal.it/atleta/PIZZOLOTTO-Edoardo/eKmRlJOnb2o%3D,https://www.fidal.it/societa/ANA-ATL-FELTRE/BL012
426,1.43,PAGNUSSAT Andrea,1995,CM,ANA ATL.FELTRE,3 se- 1,Feltre,2010-05-15,https://www.fidal.it/atleta/PAGNUSSAT-Andrea/eKmRlJShbmg%3D,https://www.fidal.it/societa/ANA-ATL-FELTRE/BL012
425,1.17,MAHJOUBI Gaia,2004,CF,ANA ATL.FELTRE,17 se- 1,Agordo,2019-05-11,https://www.fidal.it/atleta/MAHJOUBI-Gaia/eKmRlJejamY%3D,https://www.fidal.it/societa/ANA-ATL-FELTRE/BL012
425,1.17,COLUSSI Leila,2006,CF,ANA ATL.FELTRE,22 su- 1,Alpago,2021-05-29,https://www.fidal.it/atleta/COLUSSI-Leila/eKmRlJeob2s%3D,https://www.fidal.it/societa/ANA-ATL-FELTRE/BL012
410,1.41,COSTA Edgard,1999,CM,ANA ATL.FELTRE,12 se- 2,Rossano Veneto,2013-06-15,https://www.fidal.it/atleta/COSTA-Edgard/eKmRlJSjbmo%3D,https://www.fidal.it/societa/ANA-ATL-FELTRE/BL012
407,1.15,DE CARLI Alessandra,2001,CF,ANA ATL.FELTRE,18 se- 1,Agordo,2015-05-01,https://www.fidal.it/atleta/DE-CARLI-Alessandra/eKmRlJalbmo%3D,https://www.fidal.it/societa/ANA-ATL-FELTRE/BL012
407,1.15,TAMBURLIN Anna,2000,CF,ANA ATL.FELTRE,20 su- 1,Conegliano,2014-09-14,https://www.fidal.it/atleta/TAMBURLIN-Anna/eKmRlJWobGc%3D,https://www.fidal.it/societa/ANA-ATL-FELTRE/BL012
401,1.4,GRIS Matteo,2002,CM,ANA ATL.FELTRE,3 su- 1,Agordo,2017-04-29,https://www.fidal.it/atleta/GRIS-Matteo/eKmRlJWibGg%3D,https://www.fidal.it/societa/ANA-ATL-FELTRE/BL012
401,1.4,BERTELLE Michele,1992,CM,ANA ATL.FELTRE,12 su- 1,Verona,2007-06-02,https://www.fidal.it/atleta/BERTELLE-Michele/eKmRlJOkaWo%3D,https://www.fidal.it/societa/ANA-ATL-FELTRE/BL012
401,1.4,FACCINI Giovanni,1996,CM,ANA ATL.FELTRE,2 su- 1,Belluno,2010-05-08,https://www.fidal.it/atleta/FACCINI-Giovanni/eKmRlJSkcGk%3D,https://www.fidal.it/societa/ANA-ATL-FELTRE/BL012
401,1.4,BARBANTE Lorenzo,1995,CM,ANA ATL.FELTRE,5 se- 1,Feltre,2010-05-15,https://www.fidal.it/atleta/BARBANTE-Lorenzo/eKmRlJOnbms%3D,https://www.fidal.it/societa/ANA-ATL-FELTRE/BL012
401,1.4,RECH Martino,2007,CM,ANA ATL.FELTRE,2 su- 1,Alpago,2022-04-09,https://www.fidal.it/atleta/RECH-Martino/eKmRlJmgaGU%3D,https://www.fidal.it/societa/ANA-ATL-FELTRE/BL012
401,1.4,VOICU Ioan alexandru,1997,CM,ANA ATL.FELTRE,4 se- 1,Belluno,2011-04-16,https://www.fidal.it/atleta/VOICU-Ioan-alexandru/eKmRlJWicWY%3D,https://www.fidal.it/societa/ANA-ATL-FELTRE/BL012
401,1.4,VOICU Ioan alexandru,1997,CM,ANA ATL.FELTRE,2 se- 1,Vallesella Di Cadore,2012-05-05,https://www.fidal.it/atleta/VOICU-Ioan-alexandru/eKmRlJWicWY%3D,https://www.fidal.it/societa/ANA-ATL-FELTRE/BL012
401,1.4,ZAPPIA Matteo,1998,CM,ANA ATL.FELTRE,14 su- 1,Villorba,2012-05-26,https://www.fidal.it/atleta/ZAPPIA-Matteo/eKmRlJSjcGM%3D,https://www.fidal.it/societa/ANA-ATL-FELTRE/BL012
401,1.4,VENDRAME Marco,1995,AM,ANA ATL.FELTRE,9 su- 1,Vicenza,2012-05-20,https://www.fidal.it/atleta/VENDRAME-Marco/eKmRlJOkcWY%3D,https://www.fidal.it/societa/ANA-ATL-FELTRE/BL012
401,1.4,SAADAOUI Omar,2008,CM,ANA ATL.FELTRE,1 su- 1,Alpago,2022-04-09,https://www.fidal.it/atleta/SAADAOUI-Omar/eKmRlJimbWU%3D,https://www.fidal.it/societa/ANA-ATL-FELTRE/BL012
401,1.4,RECH Martino,2007,CM,ANA ATL.FELTRE,8 su- 1,Alpago,2021-05-22,https://www.fidal.it/atleta/RECH-Martino/eKmRlJmgaGU%3D,https://www.fidal.it/societa/ANA-ATL-FELTRE/BL012
401,1.4,CAMPAGNOLI Lorenzo,1995,CM,ANA ATL.FELTRE,1 se- 1,Longarone,2009-05-09,https://www.fidal.it/atleta/CAMPAGNOLI-Lorenzo/eKmRlJOkcGg%3D,https://www.fidal.it/societa/ANA-ATL-FELTRE/BL012
398,1.14,COLLE Benedetta,2005,CF,ANA ATL.FELTRE,22 se- 1,Agordo,2019-05-11,https://www.fidal.it/atleta/COLLE-Benedetta/eKmRlJWlaWM%3D,https://www.fidal.it/societa/ANA-ATL-FELTRE/BL012
393,1.39,ZAPPIA Matteo,1998,CM,ANA ATL.FELTRE,16 se- 2,Rosa,2012-06-17,https://www.fidal.it/atleta/ZAPPIA-Matteo/eKmRlJSjcGM%3D,https://www.fidal.it/societa/ANA-ATL-FELTRE/BL012
385,1.38,SCOPEL Nicola,2008,CM,ANA ATL.FELTRE,13 su- 1,Feltre,2022-06-25,https://www.fidal.it/atleta/SCOPEL-Nicola/eKmRlJeocGY%3D,https://www.fidal.it/societa/ANA-ATL-FELTRE/BL012
385,1.38,BELLUS Riccardo,2008,CM,ANA ATL.FELTRE,5 su- 1,Alpago,2022-06-19,https://www.fidal.it/atleta/BELLUS-Riccardo/eKmRlJekamU%3D,https://www.fidal.it/societa/ANA-ATL-FELTRE/BL012
370,1.11,MOINO Eleonora,2006,CF,ANA ATL.FELTRE,24 su- 1,Alpago,2021-05-29,https://www.fidal.it/atleta/MOINO-Eleonora/eKmRlJiibGg%3D,https://www.fidal.it/societa/ANA-ATL-FELTRE/BL012
368,1.36,BIESUZ Enrico,2002,CM,ANA ATL.FELTRE,9 se- 1,Agordo,2016-05-01,https://www.fidal.it/atleta/BIESUZ-Enrico/eKmRlJSjb2s%3D,https://www.fidal.it/societa/ANA-ATL-FELTRE/BL012
368,1.36,ZANDOMENEGHI Marco,1997,CM,ANA ATL.FELTRE,18 se- 2,Rosa,2012-06-17,https://www.fidal.it/atleta/ZANDOMENEGHI-Marco/eKmRlJWjb2o%3D,https://www.fidal.it/societa/ANA-ATL-FELTRE/BL012
361,1.1,CHARAF Salma,2002,CF,ANA ATL.FELTRE,19 se- 1,Agordo,2016-05-01,https://www.fidal.it/atleta/CHARAF-Salma/eKmRlJehaGg%3D,https://www.fidal.it/societa/ANA-ATL-FELTRE/BL012
361,1.1,PERSICO Elisa,2002,CF,ANA ATL.FELTRE,20 se- 1,Agordo,2016-05-01,https://www.fidal.it/atleta/PERSICO-Elisa/eKmRlJWjcGk%3D,https://www.fidal.it/societa/ANA-ATL-FELTRE/BL012
361,1.1,SCOPEL Alessia,1997,CF,ANA ATL.FELTRE,7 se- 1,Belluno,2011-04-17,https://www.fidal.it/atleta/SCOPEL-Alessia/eKmRlJWicWU%3D,https://www.fidal.it/societa/ANA-ATL-FELTRE/BL012
361,1.1,MOINO Eleonora,2006,CF,ANA ATL.FELTRE,17 su- 1,Feltre,2021-06-26,https://www.fidal.it/atleta/MOINO-Eleonora/eKmRlJiibGg%3D,https://www.fidal.it/societa/ANA-ATL-FELTRE/BL012
361,1.1,DAVID Giovanna,2007,CF,ANA ATL.FELTRE,3 su- 1,Agordo,2022-05-22,https://www.fidal.it/atleta/DAVID-Giovanna/eKmRlJijb2U%3D,https://www.fidal.it/societa/ANA-ATL-FELTRE/BL012
361,1.1,COLUSSI Ilary,2006,CF,ANA ATL.FELTRE,13 su- 1,Verona,2021-06-02,https://www.fidal.it/atleta/COLUSSI-Ilary/eKmRlJeob2w%3D,https://www.fidal.it/societa/ANA-ATL-FELTRE/BL012
361,1.1,DAVID Giovanna,2007,CF,ANA ATL.FELTRE,13 su- 1,Agordo,2021-04-25,https://www.fidal.it/atleta/DAVID-Giovanna/eKmRlJijb2U%3D,https://www.fidal.it/societa/ANA-ATL-FELTRE/BL012
360,1.35,ZINGALE Giacomo,1994,CM,ANA ATL.FELTRE,23 su- 1,Verona,2008-06-01,https://www.fidal.it/atleta/ZINGALE-Giacomo/eKmRlJOnb2k%3D,https://www.fidal.it/societa/ANA-ATL-FELTRE/BL012
360,1.35,ZAPPIA Matteo,1998,CM,ANA ATL.FELTRE,5 se- 1,Vallesella,2013-05-18,https://www.fidal.it/atleta/ZAPPIA-Matteo/eKmRlJSjcGM%3D,https://www.fidal.it/societa/ANA-ATL-FELTRE/BL012
360,1.35,COLDEBELLA Diego,1997,CM,ANA ATL.FELTRE,9 se- 1,Belluno,2011-05-07,https://www.fidal.it/atleta/COLDEBELLA-Diego/eKmRlJSicWY%3D,https://www.fidal.it/societa/ANA-ATL-FELTRE/BL012
360,1.35,VELLO Michele,1997,CM,ANA ATL.FELTRE,8 se- 1,Belluno,2011-05-07,https://www.fidal.it/atleta/VELLO-Michele/eKmRlJSkb2U%3D,https://www.fidal.it/societa/ANA-ATL-FELTRE/BL012
360,1.35,CRIVELLER Marco,2003,CM,ANA ATL.FELTRE,8 se- 1,Valesella,2018-05-19,https://www.fidal.it/atleta/CRIVELLER-Marco/eKmRlJWlb2Y%3D,https://www.fidal.it/societa/ANA-ATL-FELTRE/BL012
360,1.35,GRIS Matteo,2002,CM,ANA ATL.FELTRE,7 se- 1,Belluno,2016-05-17,https://www.fidal.it/atleta/GRIS-Matteo/eKmRlJWibGg%3D,https://www.fidal.it/societa/ANA-ATL-FELTRE/BL012
360,1.35,GRIS Matteo,2002,CM,ANA ATL.FELTRE,24 su- 1,Rovigo,2016-05-28,https://www.fidal.it/atleta/GRIS-Matteo/eKmRlJWibGg%3D,https://www.fidal.it/societa/ANA-ATL-FELTRE/BL012
360,1.35,PICCOLOTTO Yuri,1996,CM,ANA ATL.FELTRE,7 se- 1,Feltre,2010-05-15,https://www.fidal.it/atleta/PICCOLOTTO-Yuri/eKmRlJSfcWo%3D,https://www.fidal.it/societa/ANA-ATL-FELTRE/BL012
360,1.35,MACCAGNAN Marco,1991,CM,ANA ATL.FELTRE,2 su- 1,Longarone,2005-05-07,https://www.fidal.it/atleta/MACCAGNAN-Marco/eKmRlJOgb2w%3D,https://www.fidal.it/societa/ANA-ATL-FELTRE/BL012
360,1.35,ZAPPIA Matteo,1998,CM,ANA ATL.FELTRE,5 se- 1,Belluno,2012-07-12,https://www.fidal.it/atleta/ZAPPIA-Matteo/eKmRlJSjcGM%3D,https://www.fidal.it/societa/ANA-ATL-FELTRE/BL012
360,1.35,ZAPPIA Matteo,1998,CM,ANA ATL.FELTRE,3 se- 1,Vallesella Di Cadore,2012-05-05,https://www.fidal.it/atleta/ZAPPIA-Matteo/eKmRlJSjcGM%3D,https://www.fidal.it/societa/ANA-ATL-FELTRE/BL012
352,1.09,FILOSA Annalisa,1999,CF,ANA ATL.FELTRE,18 se- 1,Valesella Di Cadore,2014-05-03,https://www.fidal.it/atleta/FILOSA-Annalisa/eKmRlJSjb2w%3D,https://www.fidal.it/societa/ANA-ATL-FELTRE/BL012
351,1.34,BELLUS Riccardo,2008,CM,ANA ATL.FELTRE,15 su- 1,Feltre,2022-06-25,https://www.fidal.it/atleta/BELLUS-Riccardo/eKmRlJekamU%3D,https://www.fidal.it/societa/ANA-ATL-FELTRE/BL012
342,1.08,DE RIZ Silvia,2008,CF,ANA ATL.FELTRE,11 su- 1,Agordo,2023-06-24,https://www.fidal.it/atleta/DE-RIZ-Silvia/eKmRlJmgaWk%3D,https://www.fidal.it/societa/ANA-ATL-FELTRE/BL012
342,1.08,SPADA Anna,2007,CF,ANA ATL.FELTRE,25 su- 1,Alpago,2021-05-29,https://www.fidal.it/atleta/SPADA-Anna/eKmRlJmkaWQ%3D,https://www.fidal.it/societa/ANA-ATL-FELTRE/BL012
342,1.08,LUZZATTO Sara,2008,CF,ANA ATL.FELTRE,12 su- 1,Agordo,2023-06-24,https://www.fidal.it/atleta/LUZZATTO-Sara/eKmRlJmnamM%3D,https://www.fidal.it/societa/ANA-ATL-FELTRE/BL012
318,1.3,COLLE Nicola,1996,CM,ANA ATL.FELTRE,10 se- 1,Belluno,2011-05-07,https://www.fidal.it/atleta/COLLE-Nicola/eKmRlJSla2o%3D,https://www.fidal.it/societa/ANA-ATL-FELTRE/BL012
318,1.3,CAPRETTA Francesco,2002,CM,ANA ATL.FELTRE,12 se- 1,Agordo,2016-05-01,https://www.fidal.it/atleta/CAPRETTA-Francesco/eKmRlJagcWY%3D,https://www.fidal.it/societa/ANA-ATL-FELTRE/BL012
318,1.3,VISCA Gianmarco,1995,AM,ANA ATL.FELTRE,2 su- 1,Cervia,2011-09-10,https://www.fidal.it/atleta/VISCA-Gianmarco/eKmRlJOnbWQ%3D,https://www.fidal.it/societa/ANA-ATL-FELTRE/BL012
315,1.05,FILOSA Annalisa,1999,EF,ANA ATL.FELTRE,4 se- 1,Belluno,2009-05-02,https://www.fidal.it/atleta/FILOSA-Annalisa/eKmRlJSjb2w%3D,https://www.fidal.it/societa/ANA-ATL-FELTRE/BL012
310,1.29,SCOPEL Nicola,2008,CM,ANA ATL.FELTRE,7 su- 1,Agordo,2023-06-25,https://www.fidal.it/atleta/SCOPEL-Nicola/eKmRlJeocGY%3D,https://www.fidal.it/societa/ANA-ATL-FELTRE/BL012
310,1.29,PETITTO Leonardo,2008,CM,ANA ATL.FELTRE,8 su- 1,Alpago,2022-06-19,https://www.fidal.it/atleta/PETITTO-Leonardo/eKmRlJijbmQ%3D,https://www.fidal.it/societa/ANA-ATL-FELTRE/BL012
277,1.25,FAORO Thomas,2003,CM,ANA ATL.FELTRE,5 su- 1,Agordo,2017-04-29,https://www.fidal.it/atleta/FAORO-Thomas/eKmRlJeobGs%3D,https://www.fidal.it/societa/ANA-ATL-FELTRE/BL012
277,1.25,DITTURA Alessandro,1999,CM,ANA ATL.FELTRE,5 se- 1,Belluno,2013-05-11,https://www.fidal.it/atleta/DITTURA-Alessandro/eKmRlJafamo%3D,https://www.fidal.it/societa/ANA-ATL-FELTRE/BL012
277,1.25,SCOPEL Nicola,2008,CM,ANA ATL.FELTRE,9 su- 1,Feltre,2022-10-01,https://www.fidal.it/atleta/SCOPEL-Nicola/eKmRlJeocGY%3D,https://www.fidal.it/societa/ANA-ATL-FELTRE/BL012
269,1.0,ZAPPIA Laura,2001,EF,ANA ATL.FELTRE,9 se- 1,Domegge Di Cadore,2012-09-15,https://www.fidal.it/atleta/ZAPPIA-Laura/eKmRlJSjcGc%3D,https://www.fidal.it/societa/ANA-ATL-FELTRE/BL012
260,1.23,CORSO Lorenzo,1999,CM,ANA ATL.FELTRE,17 se- 1,Valesella Di Cadore,2014-05-03,https://www.fidal.it/atleta/CORSO-Lorenzo/eKmRlJWkbWc%3D,https://www.fidal.it/societa/ANA-ATL-FELTRE/BL012
235,1.2,COLLE Nicola,1996,CM,ANA ATL.FELTRE,10 se- 1,Feltre,2010-05-15,https://www.fidal.it/atleta/COLLE-Nicola/eKmRlJSla2o%3D,https://www.fidal.it/societa/ANA-ATL-FELTRE/BL012
235,1.2,PIZZOLOTTO Edoardo,1996,CM,ANA ATL.FELTRE,12 se- 1,Feltre,2010-05-15,https://www.fidal.it/atleta/PIZZOLOTTO-Edoardo/eKmRlJOnb2o%3D,https://www.fidal.it/societa/ANA-ATL-FELTRE/BL012
194,1.15,BOLZONELLO Sebastiano,2002,CM,ANA ATL.FELTRE,21 se- 1,Agordo,2016-05-01,https://www.fidal.it/atleta/BOLZONELLO-Sebastiano/eKmRlJaocWU%3D,https://www.fidal.it/societa/ANA-ATL-FELTRE/BL012
186,1.14,MAHJOUBI Amir mattia,2000,CM,ANA ATL.FELTRE,20 se- 1,Valesella Di Cadore,2014-05-03,https://www.fidal.it/atleta/MAHJOUBI-Amir-mattia/eKmRlJWoaGo%3D,https://www.fidal.it/societa/ANA-ATL-FELTRE/BL012
154,1.1,GAVED Diego,2006,CM,ANA ATL.FELTRE,3 su- 1,Agordo,2021-04-25,https://www.fidal.it/atleta/GAVED-Diego/eKmRlJmkbWw%3D,https://www.fidal.it/societa/ANA-ATL-FELTRE/BL012
154,1.1,DE BACCO Tommaso,2006,CM,ANA ATL.FELTRE,4 su- 1,Agordo,2021-04-25,https://www.fidal.it/atleta/DE-BACCO-Tommaso/eKmRlJmkbWQ%3D,https://www.fidal.it/societa/ANA-ATL-FELTRE/BL012
113,1.05,STACH Nicola,1998,EM,ANA ATL.FELTRE,3 se- 1,Feltre,2009-09-12,https://www.fidal.it/atleta/STACH-Nicola/eKmRlJKob2U%3D,https://www.fidal.it/societa/ANA-ATL-FELTRE/BL012
113,1.05,ZAPPIA Matteo,1998,EM,ANA ATL.FELTRE,6 se- 1,Belluno,2009-05-02,https://www.fidal.it/atleta/ZAPPIA-Matteo/eKmRlJSjcGM%3D,https://www.fidal.it/societa/ANA-ATL-FELTRE/BL012
89,0.8,FILOSA Annalisa,1999,EF,ANA ATL.FELTRE,22 se- 1,Belluno,2009-10-17,https://www.fidal.it/atleta/FILOSA-Annalisa/eKmRlJSjb2w%3D,https://www.fidal.it/societa/ANA-ATL-FELTRE/BL012
72,1.0,ZAPPIA Matteo,1998,EM,ANA ATL.FELTRE,7 se- 1,Belluno,2009-10-17,https://www.fidal.it/atleta/ZAPPIA-Matteo/eKmRlJSjcGM%3D,https://www.fidal.it/societa/ANA-ATL-FELTRE/BL012
32,0.95,STACH Piero,2001,EM,ANA ATL.FELTRE,12 se- 1,Vallesella Di Cadore,2012-05-05,https://www.fidal.it/atleta/STACH-Piero/eKmRlJSjcWM%3D,https://www.fidal.it/societa/ANA-ATL-FELTRE/BL012
32,0.95,STACH Nicola,1998,EM,ANA ATL.FELTRE,14 se- 1,Belluno,2009-05-02,https://www.fidal.it/atleta/STACH-Nicola/eKmRlJKob2U%3D,https://www.fidal.it/societa/ANA-ATL-FELTRE/BL012
